<?xml version="1.0" encoding="utf-8"?>
<!-- Generator: Adobe Illustrator 23.1.1, SVG Export Plug-In . SVG Version: 6.00 Build 0)  -->
<svg version="1.1" id="Layer_1" xmlns="http://www.w3.org/2000/svg" xmlns:xlink="http://www.w3.org/1999/xlink" x="0px" y="0px"
	 viewBox="0 0 583 583" style="enable-background:new 0 0 583 583;" xml:space="preserve">
<style type="text/css">
	.st0{fill:none;stroke:#C7C7C7;stroke-width:4;stroke-miterlimit:10;}
	.st1{fill:none;stroke:#C7C7C7;stroke-width:4;stroke-linecap:round;stroke-miterlimit:10;}
	.st2{fill:#C7C7C7;}
	.st3{fill:none;stroke:#B21212;stroke-width:4;stroke-linecap:round;stroke-miterlimit:10;}
</style>
<title>Slipstream-splash-spinner</title>
<path class="st0" d="M522,130.7c31.8,45.6,50.5,101,50.5,160.8c0,155.2-125.8,281-281,281s-281-125.8-281-281s125.8-281,281-281
	c62,0,119.3,20.1,165.7,54"/>
<g>
	<path class="st0" d="M458.5,65.6l-0.7,0.7c-6,6-6,15.6,0,21.6l9.7,9.7l22.3-22.3l-9.7-9.7C474.1,59.7,464.5,59.7,458.5,65.6z"/>
	<path class="st0" d="M521.4,130l0.7-0.7c6-6,6-15.6,0-21.6l-9.7-9.7l-22.3,22.3l9.7,9.7C505.8,136,515.5,136,521.4,130z"/>
	<path class="st0" d="M483,101.9l-0.1,0.1c-1,1-2.6,1-3.6,0l-8.1-8.1l3.7-3.7l8.1,8.1C484,99.3,484,100.9,483,101.9z"/>
	<path class="st0" d="M494.2,90.7l-0.1,0.1c-1,1-2.6,1-3.6,0l-8.1-8.1L486,79l8.1,8.1C495.2,88.1,495.2,89.7,494.2,90.7z"/>
	<line class="st1" x1="467.7" y1="84.2" x2="476.4" y2="75.5"/>
	<line class="st1" x1="465.8" y1="77.4" x2="469.5" y2="73.7"/>
	<circle class="st2" cx="512.7" cy="120.5" r="3"/>
	<line class="st3" x1="451.1" y1="110.5" x2="463.4" y2="109.6"/>
	<line class="st3" x1="478.9" y1="125.1" x2="478.1" y2="137.4"/>
	<line class="st3" x1="471.8" y1="116.7" x2="459.8" y2="128.7"/>
	<line class="st3" x1="502.4" y1="59.2" x2="501.5" y2="71.5"/>
	<line class="st3" x1="517" y1="87" x2="529.3" y2="86.2"/>
	<line class="st3" x1="508.6" y1="79.9" x2="520.6" y2="67.9"/>
</g>
</svg>
