<?xml version="1.0" encoding="utf-8"?><edmx:Edmx Version="1.0" xmlns:edmx="http://schemas.microsoft.com/ado/2007/06/edmx" xmlns:m="http://schemas.microsoft.com/ado/2007/08/dataservices/metadata" xmlns:sap="http://www.sap.com/Protocols/SAPData"><edmx:DataServices m:DataServiceVersion="2.0"><Schema Namespace="Z_YOTCOM_NPS_SURVEY_SRV" xml:lang="en" sap:schema-version="1" xmlns="http://schemas.microsoft.com/ado/2008/09/edm"><Annotation Term="Core.SchemaVersion" String="1.0.0" xmlns="http://docs.oasis-open.org/odata/ns/edm"/><EntityType Name="user" sap:content-version="1"><Key><PropertyRef Name="Bname"/></Key><Property Name="market_key" Type="Edm.String" Nullable="false" MaxLength="10" sap:unicode="false" sap:label="MarketKey" sap:creatable="false" sap:updatable="false" sap:sortable="false" sap:filterable="false"/><Property Name="market_value" Type="Edm.String" Nullable="false" MaxLength="60" sap:unicode="false" sap:label="MarketValue" sap:creatable="false" sap:updatable="false" sap:sortable="false" sap:filterable="false"/><Property Name="brand_key" Type="Edm.String" Nullable="false" MaxLength="10" sap:unicode="false" sap:label="BrandKey" sap:creatable="false" sap:updatable="false" sap:sortable="false" sap:filterable="false"/><Property Name="brand_value" Type="Edm.String" Nullable="false" MaxLength="60" sap:unicode="false" sap:label="BrandValue" sap:creatable="false" sap:updatable="false" sap:sortable="false" sap:filterable="false"/><Property Name="bis_un_key" Type="Edm.String" Nullable="false" MaxLength="10" sap:unicode="false" sap:label="Bis_unKey" sap:creatable="false" sap:updatable="false" sap:sortable="false" sap:filterable="false"/><Property Name="bis_un_value" Type="Edm.String" Nullable="false" MaxLength="60" sap:unicode="false" sap:label="Bis_unValue" sap:creatable="false" sap:updatable="false" sap:sortable="false" sap:filterable="false"/><Property Name="show_nps" Type="Edm.String" Nullable="false" MaxLength="1" sap:unicode="false" sap:label="SHWONPS" sap:creatable="false" sap:updatable="false" sap:sortable="false" sap:filterable="false"/><Property Name="Bname" Type="Edm.String" Nullable="false" MaxLength="12" sap:unicode="false" sap:label="User" sap:creatable="false" sap:updatable="false" sap:sortable="false" sap:filterable="false"/></EntityType><EntityType Name="market_list" sap:content-version="1"><Key><PropertyRef Name="KeyField"/><PropertyRef Name="TextField"/></Key><Property Name="KeyField" Type="Edm.String" Nullable="false" MaxLength="10" sap:unicode="false" sap:label="Lower Value" sap:creatable="false" sap:updatable="false" sap:sortable="false" sap:filterable="false"/><Property Name="TextField" Type="Edm.String" Nullable="false" MaxLength="60" sap:unicode="false" sap:label="Short Description" sap:creatable="false" sap:updatable="false" sap:sortable="false" sap:filterable="false"/></EntityType><EntityType Name="brand_list" sap:content-version="1"><Key><PropertyRef Name="KeyField"/><PropertyRef Name="TextField"/></Key><Property Name="KeyField" Type="Edm.String" Nullable="false" MaxLength="10" sap:unicode="false" sap:label="Lower Value" sap:creatable="false" sap:updatable="false" sap:sortable="false" sap:filterable="false"/><Property Name="TextField" Type="Edm.String" Nullable="false" MaxLength="60" sap:unicode="false" sap:label="Short Description" sap:creatable="false" sap:updatable="false" sap:sortable="false" sap:filterable="false"/></EntityType><EntityType Name="client_list" sap:content-version="1"><Key><PropertyRef Name="KeyField"/><PropertyRef Name="TextField"/></Key><Property Name="KeyField" Type="Edm.String" Nullable="false" MaxLength="10" sap:unicode="false" sap:label="Lower Value" sap:creatable="false" sap:updatable="false" sap:sortable="false" sap:filterable="false"/><Property Name="TextField" Type="Edm.String" Nullable="false" MaxLength="60" sap:unicode="false" sap:label="Short Description" sap:creatable="false" sap:updatable="false" sap:sortable="false" sap:filterable="false"/></EntityType><EntityType Name="create_survey" sap:content-version="1"><Key><PropertyRef Name="User"/><PropertyRef Name="MarketKey"/><PropertyRef Name="MarketValue"/><PropertyRef Name="BrandKey"/><PropertyRef Name="BrandValue"/><PropertyRef Name="Bis_unKey"/><PropertyRef Name="Bis_unValue"/><PropertyRef Name="ClientKey"/><PropertyRef Name="ClientValue"/><PropertyRef Name="Score"/><PropertyRef Name="Comment"/><PropertyRef Name="Optional"/></Key><Property Name="User" Type="Edm.String" Nullable="false" MaxLength="12" sap:unicode="false" sap:label="User" sap:creatable="false" sap:updatable="false" sap:sortable="false" sap:filterable="false"/><Property Name="MarketKey" Type="Edm.String" Nullable="false" sap:unicode="false" sap:label="MarketKey" sap:creatable="false" sap:updatable="false" sap:sortable="false" sap:filterable="false"/><Property Name="MarketValue" Type="Edm.String" Nullable="false" sap:unicode="false" sap:label="MarketValue" sap:creatable="false" sap:updatable="false" sap:sortable="false" sap:filterable="false"/><Property Name="BrandKey" Type="Edm.String" Nullable="false" sap:unicode="false" sap:label="BrandKey" sap:creatable="false" sap:updatable="false" sap:sortable="false" sap:filterable="false"/><Property Name="BrandValue" Type="Edm.String" Nullable="false" sap:unicode="false" sap:label="BrandValue" sap:creatable="false" sap:updatable="false" sap:sortable="false" sap:filterable="false"/><Property Name="Bis_unKey" Type="Edm.String" Nullable="false" sap:unicode="false" sap:label="Bis_unKey" sap:creatable="false" sap:updatable="false" sap:sortable="false" sap:filterable="false"/><Property Name="Bis_unValue" Type="Edm.String" Nullable="false" sap:unicode="false" sap:label="Bis_unValue" sap:creatable="false" sap:updatable="false" sap:sortable="false" sap:filterable="false"/><Property Name="ClientKey" Type="Edm.String" Nullable="false" sap:unicode="false" sap:label="ClientKey" sap:creatable="false" sap:updatable="false" sap:sortable="false" sap:filterable="false"/><Property Name="ClientValue" Type="Edm.String" Nullable="false" sap:unicode="false" sap:label="ClientValue" sap:creatable="false" sap:updatable="false" sap:sortable="false" sap:filterable="false"/><Property Name="Score" Type="Edm.String" Nullable="false" MaxLength="2" sap:unicode="false" sap:label="Score" sap:creatable="false" sap:updatable="false" sap:sortable="false" sap:filterable="false"/><Property Name="Comment" Type="Edm.String" Nullable="false" sap:unicode="false" sap:label="Comment" sap:creatable="false" sap:updatable="false" sap:sortable="false" sap:filterable="false"/><Property Name="Optional" Type="Edm.String" Nullable="false" sap:unicode="false" sap:label="Optional" sap:creatable="false" sap:updatable="false" sap:sortable="false" sap:filterable="false"/></EntityType><EntityType Name="bis_un_list" sap:content-version="1"><Key><PropertyRef Name="KeyField"/><PropertyRef Name="TextField"/></Key><Property Name="KeyField" Type="Edm.String" Nullable="false" MaxLength="10" sap:unicode="false" sap:label="Lower Value" sap:creatable="false" sap:updatable="false" sap:sortable="false" sap:filterable="false"/><Property Name="TextField" Type="Edm.String" Nullable="false" MaxLength="60" sap:unicode="false" sap:label="Short Description" sap:creatable="false" sap:updatable="false" sap:sortable="false" sap:filterable="false"/></EntityType><EntityContainer Name="Z_YOTCOM_NPS_SURVEY_SRV_Entities" m:IsDefaultEntityContainer="true" sap:supported-formats="atom json xlsx"><EntitySet Name="userSet" EntityType="Z_YOTCOM_NPS_SURVEY_SRV.user" sap:creatable="false" sap:updatable="false" sap:deletable="false" sap:pageable="false" sap:content-version="1"/><EntitySet Name="market_listSet" EntityType="Z_YOTCOM_NPS_SURVEY_SRV.market_list" sap:creatable="false" sap:updatable="false" sap:deletable="false" sap:pageable="false" sap:content-version="1"/><EntitySet Name="brand_listSet" EntityType="Z_YOTCOM_NPS_SURVEY_SRV.brand_list" sap:creatable="false" sap:updatable="false" sap:deletable="false" sap:pageable="false" sap:content-version="1"/><EntitySet Name="client_listSet" EntityType="Z_YOTCOM_NPS_SURVEY_SRV.client_list" sap:creatable="false" sap:updatable="false" sap:deletable="false" sap:pageable="false" sap:content-version="1"/><EntitySet Name="create_surveySet" EntityType="Z_YOTCOM_NPS_SURVEY_SRV.create_survey" sap:creatable="false" sap:updatable="false" sap:deletable="false" sap:pageable="false" sap:addressable="false" sap:content-version="1"/><EntitySet Name="bis_un_listSet" EntityType="Z_YOTCOM_NPS_SURVEY_SRV.bis_un_list" sap:creatable="false" sap:updatable="false" sap:deletable="false" sap:pageable="false" sap:addressable="false" sap:content-version="1"/></EntityContainer><atom:link rel="self" href="https://IERP-ZC1.PCE.IBM.COM:44391/sap/opu/odata/sap/Z_YOTCOM_NPS_SURVEY_SRV/$metadata" xmlns:atom="http://www.w3.org/2005/Atom"/><atom:link rel="latest-version" href="https://IERP-ZC1.PCE.IBM.COM:44391/sap/opu/odata/sap/Z_YOTCOM_NPS_SURVEY_SRV/$metadata" xmlns:atom="http://www.w3.org/2005/Atom"/></Schema></edmx:DataServices></edmx:Edmx>