<?xml version="1.0" encoding="utf-8"?><edmx:Edmx Version="1.0" xmlns:edmx="http://schemas.microsoft.com/ado/2007/06/edmx" xmlns:m="http://schemas.microsoft.com/ado/2007/08/dataservices/metadata" xmlns:sap="http://www.sap.com/Protocols/SAPData"><edmx:Reference Uri="https://IERP-ZC1.PCE.IBM.COM:44391/sap/opu/odata/iwfnd/catalogservice;v=2/Vocabularies(TechnicalName='%2FIWBEP%2FVOC_AGGREGATION',Version='0001',SAP__Origin='')/$value" xmlns:edmx="http://docs.oasis-open.org/odata/ns/edmx"><edmx:Include Namespace="Org.OData.Aggregation.V1" Alias="Aggregation"/></edmx:Reference><edmx:Reference Uri="https://IERP-ZC1.PCE.IBM.COM:44391/sap/opu/odata/iwfnd/catalogservice;v=2/Vocabularies(TechnicalName='%2FIWBEP%2FVOC_ANALYTICS',Version='0001',SAP__Origin='')/$value" xmlns:edmx="http://docs.oasis-open.org/odata/ns/edmx"><edmx:Include Namespace="com.sap.vocabularies.Analytics.v1" Alias="Analytics"/></edmx:Reference><edmx:Reference Uri="https://IERP-ZC1.PCE.IBM.COM:44391/sap/opu/odata/iwfnd/catalogservice;v=2/Vocabularies(TechnicalName='%2FIWBEP%2FVOC_CAPABILITIES',Version='0001',SAP__Origin='')/$value" xmlns:edmx="http://docs.oasis-open.org/odata/ns/edmx"><edmx:Include Namespace="Org.OData.Capabilities.V1" Alias="Capabilities"/></edmx:Reference><edmx:Reference Uri="https://IERP-ZC1.PCE.IBM.COM:44391/sap/opu/odata/iwfnd/catalogservice;v=2/Vocabularies(TechnicalName='%2FIWBEP%2FVOC_CODELIST',Version='0001',SAP__Origin='')/$value" xmlns:edmx="http://docs.oasis-open.org/odata/ns/edmx"><edmx:Include Namespace="com.sap.vocabularies.CodeList.v1" Alias="SAP__CodeList"/></edmx:Reference><edmx:Reference Uri="https://IERP-ZC1.PCE.IBM.COM:44391/sap/opu/odata/iwfnd/catalogservice;v=2/Vocabularies(TechnicalName='%2FIWBEP%2FVOC_COMMON',Version='0001',SAP__Origin='')/$value" xmlns:edmx="http://docs.oasis-open.org/odata/ns/edmx"><edmx:Include Namespace="com.sap.vocabularies.Common.v1" Alias="Common"/><edmx:Include Namespace="com.sap.vocabularies.Common.v1" Alias="SAP__common"/></edmx:Reference><edmx:Reference Uri="https://IERP-ZC1.PCE.IBM.COM:44391/sap/opu/odata/iwfnd/catalogservice;v=2/Vocabularies(TechnicalName='%2FIWBEP%2FVOC_COMMUNICATION',Version='0001',SAP__Origin='')/$value" xmlns:edmx="http://docs.oasis-open.org/odata/ns/edmx"><edmx:Include Namespace="com.sap.vocabularies.Communication.v1" Alias="Communication"/></edmx:Reference><edmx:Reference Uri="https://IERP-ZC1.PCE.IBM.COM:44391/sap/opu/odata/iwfnd/catalogservice;v=2/Vocabularies(TechnicalName='%2FIWBEP%2FVOC_CORE',Version='0001',SAP__Origin='')/$value" xmlns:edmx="http://docs.oasis-open.org/odata/ns/edmx"><edmx:Include Namespace="Org.OData.Core.V1" Alias="SAP__core"/></edmx:Reference><edmx:Reference Uri="https://IERP-ZC1.PCE.IBM.COM:44391/sap/opu/odata/iwfnd/catalogservice;v=2/Vocabularies(TechnicalName='%2FIWBEP%2FVOC_MEASURES',Version='0001',SAP__Origin='')/$value" xmlns:edmx="http://docs.oasis-open.org/odata/ns/edmx"><edmx:Include Namespace="Org.OData.Measures.V1" Alias="Measures"/></edmx:Reference><edmx:Reference Uri="https://IERP-ZC1.PCE.IBM.COM:44391/sap/opu/odata/iwfnd/catalogservice;v=2/Vocabularies(TechnicalName='%2FIWBEP%2FVOC_PDF',Version='0001',SAP__Origin='')/$value" xmlns:edmx="http://docs.oasis-open.org/odata/ns/edmx"><edmx:Include Namespace="com.sap.vocabularies.PDF.v1" Alias="SAP__PDF"/></edmx:Reference><edmx:Reference Uri="https://IERP-ZC1.PCE.IBM.COM:44391/sap/opu/odata/iwfnd/catalogservice;v=2/Vocabularies(TechnicalName='%2FIWBEP%2FVOC_PERSONALDATA',Version='0001',SAP__Origin='')/$value" xmlns:edmx="http://docs.oasis-open.org/odata/ns/edmx"><edmx:Include Namespace="com.sap.vocabularies.PersonalData.v1" Alias="PersonalData"/></edmx:Reference><edmx:Reference Uri="https://IERP-ZC1.PCE.IBM.COM:44391/sap/opu/odata/iwfnd/catalogservice;v=2/Vocabularies(TechnicalName='%2FIWBEP%2FVOC_UI',Version='0001',SAP__Origin='')/$value" xmlns:edmx="http://docs.oasis-open.org/odata/ns/edmx"><edmx:Include Namespace="com.sap.vocabularies.UI.v1" Alias="UI"/></edmx:Reference><edmx:Reference Uri="https://IERP-ZC1.PCE.IBM.COM:44391/sap/opu/odata/iwfnd/catalogservice;v=2/Vocabularies(TechnicalName='%2FIWBEP%2FVOC_VALIDATION',Version='0001',SAP__Origin='')/$value" xmlns:edmx="http://docs.oasis-open.org/odata/ns/edmx"><edmx:Include Namespace="Org.OData.Validation.V1" Alias="Validation"/></edmx:Reference><edmx:Reference Uri="https://IERP-ZC1.PCE.IBM.COM:44391/sap/opu/odata/iwfnd/catalogservice;v=2/Vocabularies(TechnicalName='SAP__SELF',Version='0001',SAP__Origin='')/$value" xmlns:edmx="http://docs.oasis-open.org/odata/ns/edmx"><edmx:Include Namespace="com.sap.vocabularies.PDF.v1" Alias="SAP__PDF"/></edmx:Reference><edmx:DataServices m:DataServiceVersion="2.0"><Schema Namespace="cds_c_sitninstancetp_cds" xml:lang="en" sap:schema-version="1" xmlns="http://schemas.microsoft.com/ado/2008/09/edm"><Annotation Term="Core.SchemaVersion" String="1.0.0" xmlns="http://docs.oasis-open.org/odata/ns/edm"/><EntityType Name="C_SitnInstanceTPType" sap:label="Enhanced SIT Instance Consumption" sap:content-version="1"><Key><PropertyRef Name="SitnInstanceID"/></Key><Property Name="SelectPageVariant_ac" Type="Edm.Boolean" sap:label="Dyn. Action Control" sap:creatable="false" sap:updatable="false" sap:sortable="false" sap:filterable="false"/><Property Name="SetStatusToDone_ac" Type="Edm.Boolean" sap:label="Dyn. Action Control" sap:creatable="false" sap:updatable="false" sap:sortable="false" sap:filterable="false"/><Property Name="TrackInstanceDisplayed_ac" Type="Edm.Boolean" sap:label="Dyn. Action Control" sap:creatable="false" sap:updatable="false" sap:sortable="false" sap:filterable="false"/><Property Name="TrackInstanceIndicated_ac" Type="Edm.Boolean" sap:label="Dyn. Action Control" sap:creatable="false" sap:updatable="false" sap:sortable="false" sap:filterable="false"/><Property Name="TrackInstancePreviewed_ac" Type="Edm.Boolean" sap:label="Dyn. Action Control" sap:creatable="false" sap:updatable="false" sap:sortable="false" sap:filterable="false"/><Property Name="TrackInstceDspdFrmMngSitnTypes_ac" Type="Edm.Boolean" sap:label="Dyn. Action Control" sap:creatable="false" sap:updatable="false" sap:sortable="false" sap:filterable="false"/><Property Name="TrackInstceDspdFrmMySituations_ac" Type="Edm.Boolean" sap:label="Dyn. Action Control" sap:creatable="false" sap:updatable="false" sap:sortable="false" sap:filterable="false"/><Property Name="TrackInstceDspdFrmNotification_ac" Type="Edm.Boolean" sap:label="Dyn. Action Control" sap:creatable="false" sap:updatable="false" sap:sortable="false" sap:filterable="false"/><Property Name="SitnInstanceID" Type="Edm.String" Nullable="false" MaxLength="32" sap:display-format="UpperCase" sap:label="Instance ID"/><Property Name="SitnDefinitionID" Type="Edm.String" MaxLength="32" sap:label="Situation Type ID"/><Property Name="SitnInstceAnchorObjectKey" Type="Edm.String" MaxLength="70" sap:display-format="UpperCase" sap:label="Anchor Obj. Key" sap:quickinfo="Anchor Object Key"/><Property Name="SitnInstceTriggerObjectKey" Type="Edm.String" MaxLength="70" sap:display-format="UpperCase" sap:label="Trigger Obj. Key" sap:quickinfo="Trigger Object Key"/><Property Name="CreationDateTime" Type="Edm.DateTimeOffset" Precision="7" sap:label="Occurred"/><Property Name="SitnDefRank" Type="Edm.String" MaxLength="2" sap:display-format="UpperCase" sap:label="Display Sequence"/><Property Name="SitnDefAnchorObject" Type="Edm.String" MaxLength="30" sap:label="Anchor Object" sap:quickinfo="Situation Anchor Object Type"/><Property Name="SitnDefPageVariantIsEnabled" Type="Edm.Boolean" sap:display-format="UpperCase" sap:label="Page Var. Enabled" sap:quickinfo="Page Variants Enabled"/><Property Name="SitnDefTemplateID" Type="Edm.String" MaxLength="32" sap:label="Sitn Template ID" sap:quickinfo="Situation Standard Template ID"/><Property Name="SitnFioriID" Type="Edm.String" MaxLength="6" sap:display-format="UpperCase" sap:label="SAP Fiori ID"/><Property Name="SitnPageID" Type="Edm.String" MaxLength="32" sap:label="Page ID"/><Property Name="SitnElementID" Type="Edm.String" MaxLength="32" sap:label="Element ID"/><Property Name="SitnDefShortText" Type="Edm.String" MaxLength="40" sap:label="Sitn Short Text" sap:quickinfo="Short Text for Message and Notification"/><Property Name="SitnDefLongText" Type="Edm.String" MaxLength="255" sap:label="Situation Type Long Text" sap:heading=""/><Property Name="SitnDefDetailsLink" Type="Edm.String" MaxLength="255" sap:label="URL to Documentation" sap:quickinfo="URL to More Information About the Situation"/><Property Name="SitnDefDetailsLinkText" Type="Edm.String" MaxLength="100" sap:label="Detail Link" sap:quickinfo="Situation Details Link Text"/><Property Name="SitnDefName" Type="Edm.String" MaxLength="40" sap:label="Situation Name" sap:quickinfo="Situation Type Name"/><Property Name="SitnTriggerObjectKeyField" Type="Edm.String" MaxLength="30" sap:label="Trigger Object"/><Property Name="SitnDefPageVariantID" Type="Edm.String" MaxLength="32" sap:label="Page Variant ID" sap:quickinfo="Page Variant ID for Notification"/><NavigationProperty Name="to_ApplicationTag" Relationship="cds_c_sitninstancetp_cds.assoc_9443BABBF4216354350E56278ADF2156" FromRole="FromRole_assoc_9443BABBF4216354350E56278ADF2156" ToRole="ToRole_assoc_9443BABBF4216354350E56278ADF2156"/><NavigationProperty Name="to_InstanceMessageParameter" Relationship="cds_c_sitninstancetp_cds.assoc_D3F1770D4B6942B64C1E997345B42D31" FromRole="FromRole_assoc_D3F1770D4B6942B64C1E997345B42D31" ToRole="ToRole_assoc_D3F1770D4B6942B64C1E997345B42D31"/></EntityType><EntityType Name="C_SitnInstceMessageParameterType" sap:label="Situation Instance Message Parameter" sap:content-version="1"><Key><PropertyRef Name="SitnInstanceID"/><PropertyRef Name="SitnMsgTextVersion"/><PropertyRef Name="SitnMsgParamName"/></Key><Property Name="SitnInstanceID" Type="Edm.String" Nullable="false" MaxLength="32" sap:display-format="UpperCase" sap:label="Instance ID"/><Property Name="SitnMsgTextVersion" Type="Edm.Int32" Nullable="false" sap:label="Version Msg. Details" sap:quickinfo="Version of Message Details"/><Property Name="SitnMsgParamName" Type="Edm.String" Nullable="false" MaxLength="5" sap:label="Notif. Placeholder" sap:quickinfo="Notification Text Placeholder"/><Property Name="SitnMsgParamVal" Type="Edm.String" sap:label="Notif Parameter Val" sap:quickinfo="Notification parameter value used during template processing"/><Property Name="SitnMsgParamType" Type="Edm.String" MaxLength="20" sap:label="Parameter Value Type" sap:quickinfo="Notif parameter value type used during template processing"/><Property Name="SitnDefinitionID" Type="Edm.String" MaxLength="32" sap:label="Situation Type ID"/></EntityType><EntityType Name="C_SitnInstceNavigationType" sap:label="Instance-based navigation to object page" sap:content-version="1"><Key><PropertyRef Name="SitnInstanceID"/></Key><Property Name="SitnInstanceID" Type="Edm.String" Nullable="false" MaxLength="32" sap:display-format="UpperCase" sap:label="Instance ID"/><Property Name="SitnSemanticObject" Type="Edm.String" MaxLength="50" sap:label="Semantic Object" sap:quickinfo="Semantic Object for Notification"/><Property Name="SitnSemanticObjectAction" Type="Edm.String" MaxLength="50" sap:label="Semantic Obj. Action" sap:quickinfo="Semantic Object Action for Notification"/><NavigationProperty Name="to_NavigationParam" Relationship="cds_c_sitninstancetp_cds.assoc_D319EB1F7C42589BC88BFFABE54659E6" FromRole="FromRole_assoc_D319EB1F7C42589BC88BFFABE54659E6" ToRole="ToRole_assoc_D319EB1F7C42589BC88BFFABE54659E6"/></EntityType><EntityType Name="C_SitnInstceNavigationParamType" sap:label="Situation Instance Navigation Parameters" sap:content-version="1"><Key><PropertyRef Name="SitnInstanceID"/><PropertyRef Name="SituationNotifParamName"/></Key><Property Name="SitnInstanceID" Type="Edm.String" Nullable="false" MaxLength="32" sap:display-format="UpperCase" sap:label="Instance ID"/><Property Name="SituationNotifParamName" Type="Edm.String" Nullable="false" MaxLength="32" sap:label="Navigation Parameter" sap:quickinfo="Name of Notification Navigation Parameter"/><Property Name="SituationNotifParameterVal" Type="Edm.String" sap:label="Notif Parameter Val" sap:quickinfo="Notification parameter value used during template processing"/><Property Name="SitnDefinitionID" Type="Edm.String" MaxLength="32" sap:label="Situation Type ID"/></EntityType><EntityType Name="C_SitnRelatedSituationType" sap:label="Related Situation" sap:content-version="1"><Key><PropertyRef Name="SitnInstanceID"/><PropertyRef Name="SitnDefRelatedObjectID"/></Key><Property Name="SitnInstanceID" Type="Edm.String" Nullable="false" MaxLength="32" sap:display-format="UpperCase" sap:label="Instance ID"/><Property Name="SitnDefRelatedObjectID" Type="Edm.String" Nullable="false" MaxLength="4" sap:display-format="NonNegative" sap:label="Related Object ID" sap:quickinfo="Related Object ID for Situation Type"/><Property Name="SitnDefinitionID" Type="Edm.String" MaxLength="32" sap:label="Situation Type ID"/><Property Name="SitnInstceReltdObjKey" Type="Edm.String" MaxLength="70" sap:display-format="UpperCase" sap:label="Related Object Key"/><Property Name="SitnDefReltdObjSOT" Type="Edm.String" MaxLength="30" sap:label="SAP Object Type"/><Property Name="SitnDefReltdObjSONT" Type="Edm.String" MaxLength="30" sap:label="SAP Obj Node Type" sap:quickinfo="SAP Object Node Type"/><Property Name="SitnInstceAnchorObjectKey" Type="Edm.String" MaxLength="70" sap:display-format="UpperCase" sap:label="Anchor Obj. Key" sap:quickinfo="Anchor Object Key"/><Property Name="SitnAnchorObjectReadableID" Type="Edm.String" MaxLength="70" sap:display-format="UpperCase" sap:label="Anchor Object Key" sap:quickinfo="Readable Anchor Object Key"/><Property Name="CreationDateTime" Type="Edm.DateTimeOffset" Precision="7" sap:label="Occurred"/><Property Name="SitnDefAnchorObjectDesc" Type="Edm.String" MaxLength="128" sap:label="Anchor Object Type" sap:quickinfo="Description of Anchor Object Type"/><Property Name="SitnDefShortText" Type="Edm.String" MaxLength="40" sap:label="Sitn Short Text" sap:quickinfo="Short Text for Message and Notification"/></EntityType><EntityType Name="I_SitnDefApplicationTagType" sap:label="Application Tag to Template assignment" sap:content-version="1"><Key><PropertyRef Name="SitnDefTemplateID"/><PropertyRef Name="SitnApplicationTag"/></Key><Property Name="SitnDefTemplateID" Type="Edm.String" Nullable="false" MaxLength="32" sap:label="Sitn Template ID" sap:quickinfo="Situation Standard Template ID"/><Property Name="SitnApplicationTag" Type="Edm.String" Nullable="false" MaxLength="32" sap:label="Application Tag"/></EntityType><EntityType Name="SAP__Currency" sap:content-version="1"><Key><PropertyRef Name="CurrencyCode"/></Key><Property Name="CurrencyCode" Type="Edm.String" Nullable="false" MaxLength="5" sap:label="Currency" sap:semantics="currency-code"/><Property Name="ISOCode" Type="Edm.String" Nullable="false" MaxLength="3" sap:label="ISO code"/><Property Name="Text" Type="Edm.String" Nullable="false" MaxLength="15" sap:label="Short text"/><Property Name="DecimalPlaces" Type="Edm.Byte" Nullable="false" sap:label="Decimals"/></EntityType><EntityType Name="SAP__UnitOfMeasure" sap:content-version="1"><Key><PropertyRef Name="UnitCode"/></Key><Property Name="UnitCode" Type="Edm.String" Nullable="false" MaxLength="3" sap:label="Internal UoM" sap:semantics="unit-of-measure"/><Property Name="ISOCode" Type="Edm.String" Nullable="false" MaxLength="3" sap:label="ISO Code"/><Property Name="ExternalCode" Type="Edm.String" Nullable="false" MaxLength="3" sap:label="Commercial"/><Property Name="Text" Type="Edm.String" Nullable="false" MaxLength="30" sap:label="Measurement Unit Txt"/><Property Name="DecimalPlaces" Type="Edm.Int16" sap:label="Decimal Places"/></EntityType><EntityType Name="SAP__DocumentDescription" sap:content-version="1"><Key><PropertyRef Name="Id"/></Key><Property Name="Id" Type="Edm.Guid" Nullable="false" sap:label="UUID"/><Property Name="CreatedBy" Type="Edm.String" Nullable="false" MaxLength="12"/><Property Name="CreatedAt" Type="Edm.DateTime" Nullable="false" Precision="0" sap:label="Time Stamp"/><Property Name="FileName" Type="Edm.String" Nullable="false" MaxLength="256"/><Property Name="Title" Type="Edm.String" Nullable="false" MaxLength="256"/><NavigationProperty Name="Format" Relationship="cds_c_sitninstancetp_cds.to_format" FromRole="FromRole_to_format" ToRole="ToRole_to_format"/><NavigationProperty Name="TableColumns" Relationship="cds_c_sitninstancetp_cds.to_tablecolumns" FromRole="FromRole_to_tablecolumns" ToRole="ToRole_to_tablecolumns"/><NavigationProperty Name="CoverPage" Relationship="cds_c_sitninstancetp_cds.to_coverpage" FromRole="FromRole_to_coverpage" ToRole="ToRole_to_coverpage"/><NavigationProperty Name="Signature" Relationship="cds_c_sitninstancetp_cds.to_signature" FromRole="FromRole_to_signature" ToRole="ToRole_to_signature"/><NavigationProperty Name="PDFStandard" Relationship="cds_c_sitninstancetp_cds.to_pdfstandard" FromRole="FromRole_to_pdfstandard" ToRole="ToRole_to_pdfstandard"/></EntityType><EntityType Name="SAP__Format" sap:content-version="1"><Key><PropertyRef Name="Id"/></Key><Property Name="FitToPage" Type="cds_c_sitninstancetp_cds.SAP__FitToPage" Nullable="false"/><Property Name="Id" Type="Edm.Guid" Nullable="false" sap:label="UUID" sap:creatable="false" sap:updatable="false" sap:sortable="false" sap:filterable="false"/><Property Name="FontSize" Type="Edm.Int32" Nullable="false" sap:creatable="false" sap:updatable="false" sap:sortable="false" sap:filterable="false"/><Property Name="Orientation" Type="Edm.String" Nullable="false" MaxLength="10" sap:creatable="false" sap:updatable="false" sap:sortable="false" sap:filterable="false"/><Property Name="PaperSize" Type="Edm.String" Nullable="false" MaxLength="10" sap:creatable="false" sap:updatable="false" sap:sortable="false" sap:filterable="false"/><Property Name="BorderSize" Type="Edm.Int32" Nullable="false" sap:creatable="false" sap:updatable="false" sap:sortable="false" sap:filterable="false"/><Property Name="MarginSize" Type="Edm.Int32" Nullable="false" sap:creatable="false" sap:updatable="false" sap:sortable="false" sap:filterable="false"/><Property Name="FontName" Type="Edm.String" Nullable="false" MaxLength="255" sap:label="Font Name" sap:creatable="false" sap:updatable="false" sap:sortable="false" sap:filterable="false"/></EntityType><EntityType Name="SAP__PDFStandard" sap:content-version="1"><Key><PropertyRef Name="Id"/></Key><Property Name="Id" Type="Edm.Guid" Nullable="false" sap:label="UUID" sap:creatable="false" sap:updatable="false" sap:sortable="false" sap:filterable="false"/><Property Name="UsePDFAConformance" Type="Edm.Boolean" Nullable="false" sap:creatable="false" sap:updatable="false" sap:sortable="false" sap:filterable="false"/><Property Name="DoEnableAccessibility" Type="Edm.Boolean" Nullable="false" sap:label="Indicator" sap:creatable="false" sap:updatable="false" sap:sortable="false" sap:filterable="false"/></EntityType><EntityType Name="SAP__TableColumns" sap:content-version="1"><Key><PropertyRef Name="Id"/><PropertyRef Name="Name"/><PropertyRef Name="Header"/></Key><Property Name="Id" Type="Edm.Guid" Nullable="false" sap:label="UUID" sap:creatable="false" sap:updatable="false" sap:sortable="false" sap:filterable="false"/><Property Name="Name" Type="Edm.String" Nullable="false" MaxLength="256" sap:creatable="false" sap:updatable="false" sap:sortable="false" sap:filterable="false"/><Property Name="Header" Type="Edm.String" Nullable="false" MaxLength="256" sap:creatable="false" sap:updatable="false" sap:sortable="false" sap:filterable="false"/><Property Name="HorizontalAlignment" Type="Edm.String" Nullable="false" MaxLength="10" sap:creatable="false" sap:updatable="false" sap:sortable="false" sap:filterable="false"/></EntityType><EntityType Name="SAP__CoverPage" sap:content-version="1"><Key><PropertyRef Name="Title"/><PropertyRef Name="Id"/><PropertyRef Name="Name"/></Key><Property Name="Title" Type="Edm.String" Nullable="false" MaxLength="256" sap:creatable="false" sap:updatable="false" sap:sortable="false" sap:filterable="false"/><Property Name="Id" Type="Edm.Guid" Nullable="false" sap:label="UUID" sap:creatable="false" sap:updatable="false" sap:sortable="false" sap:filterable="false"/><Property Name="Name" Type="Edm.String" Nullable="false" MaxLength="256" sap:creatable="false" sap:updatable="false" sap:sortable="false" sap:filterable="false"/><Property Name="Value" Type="Edm.String" Nullable="false" MaxLength="256" sap:creatable="false" sap:updatable="false" sap:sortable="false" sap:filterable="false"/></EntityType><EntityType Name="SAP__Signature" sap:content-version="1"><Key><PropertyRef Name="Id"/></Key><Property Name="Id" Type="Edm.Guid" Nullable="false" sap:label="UUID" sap:creatable="false" sap:updatable="false" sap:sortable="false" sap:filterable="false"/><Property Name="DoSign" Type="Edm.Boolean" Nullable="false" sap:label="Indicator" sap:creatable="false" sap:updatable="false" sap:sortable="false" sap:filterable="false"/><Property Name="Reason" Type="Edm.String" Nullable="false" MaxLength="256" sap:creatable="false" sap:updatable="false" sap:sortable="false" sap:filterable="false"/></EntityType><EntityType Name="SAP__ValueHelp" sap:content-version="1"><Key><PropertyRef Name="VALUEHELP"/></Key><Property Name="VALUEHELP" Type="Edm.String" Nullable="false"/><Property Name="FIELD_VALUE" Type="Edm.String" Nullable="false" MaxLength="10"/><Property Name="DESCRIPTION" Type="Edm.String"/></EntityType><ComplexType Name="DummyFunctionImportResult"><Property Name="IsInvalid" Type="Edm.Boolean" sap:label="TRUE"/></ComplexType><ComplexType Name="SAP__FitToPage"><Property Name="ErrorRecoveryBehavior" Type="Edm.String" Nullable="false" MaxLength="8" sap:label="Error behavior" sap:creatable="false" sap:updatable="false" sap:sortable="false" sap:filterable="false"/><Property Name="IsEnabled" Type="Edm.Boolean" Nullable="false" sap:creatable="false" sap:updatable="false" sap:sortable="false" sap:filterable="false"/><Property Name="MinimumFontSize" Type="Edm.Int32" Nullable="false" sap:creatable="false" sap:updatable="false" sap:sortable="false" sap:filterable="false"/></ComplexType><Association Name="to_format" sap:content-version="1"><End Type="cds_c_sitninstancetp_cds.SAP__DocumentDescription" Multiplicity="1" Role="FromRole_to_format"/><End Type="cds_c_sitninstancetp_cds.SAP__Format" Multiplicity="1" Role="ToRole_to_format"/><ReferentialConstraint><Principal Role="FromRole_to_format"><PropertyRef Name="Id"/></Principal><Dependent Role="ToRole_to_format"><PropertyRef Name="Id"/></Dependent></ReferentialConstraint></Association><Association Name="to_tablecolumns" sap:content-version="1"><End Type="cds_c_sitninstancetp_cds.SAP__DocumentDescription" Multiplicity="1" Role="FromRole_to_tablecolumns"/><End Type="cds_c_sitninstancetp_cds.SAP__TableColumns" Multiplicity="*" Role="ToRole_to_tablecolumns"/><ReferentialConstraint><Principal Role="FromRole_to_tablecolumns"><PropertyRef Name="Id"/></Principal><Dependent Role="ToRole_to_tablecolumns"><PropertyRef Name="Id"/></Dependent></ReferentialConstraint></Association><Association Name="to_coverpage" sap:content-version="1"><End Type="cds_c_sitninstancetp_cds.SAP__DocumentDescription" Multiplicity="1" Role="FromRole_to_coverpage"/><End Type="cds_c_sitninstancetp_cds.SAP__CoverPage" Multiplicity="*" Role="ToRole_to_coverpage"/><ReferentialConstraint><Principal Role="FromRole_to_coverpage"><PropertyRef Name="Id"/></Principal><Dependent Role="ToRole_to_coverpage"><PropertyRef Name="Id"/></Dependent></ReferentialConstraint></Association><Association Name="to_signature" sap:content-version="1"><End Type="cds_c_sitninstancetp_cds.SAP__DocumentDescription" Multiplicity="1" Role="FromRole_to_signature"/><End Type="cds_c_sitninstancetp_cds.SAP__Signature" Multiplicity="1" Role="ToRole_to_signature"/><ReferentialConstraint><Principal Role="FromRole_to_signature"><PropertyRef Name="Id"/></Principal><Dependent Role="ToRole_to_signature"><PropertyRef Name="Id"/></Dependent></ReferentialConstraint></Association><Association Name="to_pdfstandard" sap:content-version="1"><End Type="cds_c_sitninstancetp_cds.SAP__DocumentDescription" Multiplicity="1" Role="FromRole_to_pdfstandard"/><End Type="cds_c_sitninstancetp_cds.SAP__PDFStandard" Multiplicity="1" Role="ToRole_to_pdfstandard"/><ReferentialConstraint><Principal Role="FromRole_to_pdfstandard"><PropertyRef Name="Id"/></Principal><Dependent Role="ToRole_to_pdfstandard"><PropertyRef Name="Id"/></Dependent></ReferentialConstraint></Association><Association Name="assoc_D319EB1F7C42589BC88BFFABE54659E6" sap:content-version="1"><End Type="cds_c_sitninstancetp_cds.C_SitnInstceNavigationType" Multiplicity="1" Role="FromRole_assoc_D319EB1F7C42589BC88BFFABE54659E6"/><End Type="cds_c_sitninstancetp_cds.C_SitnInstceNavigationParamType" Multiplicity="*" Role="ToRole_assoc_D319EB1F7C42589BC88BFFABE54659E6"/></Association><Association Name="assoc_D3F1770D4B6942B64C1E997345B42D31" sap:content-version="1"><End Type="cds_c_sitninstancetp_cds.C_SitnInstanceTPType" Multiplicity="1" Role="FromRole_assoc_D3F1770D4B6942B64C1E997345B42D31"/><End Type="cds_c_sitninstancetp_cds.C_SitnInstceMessageParameterType" Multiplicity="*" Role="ToRole_assoc_D3F1770D4B6942B64C1E997345B42D31"/></Association><Association Name="assoc_9443BABBF4216354350E56278ADF2156" sap:content-version="1"><End Type="cds_c_sitninstancetp_cds.C_SitnInstanceTPType" Multiplicity="1" Role="FromRole_assoc_9443BABBF4216354350E56278ADF2156"/><End Type="cds_c_sitninstancetp_cds.I_SitnDefApplicationTagType" Multiplicity="*" Role="ToRole_assoc_9443BABBF4216354350E56278ADF2156"/></Association><EntityContainer Name="cds_c_sitninstancetp_cds_Entities" m:IsDefaultEntityContainer="true" sap:message-scope-supported="true" sap:supported-formats="atom json xlsx pdf"><EntitySet Name="SAP__Currencies" EntityType="cds_c_sitninstancetp_cds.SAP__Currency" sap:content-version="1"/><EntitySet Name="SAP__UnitsOfMeasure" EntityType="cds_c_sitninstancetp_cds.SAP__UnitOfMeasure" sap:content-version="1"/><EntitySet Name="SAP__MyDocumentDescriptions" EntityType="cds_c_sitninstancetp_cds.SAP__DocumentDescription" sap:content-version="1"/><EntitySet Name="SAP__FormatSet" EntityType="cds_c_sitninstancetp_cds.SAP__Format" sap:creatable="false" sap:updatable="false" sap:deletable="false" sap:pageable="false" sap:addressable="false" sap:content-version="1"/><EntitySet Name="SAP__PDFStandardSet" EntityType="cds_c_sitninstancetp_cds.SAP__PDFStandard" sap:creatable="false" sap:updatable="false" sap:deletable="false" sap:pageable="false" sap:addressable="false" sap:content-version="1"/><EntitySet Name="SAP__TableColumnsSet" EntityType="cds_c_sitninstancetp_cds.SAP__TableColumns" sap:creatable="false" sap:updatable="false" sap:deletable="false" sap:pageable="false" sap:addressable="false" sap:content-version="1"/><EntitySet Name="SAP__CoverPageSet" EntityType="cds_c_sitninstancetp_cds.SAP__CoverPage" sap:creatable="false" sap:updatable="false" sap:deletable="false" sap:pageable="false" sap:addressable="false" sap:content-version="1"/><EntitySet Name="SAP__SignatureSet" EntityType="cds_c_sitninstancetp_cds.SAP__Signature" sap:creatable="false" sap:updatable="false" sap:deletable="false" sap:pageable="false" sap:addressable="false" sap:content-version="1"/><EntitySet Name="SAP__ValueHelpSet" EntityType="cds_c_sitninstancetp_cds.SAP__ValueHelp" sap:content-version="1"/><EntitySet Name="C_SitnInstanceTP" EntityType="cds_c_sitninstancetp_cds.C_SitnInstanceTPType" sap:creatable="false" sap:updatable="false" sap:deletable="false" sap:content-version="1"/><EntitySet Name="C_SitnInstceMessageParameter" EntityType="cds_c_sitninstancetp_cds.C_SitnInstceMessageParameterType" sap:creatable="false" sap:updatable="false" sap:deletable="false" sap:content-version="1"/><EntitySet Name="C_SitnInstceNavigation" EntityType="cds_c_sitninstancetp_cds.C_SitnInstceNavigationType" sap:creatable="false" sap:updatable="false" sap:deletable="false" sap:content-version="1"/><EntitySet Name="C_SitnInstceNavigationParam" EntityType="cds_c_sitninstancetp_cds.C_SitnInstceNavigationParamType" sap:creatable="false" sap:updatable="false" sap:deletable="false" sap:content-version="1"/><EntitySet Name="C_SitnRelatedSituation" EntityType="cds_c_sitninstancetp_cds.C_SitnRelatedSituationType" sap:creatable="false" sap:updatable="false" sap:deletable="false" sap:content-version="1"/><EntitySet Name="I_SitnDefApplicationTag" EntityType="cds_c_sitninstancetp_cds.I_SitnDefApplicationTagType" sap:creatable="false" sap:updatable="false" sap:deletable="false" sap:content-version="1"/><AssociationSet Name="to_formatSet" Association="cds_c_sitninstancetp_cds.to_format" sap:creatable="false" sap:updatable="false" sap:deletable="false" sap:content-version="1"><End EntitySet="SAP__MyDocumentDescriptions" Role="FromRole_to_format"/><End EntitySet="SAP__FormatSet" Role="ToRole_to_format"/></AssociationSet><AssociationSet Name="to_pdfstandardSet" Association="cds_c_sitninstancetp_cds.to_pdfstandard" sap:creatable="false" sap:updatable="false" sap:deletable="false" sap:content-version="1"><End EntitySet="SAP__MyDocumentDescriptions" Role="FromRole_to_pdfstandard"/><End EntitySet="SAP__PDFStandardSet" Role="ToRole_to_pdfstandard"/></AssociationSet><AssociationSet Name="assoc_D319EB1F7C42589BC88BFFABE54659E6" Association="cds_c_sitninstancetp_cds.assoc_D319EB1F7C42589BC88BFFABE54659E6" sap:creatable="false" sap:updatable="false" sap:deletable="false" sap:content-version="1"><End EntitySet="C_SitnInstceNavigation" Role="FromRole_assoc_D319EB1F7C42589BC88BFFABE54659E6"/><End EntitySet="C_SitnInstceNavigationParam" Role="ToRole_assoc_D319EB1F7C42589BC88BFFABE54659E6"/></AssociationSet><AssociationSet Name="to_tablecolumnsSet" Association="cds_c_sitninstancetp_cds.to_tablecolumns" sap:creatable="false" sap:updatable="false" sap:deletable="false" sap:content-version="1"><End EntitySet="SAP__MyDocumentDescriptions" Role="FromRole_to_tablecolumns"/><End EntitySet="SAP__TableColumnsSet" Role="ToRole_to_tablecolumns"/></AssociationSet><AssociationSet Name="to_signatureSet" Association="cds_c_sitninstancetp_cds.to_signature" sap:creatable="false" sap:updatable="false" sap:deletable="false" sap:content-version="1"><End EntitySet="SAP__MyDocumentDescriptions" Role="FromRole_to_signature"/><End EntitySet="SAP__SignatureSet" Role="ToRole_to_signature"/></AssociationSet><AssociationSet Name="assoc_9443BABBF4216354350E56278ADF2156" Association="cds_c_sitninstancetp_cds.assoc_9443BABBF4216354350E56278ADF2156" sap:creatable="false" sap:updatable="false" sap:deletable="false" sap:content-version="1"><End EntitySet="C_SitnInstanceTP" Role="FromRole_assoc_9443BABBF4216354350E56278ADF2156"/><End EntitySet="I_SitnDefApplicationTag" Role="ToRole_assoc_9443BABBF4216354350E56278ADF2156"/></AssociationSet><AssociationSet Name="to_coverpageSet" Association="cds_c_sitninstancetp_cds.to_coverpage" sap:creatable="false" sap:updatable="false" sap:deletable="false" sap:content-version="1"><End EntitySet="SAP__MyDocumentDescriptions" Role="FromRole_to_coverpage"/><End EntitySet="SAP__CoverPageSet" Role="ToRole_to_coverpage"/></AssociationSet><AssociationSet Name="assoc_D3F1770D4B6942B64C1E997345B42D31" Association="cds_c_sitninstancetp_cds.assoc_D3F1770D4B6942B64C1E997345B42D31" sap:creatable="false" sap:updatable="false" sap:deletable="false" sap:content-version="1"><End EntitySet="C_SitnInstanceTP" Role="FromRole_assoc_D3F1770D4B6942B64C1E997345B42D31"/><End EntitySet="C_SitnInstceMessageParameter" Role="ToRole_assoc_D3F1770D4B6942B64C1E997345B42D31"/></AssociationSet><FunctionImport Name="SelectPageVariant" ReturnType="cds_c_sitninstancetp_cds.DummyFunctionImportResult" m:HttpMethod="POST" sap:action-for="cds_c_sitninstancetp_cds.C_SitnInstanceTPType" sap:applicable-path="SelectPageVariant_ac"><Parameter Name="SitnInstanceID" Type="Edm.String" Mode="In" MaxLength="32" sap:label="Instance ID"/><Parameter Name="SitnDefPageVariantID" Type="Edm.String" Mode="In" MaxLength="32" sap:label="Page Variant ID"/><Parameter Name="Sitndefvariantname" Type="Edm.String" Mode="In" MaxLength="32" sap:label="Variant Name"/><Parameter Name="Sitnnotifsemanticobject" Type="Edm.String" Mode="In" MaxLength="50" sap:label="Semantic Object"/><Parameter Name="Sitnnotifsemanticobjaction" Type="Edm.String" Mode="In" MaxLength="50" sap:label="Semantic Obj. Action"/><Parameter Name="Sitndefapplicationid" Type="Edm.String" Mode="In" MaxLength="80" sap:label="SitDefAppID"/></FunctionImport><FunctionImport Name="SetStatusToDone" ReturnType="cds_c_sitninstancetp_cds.DummyFunctionImportResult" m:HttpMethod="POST" sap:action-for="cds_c_sitninstancetp_cds.C_SitnInstanceTPType" sap:applicable-path="SetStatusToDone_ac"><Parameter Name="SitnInstanceID" Type="Edm.String" Mode="In" MaxLength="32" sap:label="Instance ID"/><Parameter Name="Status" Type="Edm.String" Mode="In" MaxLength="2" sap:label="Instance Status"/></FunctionImport><FunctionImport Name="TrackInstanceDisplayed" ReturnType="cds_c_sitninstancetp_cds.DummyFunctionImportResult" m:HttpMethod="POST" sap:action-for="cds_c_sitninstancetp_cds.C_SitnInstanceTPType" sap:applicable-path="TrackInstanceDisplayed_ac"><Parameter Name="SitnInstanceID" Type="Edm.String" Mode="In" MaxLength="32" sap:label="Instance ID"/></FunctionImport><FunctionImport Name="TrackInstanceIndicated" ReturnType="cds_c_sitninstancetp_cds.DummyFunctionImportResult" m:HttpMethod="POST" sap:action-for="cds_c_sitninstancetp_cds.C_SitnInstanceTPType" sap:applicable-path="TrackInstanceIndicated_ac"><Parameter Name="SitnInstanceID" Type="Edm.String" Mode="In" MaxLength="32" sap:label="Instance ID"/></FunctionImport><FunctionImport Name="TrackInstancePreviewed" ReturnType="cds_c_sitninstancetp_cds.DummyFunctionImportResult" m:HttpMethod="POST" sap:action-for="cds_c_sitninstancetp_cds.C_SitnInstanceTPType" sap:applicable-path="TrackInstancePreviewed_ac"><Parameter Name="SitnInstanceID" Type="Edm.String" Mode="In" MaxLength="32" sap:label="Instance ID"/></FunctionImport><FunctionImport Name="TrackInstceDspdFrmMngSitnTypes" ReturnType="cds_c_sitninstancetp_cds.DummyFunctionImportResult" m:HttpMethod="POST" sap:action-for="cds_c_sitninstancetp_cds.C_SitnInstanceTPType" sap:applicable-path="TrackInstceDspdFrmMngSitnTypes_ac"><Parameter Name="SitnInstanceID" Type="Edm.String" Mode="In" MaxLength="32" sap:label="Instance ID"/></FunctionImport><FunctionImport Name="TrackInstceDspdFrmMySituations" ReturnType="cds_c_sitninstancetp_cds.DummyFunctionImportResult" m:HttpMethod="POST" sap:action-for="cds_c_sitninstancetp_cds.C_SitnInstanceTPType" sap:applicable-path="TrackInstceDspdFrmMySituations_ac"><Parameter Name="SitnInstanceID" Type="Edm.String" Mode="In" MaxLength="32" sap:label="Instance ID"/></FunctionImport><FunctionImport Name="TrackInstceDspdFrmNotification" ReturnType="cds_c_sitninstancetp_cds.DummyFunctionImportResult" m:HttpMethod="POST" sap:action-for="cds_c_sitninstancetp_cds.C_SitnInstanceTPType" sap:applicable-path="TrackInstceDspdFrmNotification_ac"><Parameter Name="SitnInstanceID" Type="Edm.String" Mode="In" MaxLength="32" sap:label="Instance ID"/></FunctionImport></EntityContainer><Annotations Target="cds_c_sitninstancetp_cds.cds_c_sitninstancetp_cds_Entities" xmlns="http://docs.oasis-open.org/odata/ns/edm"><Annotation Term="Common.ApplyMultiUnitBehaviorForSortingAndFiltering" Bool="true"/></Annotations><Annotations Target="cds_c_sitninstancetp_cds.cds_c_sitninstancetp_cds_Entities/C_SitnInstanceTP" xmlns="http://docs.oasis-open.org/odata/ns/edm"><Annotation Term="Capabilities.FilterRestrictions"><Record><PropertyValue Property="NonFilterableProperties"><Collection><PropertyPath>SelectPageVariant_ac</PropertyPath><PropertyPath>SetStatusToDone_ac</PropertyPath><PropertyPath>TrackInstanceDisplayed_ac</PropertyPath><PropertyPath>TrackInstanceIndicated_ac</PropertyPath><PropertyPath>TrackInstancePreviewed_ac</PropertyPath><PropertyPath>TrackInstceDspdFrmMngSitnTypes_ac</PropertyPath><PropertyPath>TrackInstceDspdFrmMySituations_ac</PropertyPath><PropertyPath>TrackInstceDspdFrmNotification_ac</PropertyPath></Collection></PropertyValue></Record></Annotation><Annotation Term="Capabilities.NavigationRestrictions"><Record><PropertyValue Property="RestrictedProperties"><Collection><Record><PropertyValue Property="NavigationProperty" NavigationPropertyPath="to_ApplicationTag"/><PropertyValue Property="InsertRestrictions"><Record><PropertyValue Property="Insertable" Bool="false"/></Record></PropertyValue><PropertyValue Property="FilterRestrictions"><Record><PropertyValue Property="Filterable" Bool="false"/></Record></PropertyValue></Record><Record><PropertyValue Property="NavigationProperty" NavigationPropertyPath="to_InstanceMessageParameter"/><PropertyValue Property="InsertRestrictions"><Record><PropertyValue Property="Insertable" Bool="false"/></Record></PropertyValue><PropertyValue Property="FilterRestrictions"><Record><PropertyValue Property="Filterable" Bool="false"/></Record></PropertyValue></Record></Collection></PropertyValue></Record></Annotation><Annotation Term="SAP__core.OptimisticConcurrency"><Collection/></Annotation><Annotation Term="Capabilities.SortRestrictions"><Record><PropertyValue Property="NonSortableProperties"><Collection><PropertyPath>SelectPageVariant_ac</PropertyPath><PropertyPath>SetStatusToDone_ac</PropertyPath><PropertyPath>TrackInstanceDisplayed_ac</PropertyPath><PropertyPath>TrackInstanceIndicated_ac</PropertyPath><PropertyPath>TrackInstancePreviewed_ac</PropertyPath><PropertyPath>TrackInstceDspdFrmMngSitnTypes_ac</PropertyPath><PropertyPath>TrackInstceDspdFrmMySituations_ac</PropertyPath><PropertyPath>TrackInstceDspdFrmNotification_ac</PropertyPath></Collection></PropertyValue></Record></Annotation></Annotations><Annotations Target="cds_c_sitninstancetp_cds.cds_c_sitninstancetp_cds_Entities/C_SitnInstceMessageParameter" xmlns="http://docs.oasis-open.org/odata/ns/edm"><Annotation Term="Capabilities.FilterRestrictions"><Record><PropertyValue Property="FilterExpressionRestrictions"><Collection><Record><PropertyValue Property="Property" PropertyPath="SitnMsgParamVal"/><PropertyValue Property="AllowedExpressions" String="SearchExpression"/></Record></Collection></PropertyValue></Record></Annotation><Annotation Term="Capabilities.SortRestrictions"><Record><PropertyValue Property="NonSortableProperties"><Collection><PropertyPath>SitnMsgParamVal</PropertyPath></Collection></PropertyValue></Record></Annotation></Annotations><Annotations Target="cds_c_sitninstancetp_cds.cds_c_sitninstancetp_cds_Entities/C_SitnInstceNavigationParam" xmlns="http://docs.oasis-open.org/odata/ns/edm"><Annotation Term="Capabilities.FilterRestrictions"><Record><PropertyValue Property="FilterExpressionRestrictions"><Collection><Record><PropertyValue Property="Property" PropertyPath="SituationNotifParameterVal"/><PropertyValue Property="AllowedExpressions" String="SearchExpression"/></Record></Collection></PropertyValue></Record></Annotation><Annotation Term="Capabilities.SortRestrictions"><Record><PropertyValue Property="NonSortableProperties"><Collection><PropertyPath>SituationNotifParameterVal</PropertyPath></Collection></PropertyValue></Record></Annotation></Annotations><Annotations Target="cds_c_sitninstancetp_cds.cds_c_sitninstancetp_cds_Entities/C_SitnInstceNavigation" xmlns="http://docs.oasis-open.org/odata/ns/edm"><Annotation Term="Capabilities.NavigationRestrictions"><Record><PropertyValue Property="RestrictedProperties"><Collection><Record><PropertyValue Property="NavigationProperty" NavigationPropertyPath="to_NavigationParam"/><PropertyValue Property="InsertRestrictions"><Record><PropertyValue Property="Insertable" Bool="false"/></Record></PropertyValue><PropertyValue Property="SortRestrictions"><Record><PropertyValue Property="Sortable" Bool="false"/></Record></PropertyValue><PropertyValue Property="FilterRestrictions"><Record><PropertyValue Property="Filterable" Bool="false"/></Record></PropertyValue></Record></Collection></PropertyValue></Record></Annotation></Annotations><Annotations Target="cds_c_sitninstancetp_cds.cds_c_sitninstancetp_cds_Entities" xmlns="http://docs.oasis-open.org/odata/ns/edm"><Annotation Term="Org.OData.Capabilities.V1.BatchSupport"><Record Type="Org.OData.Capabilities.V1.BatchSupportType"><PropertyValue Property="ReferencesAcrossChangeSetsSupported" Bool="true"/></Record></Annotation><Annotation Term="SAP__CodeList.CurrencyCodes"><Record><PropertyValue Property="Url" String="./$metadata"/><PropertyValue Property="CollectionPath" String="SAP__Currencies"/></Record></Annotation><Annotation Term="SAP__CodeList.UnitsOfMeasure"><Record><PropertyValue Property="Url" String="./$metadata"/><PropertyValue Property="CollectionPath" String="SAP__UnitsOfMeasure"/></Record></Annotation><Annotation Term="SAP__PDF.Features"><Record><PropertyValue Property="DocumentDescriptionReference" String="./$metadata"/><PropertyValue Property="DocumentDescriptionCollection" String="SAP__MyDocumentDescriptions"/><PropertyValue Property="ArchiveFormat" Bool="true"/><PropertyValue Property="CoverPage" Bool="true"/><PropertyValue Property="Signature" Bool="true"/><PropertyValue Property="FitToPage" Bool="true"/><PropertyValue Property="FontName" Bool="true"/><PropertyValue Property="FontSize" Bool="true"/><PropertyValue Property="Margin" Bool="true"/><PropertyValue Property="Border" Bool="true"/><PropertyValue Property="ResultSizeDefault" Int="20000"/><PropertyValue Property="ResultSizeMaximum" Int="20000"/></Record></Annotation><Annotation Term="SAP__CodeList.SAP__DocumentDescription"><Record><PropertyValue Property="Url" String="./$metadata"/><PropertyValue Property="CollectionPath" String="SAP__MyDocumentDescriptions"/></Record></Annotation></Annotations><Annotations Target="cds_c_sitninstancetp_cds.SAP__Currency/CurrencyCode" xmlns="http://docs.oasis-open.org/odata/ns/edm"><Annotation Term="SAP__common.Text" Path="Text"/><Annotation Term="SAP__common.UnitSpecificScale" Path="DecimalPlaces"/><Annotation Term="SAP__CodeList.StandardCode" Path="ISOCode"/></Annotations><Annotations Target="cds_c_sitninstancetp_cds.SAP__UnitOfMeasure/UnitCode" xmlns="http://docs.oasis-open.org/odata/ns/edm"><Annotation Term="SAP__common.Text" Path="Text"/><Annotation Term="SAP__common.UnitSpecificScale" Path="DecimalPlaces"/><Annotation Term="SAP__CodeList.StandardCode" Path="ISOCode"/><Annotation Term="SAP__CodeList.ExternalCode" Path="ExternalCode"/></Annotations><Annotations Target="cds_c_sitninstancetp_cds.SAP__UnitOfMeasure" xmlns="http://docs.oasis-open.org/odata/ns/edm"><Annotation Term="SAP__core.AlternateKeys"><Collection><Record><PropertyValue Property="Key"><Collection><Record><PropertyValue Property="Name" Path="ExternalCode"/><PropertyValue Property="Alias" String="ExternalCode"/></Record></Collection></PropertyValue></Record></Collection></Annotation></Annotations><Annotations Target="cds_c_sitninstancetp_cds.SAP__DocumentDescription/CreatedBy" xmlns="http://docs.oasis-open.org/odata/ns/edm"><Annotation Term="SAP__core.Computed"/></Annotations><Annotations Target="cds_c_sitninstancetp_cds.SAP__DocumentDescription/CreatedAt" xmlns="http://docs.oasis-open.org/odata/ns/edm"><Annotation Term="SAP__core.Computed"/></Annotations><Annotations Target="cds_c_sitninstancetp_cds.SAP__DocumentDescription" xmlns="http://docs.oasis-open.org/odata/ns/edm"><Annotation Term="SAP__capabilties.InsertRestrictions"><Record><PropertyValue Property="Insertable" Bool="false"/></Record></Annotation><Annotation Term="SAP__capabilties.UpdateRestrictions"><Record><PropertyValue Property="Updatable" Bool="false"/><PropertyValue Property="QueryOptions"><Record><PropertyValue Property="SelectSupported" Bool="true"/></Record></PropertyValue></Record></Annotation><Annotation Term="SAP__capabilties.DeleteRestrictions"><Record><PropertyValue Property="Deletable" Bool="false"/></Record></Annotation><Annotation Term="SAP__capabilties.FilterRestrictions"><Record><PropertyValue Property="FilterExpressionRestrictions"><Collection><Record><PropertyValue Property="Property" PropertyPath="Format/Orientation"/><PropertyValue Property="AllowedExpressions" String="Multivalue"/></Record><Record><PropertyValue Property="Property" PropertyPath="Format/PaperSize"/><PropertyValue Property="AllowedExpressions" String="Multivalue"/></Record></Collection></PropertyValue></Record></Annotation></Annotations><Annotations Target="cds_c_sitninstancetp_cds.SAP__Format/FitToPage/ErrorRecoveryBehavior" xmlns="http://docs.oasis-open.org/odata/ns/edm"><Annotation Term="SAP__common.ValueListReferences"><Record><PropertyValue Property="Url" String="./$metadata"/><PropertyValue Property="CollectionPath" String="../../../../SAP__ValueHelpSet?$filter=VALUEHELP%20eq%20%27ErrorRecoveryBehaviour%27"/></Record></Annotation><Annotation Term="SAP__common.ValueListWithFixedValues"/></Annotations><Annotations Target="cds_c_sitninstancetp_cds.SAP__Format/FontName" xmlns="http://docs.oasis-open.org/odata/ns/edm"><Annotation Term="SAP__common.ValueListReferences"><Record><PropertyValue Property="Url" String="./$metadata"/><PropertyValue Property="CollectionPath" String="SAP__ValueHelpSet?$filter=VALUEHELP%20eq%20%27FontName%27"/></Record></Annotation><Annotation Term="SAP__common.ValueListWithFixedValues"/></Annotations><Annotations Target="cds_c_sitninstancetp_cds.SAP__Format/PaperSize" xmlns="http://docs.oasis-open.org/odata/ns/edm"><Annotation Term="SAP__common.ValueListReferences"><Record><PropertyValue Property="Url" String="./$metadata"/><PropertyValue Property="CollectionPath" String="SAP__ValueHelpSet?$filter=VALUEHELP%20eq%20%27PaperSize%27"/></Record></Annotation><Annotation Term="SAP__common.ValueListWithFixedValues"/></Annotations><Annotations Target="cds_c_sitninstancetp_cds.SAP__Format/Orientation" xmlns="http://docs.oasis-open.org/odata/ns/edm"><Annotation Term="SAP__common.ValueListReferences"><Record><PropertyValue Property="Url" String="./$metadata"/><PropertyValue Property="CollectionPath" String="SAP__ValueHelpSet?$filter=VALUEHELP%20eq%20%27FontName%27"/></Record></Annotation><Annotation Term="SAP__common.ValueListWithFixedValues"/></Annotations><Annotations Target="cds_c_sitninstancetp_cds.SAP__TableColumns/HorizontalAlignment" xmlns="http://docs.oasis-open.org/odata/ns/edm"><Annotation Term="SAP__common.ValueListReferences"><Record><PropertyValue Property="Url" String="./$metadata"/><PropertyValue Property="CollectionPath" String="SAP__ValueHelpSet?$filter=VALUEHELP%20eq%20%27HorizontalAlignment%27"/></Record></Annotation><Annotation Term="SAP__common.ValueListWithFixedValues"/></Annotations><atom:link rel="self" href="https://IERP-ZC1.PCE.IBM.COM:44391/sap/opu/odata/sap/C_SITNINSTANCETP_CDS/$metadata" xmlns:atom="http://www.w3.org/2005/Atom"/><atom:link rel="latest-version" href="https://IERP-ZC1.PCE.IBM.COM:44391/sap/opu/odata/sap/C_SITNINSTANCETP_CDS/$metadata" xmlns:atom="http://www.w3.org/2005/Atom"/></Schema></edmx:DataServices></edmx:Edmx>