<?xml version="1.0" encoding="utf-8"?><edmx:Edmx Version="1.0" xmlns:edmx="http://schemas.microsoft.com/ado/2007/06/edmx" xmlns:m="http://schemas.microsoft.com/ado/2007/08/dataservices/metadata" xmlns:sap="http://www.sap.com/Protocols/SAPData"><edmx:Reference Uri="https://IERP-YC4.PCE.IBM.COM:44391/sap/opu/odata/iwfnd/catalogservice;v=2/Vocabularies(TechnicalName='%2FIWBEP%2FVOC_AGGREGATION',Version='0001',SAP__Origin='')/$value" xmlns:edmx="http://docs.oasis-open.org/odata/ns/edmx"><edmx:Include Namespace="Org.OData.Aggregation.V1" Alias="Aggregation"/></edmx:Reference><edmx:Reference Uri="https://IERP-YC4.PCE.IBM.COM:44391/sap/opu/odata/iwfnd/catalogservice;v=2/Vocabularies(TechnicalName='%2FIWBEP%2FVOC_ANALYTICS',Version='0001',SAP__Origin='')/$value" xmlns:edmx="http://docs.oasis-open.org/odata/ns/edmx"><edmx:Include Namespace="com.sap.vocabularies.Analytics.v1" Alias="Analytics"/></edmx:Reference><edmx:Reference Uri="https://IERP-YC4.PCE.IBM.COM:44391/sap/opu/odata/iwfnd/catalogservice;v=2/Vocabularies(TechnicalName='%2FIWBEP%2FVOC_CAPABILITIES',Version='0001',SAP__Origin='')/$value" xmlns:edmx="http://docs.oasis-open.org/odata/ns/edmx"><edmx:Include Namespace="Org.OData.Capabilities.V1" Alias="Capabilities"/></edmx:Reference><edmx:Reference Uri="https://IERP-YC4.PCE.IBM.COM:44391/sap/opu/odata/iwfnd/catalogservice;v=2/Vocabularies(TechnicalName='%2FIWBEP%2FVOC_CODELIST',Version='0001',SAP__Origin='')/$value" xmlns:edmx="http://docs.oasis-open.org/odata/ns/edmx"><edmx:Include Namespace="com.sap.vocabularies.CodeList.v1" Alias="SAP__CodeList"/></edmx:Reference><edmx:Reference Uri="https://IERP-YC4.PCE.IBM.COM:44391/sap/opu/odata/iwfnd/catalogservice;v=2/Vocabularies(TechnicalName='%2FIWBEP%2FVOC_COMMON',Version='0001',SAP__Origin='')/$value" xmlns:edmx="http://docs.oasis-open.org/odata/ns/edmx"><edmx:Include Namespace="com.sap.vocabularies.Common.v1" Alias="Common"/></edmx:Reference><edmx:Reference Uri="https://IERP-YC4.PCE.IBM.COM:44391/sap/opu/odata/iwfnd/catalogservice;v=2/Vocabularies(TechnicalName='%2FIWBEP%2FVOC_COMMUNICATION',Version='0001',SAP__Origin='')/$value" xmlns:edmx="http://docs.oasis-open.org/odata/ns/edmx"><edmx:Include Namespace="com.sap.vocabularies.Communication.v1" Alias="Communication"/></edmx:Reference><edmx:Reference Uri="https://IERP-YC4.PCE.IBM.COM:44391/sap/opu/odata/iwfnd/catalogservice;v=2/Vocabularies(TechnicalName='%2FIWBEP%2FVOC_MEASURES',Version='0001',SAP__Origin='')/$value" xmlns:edmx="http://docs.oasis-open.org/odata/ns/edmx"><edmx:Include Namespace="Org.OData.Measures.V1" Alias="Measures"/></edmx:Reference><edmx:Reference Uri="https://IERP-YC4.PCE.IBM.COM:44391/sap/opu/odata/iwfnd/catalogservice;v=2/Vocabularies(TechnicalName='%2FIWBEP%2FVOC_PERSONALDATA',Version='0001',SAP__Origin='')/$value" xmlns:edmx="http://docs.oasis-open.org/odata/ns/edmx"><edmx:Include Namespace="com.sap.vocabularies.PersonalData.v1" Alias="PersonalData"/></edmx:Reference><edmx:Reference Uri="https://IERP-YC4.PCE.IBM.COM:44391/sap/opu/odata/iwfnd/catalogservice;v=2/Vocabularies(TechnicalName='%2FIWBEP%2FVOC_UI',Version='0001',SAP__Origin='')/$value" xmlns:edmx="http://docs.oasis-open.org/odata/ns/edmx"><edmx:Include Namespace="com.sap.vocabularies.UI.v1" Alias="UI"/></edmx:Reference><edmx:Reference Uri="https://IERP-YC4.PCE.IBM.COM:44391/sap/opu/odata/iwfnd/catalogservice;v=2/Vocabularies(TechnicalName='%2FIWBEP%2FVOC_VALIDATION',Version='0001',SAP__Origin='')/$value" xmlns:edmx="http://docs.oasis-open.org/odata/ns/edmx"><edmx:Include Namespace="Org.OData.Validation.V1" Alias="Validation"/></edmx:Reference><edmx:DataServices m:DataServiceVersion="2.0"><Schema Namespace="ZYOTCSTM_CATSDA_SRV" xml:lang="en" sap:schema-version="1" xmlns="http://schemas.microsoft.com/ado/2008/09/edm"><Annotation Term="Core.SchemaVersion" String="1.0.0" xmlns="http://docs.oasis-open.org/odata/ns/edm"/><EntityType Name="HT001" sap:content-version="1"><Key><PropertyRef Name="Bukrs"/></Key><Property Name="Bukrs" Type="Edm.String" Nullable="false" MaxLength="4" sap:unicode="false" sap:label="Company Code" sap:creatable="false" sap:updatable="false" sap:sortable="false"/><Property Name="Butxt" Type="Edm.String" Nullable="false" MaxLength="25" sap:unicode="false" sap:label="Company Name" sap:creatable="false" sap:updatable="false" sap:sortable="false"/><Property Name="Ort01" Type="Edm.String" Nullable="false" MaxLength="25" sap:unicode="false" sap:label="City" sap:creatable="false" sap:updatable="false" sap:sortable="false" sap:filterable="false"/><Property Name="Waers" Type="Edm.String" Nullable="false" MaxLength="5" sap:unicode="false" sap:label="Currency" sap:creatable="false" sap:updatable="false" sap:sortable="false" sap:filterable="false" sap:semantics="currency-code"/></EntityType><EntityType Name="Kostn" sap:content-version="1"><Key><PropertyRef Name="Kostl"/></Key><Property Name="Kostl" Type="Edm.String" Nullable="false" MaxLength="10" sap:unicode="false" sap:label="Cost Center" sap:creatable="false" sap:updatable="false" sap:sortable="false"/><Property Name="Kokrs" Type="Edm.String" Nullable="false" MaxLength="4" sap:unicode="false" sap:label="CO Area" sap:creatable="false" sap:updatable="false" sap:sortable="false"/><Property Name="Bukrs" Type="Edm.String" Nullable="false" MaxLength="4" sap:unicode="false" sap:label="Company Code" sap:creatable="false" sap:updatable="false" sap:sortable="false" sap:filterable="false"/><Property Name="Kosar" Type="Edm.String" Nullable="false" MaxLength="1" sap:unicode="false" sap:label="CCtr Category" sap:creatable="false" sap:updatable="false" sap:sortable="false" sap:filterable="false"/><Property Name="Verak" Type="Edm.String" Nullable="false" MaxLength="20" sap:unicode="false" sap:label="Person Resp." sap:creatable="false" sap:updatable="false" sap:sortable="false" sap:filterable="false"/><Property Name="VerakUser" Type="Edm.String" Nullable="false" MaxLength="12" sap:unicode="false" sap:label="User Responsible" sap:creatable="false" sap:updatable="false" sap:sortable="false" sap:filterable="false"/><Property Name="Mctxt" Type="Edm.String" Nullable="false" MaxLength="20" sap:unicode="false" sap:label="Short text" sap:creatable="false" sap:updatable="false" sap:sortable="false" sap:filterable="false"/><Property Name="Spras" Type="Edm.String" Nullable="false" MaxLength="2" sap:unicode="false" sap:label="Language" sap:creatable="false" sap:updatable="false" sap:sortable="false" sap:filterable="false"/><Property Name="Datab" Type="Edm.DateTime" Nullable="false" Precision="7" sap:unicode="false" sap:label="Valid From" sap:creatable="false" sap:updatable="false" sap:sortable="false" sap:filterable="false"/><Property Name="Datbi" Type="Edm.DateTime" Nullable="false" Precision="7" sap:unicode="false" sap:label="Valid To" sap:creatable="false" sap:updatable="false" sap:sortable="false" sap:filterable="false"/></EntityType><EntityType Name="Activity_VH" sap:content-version="1"><Key><PropertyRef Name="Lstar"/></Key><Property Name="Lstar" Type="Edm.String" Nullable="false" MaxLength="6" sap:unicode="false" sap:label="Activity Type" sap:creatable="false" sap:updatable="false" sap:sortable="false"/><Property Name="Ltext" Type="Edm.String" Nullable="false" MaxLength="40" sap:unicode="false" sap:label="Description" sap:creatable="false" sap:updatable="false" sap:sortable="false"/></EntityType><EntityType Name="Talentid_VH" sap:content-version="1"><Key><PropertyRef Name="Pernr"/></Key><Property Name="Pernr" Type="Edm.String" Nullable="false" MaxLength="8" sap:unicode="false" sap:label="Personnel No." sap:creatable="false" sap:updatable="false" sap:sortable="false"/><Property Name="Icnum" Type="Edm.String" Nullable="false" MaxLength="30" sap:unicode="false" sap:label="TalentID" sap:creatable="false" sap:updatable="false" sap:sortable="false"/><Property Name="Vorna" Type="Edm.String" Nullable="false" MaxLength="40" sap:unicode="false" sap:label="First name" sap:creatable="false" sap:updatable="false" sap:sortable="false"/><Property Name="Nachn" Type="Edm.String" Nullable="false" MaxLength="40" sap:unicode="false" sap:label="Last name" sap:creatable="false" sap:updatable="false" sap:sortable="false"/></EntityType><EntityType Name="HT005" sap:content-version="1"><Key><PropertyRef Name="Land1"/></Key><Property Name="Land1" Type="Edm.String" Nullable="false" MaxLength="3" sap:unicode="false" sap:label="Country Code" sap:creatable="false" sap:updatable="false" sap:sortable="false"/><Property Name="Landx" Type="Edm.String" Nullable="false" MaxLength="15" sap:unicode="false" sap:label="Country Name" sap:creatable="false" sap:updatable="false" sap:sortable="false"/><Property Name="Natio" Type="Edm.String" Nullable="false" MaxLength="15" sap:unicode="false" sap:label="Nationality" sap:creatable="false" sap:updatable="false" sap:sortable="false" sap:filterable="false"/></EntityType><EntityType Name="WBSelement_VH" sap:content-version="1"><Key><PropertyRef Name="Posid"/></Key><Property Name="Posid" Type="Edm.String" Nullable="false" MaxLength="24" sap:unicode="false" sap:label="WBS Element" sap:creatable="false" sap:updatable="false" sap:sortable="false"/><Property Name="Post1" Type="Edm.String" MaxLength="40" sap:unicode="false" sap:label="Description" sap:creatable="false" sap:updatable="false" sap:sortable="false"/></EntityType><EntityType Name="Cats_Da" sap:content-version="1"><Key><PropertyRef Name="Counter"/><PropertyRef Name="Pernr"/><PropertyRef Name="Wbselement"/></Key><Property Name="Billcode" Type="Edm.String" MaxLength="3" sap:unicode="false" sap:label="Bill Code" sap:creatable="false" sap:updatable="false" sap:filterable="false"/><Property Name="Toperiod" Type="Edm.DateTime" Precision="7" sap:unicode="false" sap:label="To Period" sap:creatable="false" sap:updatable="false" sap:sortable="false"/><Property Name="Costcenter" Type="Edm.String" MaxLength="10" sap:filter-restriction="multi-value" sap:unicode="false" sap:label="Cost Center" sap:creatable="false" sap:updatable="false" sap:sortable="false"/><Property Name="Company" Type="Edm.String" MaxLength="4" sap:filter-restriction="multi-value" sap:unicode="false" sap:label="Company" sap:creatable="false" sap:updatable="false" sap:sortable="false"/><Property Name="Mandt" Type="Edm.String" MaxLength="3" sap:unicode="false" sap:label="Client" sap:creatable="false" sap:updatable="false" sap:sortable="false" sap:filterable="false"/><Property Name="Billcodedescription" Type="Edm.String" MaxLength="35" sap:unicode="false" sap:label="Bill Code Desc" sap:creatable="false" sap:updatable="false" sap:filterable="false"/><Property Name="Talentid" Type="Edm.String" MaxLength="30" sap:filter-restriction="multi-value" sap:unicode="false" sap:label="TalentID" sap:creatable="false" sap:updatable="false"/><Property Name="Counter" Type="Edm.String" Nullable="false" MaxLength="12" sap:unicode="false" sap:label="Counter" sap:creatable="false" sap:updatable="false" sap:filterable="false"/><Property Name="Logicalsystem" Type="Edm.String" MaxLength="10" sap:unicode="false" sap:label="Logical system" sap:creatable="false" sap:updatable="false"/><Property Name="Employeename" Type="Edm.String" MaxLength="40" sap:unicode="false" sap:label="Employee Name" sap:creatable="false" sap:updatable="false" sap:sortable="false" sap:filterable="false"/><Property Name="Employeestatus" Type="Edm.String" MaxLength="1" sap:unicode="false" sap:label="Employment" sap:creatable="false" sap:updatable="false" sap:sortable="false"/><Property Name="Pernr" Type="Edm.String" Nullable="false" MaxLength="8" sap:filter-restriction="multi-value" sap:unicode="false" sap:label="Personnel No." sap:creatable="false" sap:updatable="false"/><Property Name="Workdate" Type="Edm.DateTime" Nullable="false" Precision="7" sap:unicode="false" sap:label="From Period" sap:creatable="false" sap:updatable="false"/><Property Name="Wbsinternalid" Type="Edm.String" Nullable="false" MaxLength="24" sap:unicode="false" sap:label="Rec. WBS elem." sap:creatable="false" sap:updatable="false" sap:sortable="false" sap:filterable="false"/><Property Name="Wbselement" Type="Edm.String" Nullable="false" MaxLength="24" sap:filter-restriction="multi-value" sap:unicode="false" sap:label="WBS Element" sap:creatable="false" sap:updatable="false"/><Property Name="Activitytype" Type="Edm.String" MaxLength="6" sap:filter-restriction="multi-value" sap:unicode="false" sap:label="Activity Type" sap:creatable="false"/><Property Name="Workitem" Type="Edm.String" MaxLength="12" sap:unicode="false" sap:label="ID" sap:creatable="false" sap:updatable="false" sap:sortable="false" sap:filterable="false"/><Property Name="Recordedhours" Type="Edm.Decimal" Precision="4" Scale="2" sap:unicode="false" sap:unit="Hoursunitofmeasure" sap:label="Hours" sap:creatable="false" sap:updatable="false" sap:sortable="false" sap:filterable="false"/><Property Name="Hoursunitofmeasure" Type="Edm.String" MaxLength="3" sap:unicode="false" sap:label="Unit of Measure" sap:creatable="false" sap:updatable="false" sap:sortable="false" sap:filterable="false" sap:semantics="unit-of-measure"/><Property Name="Purchaseorder" Type="Edm.String" MaxLength="10" sap:unicode="false" sap:label="Sending order" sap:creatable="false" sap:updatable="false" sap:sortable="false" sap:filterable="false"/><Property Name="Purchaseorderitem" Type="Edm.String" MaxLength="5" sap:unicode="false" sap:label="Send. PO item" sap:creatable="false" sap:updatable="false" sap:sortable="false" sap:filterable="false"/><Property Name="Recordedamount" Type="Edm.Decimal" Precision="14" Scale="3" sap:unicode="false" sap:unit="Currency" sap:label="Amount" sap:creatable="false" sap:updatable="false" sap:sortable="false" sap:filterable="false"/><Property Name="Currency" Type="Edm.String" MaxLength="5" sap:unicode="false" sap:label="Currency" sap:creatable="false" sap:updatable="false" sap:sortable="false" sap:filterable="false" sap:semantics="currency-code"/><Property Name="Recordedquantity" Type="Edm.Decimal" Precision="15" Scale="3" sap:unicode="false" sap:unit="Unitofmeasure" sap:label="Number (unit)" sap:creatable="false" sap:updatable="false" sap:sortable="false" sap:filterable="false"/><Property Name="Unitofmeasure" Type="Edm.String" MaxLength="3" sap:unicode="false" sap:label="Int. meas. unit" sap:creatable="false" sap:updatable="false" sap:sortable="false" sap:filterable="false" sap:semantics="unit-of-measure"/><Property Name="Receivercostcenter" Type="Edm.String" MaxLength="10" sap:unicode="false" sap:label="Rec. CCtr" sap:creatable="false" sap:updatable="false" sap:sortable="false" sap:filterable="false"/><Property Name="Internalorder" Type="Edm.String" MaxLength="12" sap:unicode="false" sap:label="Rec. Order" sap:creatable="false" sap:updatable="false" sap:sortable="false" sap:filterable="false"/><Property Name="Controllingarea" Type="Edm.String" MaxLength="4" sap:unicode="false" sap:label="CO Area" sap:creatable="false" sap:updatable="false" sap:filterable="false"/><Property Name="Timesheettasktype" Type="Edm.String" MaxLength="4" sap:unicode="false" sap:label="Task Type" sap:creatable="false" sap:updatable="false" sap:filterable="false"/><Property Name="Timesheettasklevel" Type="Edm.String" MaxLength="8" sap:unicode="false" sap:label="Task Code" sap:creatable="false" sap:updatable="false" sap:filterable="false"/><Property Name="Timesheettaskcomponent" Type="Edm.String" MaxLength="8" sap:unicode="false" sap:label="Task component" sap:creatable="false" sap:updatable="false" sap:filterable="false"/><Property Name="Country" Type="Edm.String" MaxLength="3" sap:filter-restriction="multi-value" sap:unicode="false" sap:label="Country" sap:creatable="false" sap:updatable="false"/><Property Name="Timesheetnote" Type="Edm.String" MaxLength="40" sap:unicode="false" sap:label="Short Text" sap:creatable="false" sap:updatable="false" sap:sortable="false" sap:filterable="false"/><Property Name="Timesheetstatus" Type="Edm.String" MaxLength="2" sap:filter-restriction="multi-value" sap:unicode="false" sap:label="Process status" sap:creatable="false" sap:updatable="false"/><Property Name="Rejectionreason" Type="Edm.String" MaxLength="4" sap:unicode="false" sap:label="Rejection reas." sap:creatable="false" sap:updatable="false" sap:sortable="false" sap:filterable="false"/><Property Name="Timesheetpredecessorrecord" Type="Edm.String" MaxLength="12" sap:unicode="false" sap:label="Ref. counter" sap:creatable="false" sap:updatable="false" sap:sortable="false" sap:filterable="false"/><Property Name="Timesheetcreationdate" Type="Edm.DateTime" Precision="7" sap:unicode="false" sap:label="Created on" sap:creatable="false" sap:updatable="false" sap:sortable="false" sap:filterable="false"/><Property Name="Timesheetentrytime" Type="Edm.Time" Precision="0" sap:unicode="false" sap:label="Time" sap:creatable="false" sap:updatable="false" sap:sortable="false" sap:filterable="false"/><Property Name="Createdbyuser" Type="Edm.String" MaxLength="12" sap:unicode="false" sap:label="Created by" sap:creatable="false" sap:updatable="false" sap:filterable="false"/><Property Name="Lastchangedbyuser" Type="Edm.String" MaxLength="12" sap:unicode="false" sap:label="Changed By" sap:creatable="false" sap:updatable="false" sap:filterable="false"/><Property Name="Timesheetapprovedbyuser" Type="Edm.String" MaxLength="12" sap:unicode="false" sap:label="Approved by" sap:creatable="false" sap:updatable="false" sap:sortable="false" sap:filterable="false"/><Property Name="Timesheetapproveddate" Type="Edm.DateTime" Precision="7" sap:unicode="false" sap:label="Approval date" sap:creatable="false" sap:updatable="false" sap:sortable="false" sap:filterable="false"/><Property Name="Timesheetlastchangeddate" Type="Edm.DateTime" Precision="7" sap:unicode="false" sap:label="Last change" sap:creatable="false" sap:updatable="false" sap:sortable="false" sap:filterable="false"/><Property Name="Timesheetlastchangedtime" Type="Edm.Time" Precision="0" sap:unicode="false" sap:label="Time" sap:creatable="false" sap:updatable="false" sap:sortable="false" sap:filterable="false"/><Property Name="Accountingindicatorcode" Type="Edm.String" MaxLength="2" sap:unicode="false" sap:label="Acctg Indicator" sap:creatable="false" sap:updatable="false" sap:sortable="false" sap:filterable="false"/><Property Name="Workflowtaskinternalid" Type="Edm.String" MaxLength="12" sap:unicode="false" sap:label="ID" sap:creatable="false" sap:updatable="false" sap:sortable="false" sap:filterable="false"/><Property Name="Timesheetwrkloccode" Type="Edm.String" MaxLength="4" sap:unicode="false" sap:label="Tax area" sap:creatable="false" sap:updatable="false" sap:sortable="false" sap:filterable="false"/><Property Name="Timesheetovertimecategory" Type="Edm.String" MaxLength="1" sap:unicode="false" sap:label="OT comp. type" sap:creatable="false" sap:updatable="false" sap:sortable="false" sap:filterable="false"/><Property Name="Timesheethaslongtext" Type="Edm.Boolean" sap:unicode="false" sap:label="Long text" sap:creatable="false" sap:updatable="false" sap:sortable="false" sap:filterable="false"/><Property Name="Timesheetaccountingdocument" Type="Edm.String" MaxLength="10" sap:unicode="false" sap:label="Document Number" sap:creatable="false" sap:updatable="false" sap:sortable="false" sap:filterable="false"/><Property Name="Senderpubsecfund" Type="Edm.String" MaxLength="10" sap:unicode="false" sap:label="Sender fund" sap:creatable="false" sap:updatable="false" sap:sortable="false" sap:filterable="false"/><Property Name="Sendingpubsecfunctionalarea" Type="Edm.String" MaxLength="16" sap:unicode="false" sap:label="Sender Fnc.Area" sap:creatable="false" sap:updatable="false" sap:sortable="false" sap:filterable="false"/><Property Name="Senderpubsecgrant" Type="Edm.String" MaxLength="20" sap:unicode="false" sap:label="Sender Grant" sap:creatable="false" sap:updatable="false" sap:sortable="false" sap:filterable="false"/><Property Name="Senderpubsecbudgetperiod" Type="Edm.String" MaxLength="10" sap:unicode="false" sap:label="Sender BudPer" sap:creatable="false" sap:updatable="false" sap:sortable="false" sap:filterable="false"/><Property Name="Receiverpubsecfund" Type="Edm.String" MaxLength="10" sap:unicode="false" sap:label="Receiver fund" sap:creatable="false" sap:updatable="false" sap:sortable="false" sap:filterable="false"/><Property Name="Receiverpubsecfuncnlarea" Type="Edm.String" MaxLength="16" sap:unicode="false" sap:label="Receiving Func. Area" sap:creatable="false" sap:updatable="false" sap:sortable="false" sap:filterable="false"/><Property Name="Receiverpubsecgrant" Type="Edm.String" MaxLength="20" sap:unicode="false" sap:label="Receiver Grant" sap:creatable="false" sap:updatable="false" sap:sortable="false" sap:filterable="false"/><Property Name="Receiverpubsecbudgetperiod" Type="Edm.String" MaxLength="10" sap:unicode="false" sap:label="Rec BudPer" sap:creatable="false" sap:updatable="false" sap:sortable="false" sap:filterable="false"/><Property Name="Transfer" Type="Edm.Boolean" sap:unicode="false" sap:label="Transferred" sap:creatable="false" sap:updatable="false" sap:sortable="false" sap:filterable="false"/><Property Name="Belnr" Type="Edm.String" MaxLength="10" sap:unicode="false" sap:label="Document Number" sap:creatable="false" sap:updatable="false" sap:sortable="false" sap:filterable="false"/></EntityType><EntityType Name="ZYOTCSTM_CATSDA_ODATAType" sap:label="CDS View for OData-Claim Report" sap:content-version="1"><Key><PropertyRef Name="Counter"/></Key><Property Name="Counter" Type="Edm.String" Nullable="false" MaxLength="12" sap:display-format="UpperCase" sap:label="Counter" sap:quickinfo="Counter for Records in Time Recording"/><Property Name="EmployeeName" Type="Edm.String" MaxLength="40" sap:label="Employee/app.name" sap:quickinfo="Formatted Name of Employee or Applicant"/><Property Name="TalentId" Type="Edm.String" MaxLength="30" sap:display-format="UpperCase" sap:label="TalentID"/><Property Name="Pernr" Type="Edm.String" MaxLength="8" sap:display-format="NonNegative" sap:label="Personnel Number"/><Property Name="WorkDate" Type="Edm.DateTime" Precision="0" sap:display-format="Date" sap:label="Date"/><Property Name="WBSInternalID" Type="Edm.String" MaxLength="24" sap:display-format="NonNegative" sap:label="Recv WBS Element" sap:quickinfo="Receiver WBS Element"/><Property Name="WBSElement" Type="Edm.String" MaxLength="24" sap:display-format="UpperCase" sap:label="WBS Element" sap:quickinfo="Work Breakdown Structure Element (WBS Element)"/><Property Name="ActivityType" Type="Edm.String" MaxLength="6" sap:display-format="UpperCase" sap:label="Activity Type"/><Property Name="WorkItem" Type="Edm.String" MaxLength="12" sap:display-format="NonNegative" sap:label="Work Item ID" sap:quickinfo="Work item ID"/><Property Name="RecordedHours" Type="Edm.Decimal" Precision="4" Scale="2" sap:label="Hours"/><Property Name="HoursUnitOfMeasure" Type="Edm.String" MaxLength="3" sap:label="Display Unit/Measure" sap:quickinfo="Unit of Measure for Display" sap:semantics="unit-of-measure"/><Property Name="PurchaseOrder" Type="Edm.String" MaxLength="10" sap:display-format="UpperCase" sap:label="Sending purch. order" sap:quickinfo="Sending purchase order"/><Property Name="PurchaseOrderItem" Type="Edm.String" MaxLength="5" sap:display-format="NonNegative" sap:label="Sending PO item" sap:quickinfo="Sending purchase order item"/><Property Name="RecordedAmount" Type="Edm.Decimal" Precision="14" Scale="3" sap:label="Amount" sap:quickinfo="CATS Amount"/><Property Name="Currency" Type="Edm.String" MaxLength="5" sap:display-format="UpperCase" sap:label="Currency" sap:quickinfo="Currency Key" sap:semantics="currency-code"/><Property Name="RecordedQuantity" Type="Edm.Decimal" Precision="15" Scale="3" sap:label="Number (unit)" sap:quickinfo="Time Sheet: Number (Unit of Measure)"/><Property Name="UnitOfMeasure" Type="Edm.String" MaxLength="3" sap:label="Internal UoM" sap:quickinfo="Unit of Measurement" sap:semantics="unit-of-measure"/><Property Name="ReceiverCostCenter" Type="Edm.String" MaxLength="10" sap:display-format="UpperCase" sap:label="Receiver cost center" sap:quickinfo="Receiver Cost Center"/><Property Name="CostCenter" Type="Edm.String" MaxLength="10" sap:display-format="UpperCase" sap:label="Sender Cost Center"/><Property Name="InternalOrder" Type="Edm.String" MaxLength="12" sap:display-format="UpperCase" sap:label="Receiver order" sap:quickinfo="Receiver Order"/><Property Name="ControllingArea" Type="Edm.String" MaxLength="4" sap:display-format="UpperCase" sap:label="Controlling Area"/><Property Name="TimeSheetTaskType" Type="Edm.String" MaxLength="4" sap:display-format="UpperCase" sap:label="Task Type"/><Property Name="TimeSheetTaskLevel" Type="Edm.String" MaxLength="8" sap:display-format="UpperCase" sap:label="Task level" sap:quickinfo="Task Level"/><Property Name="TimeSheetTaskComponent" Type="Edm.String" MaxLength="8" sap:display-format="UpperCase" sap:label="Task component"/><Property Name="Company" Type="Edm.String" MaxLength="4" sap:display-format="UpperCase" sap:label="Company Code"/><Property Name="Country" Type="Edm.String" MaxLength="3" sap:display-format="UpperCase" sap:label="Country/Region Key"/><Property Name="TimeSheetNote" Type="Edm.String" MaxLength="40" sap:label="Short Text"/><Property Name="TimeSheetStatus" Type="Edm.String" MaxLength="2" sap:display-format="UpperCase" sap:label="Processing status"/><Property Name="RejectionReason" Type="Edm.String" MaxLength="4" sap:display-format="UpperCase" sap:label="Reason for rejection"/><Property Name="TimeSheetPredecessorRecord" Type="Edm.String" MaxLength="12" sap:display-format="UpperCase" sap:label="Reference counter" sap:quickinfo="Reference Counter for Record to be Changed"/><Property Name="TimeSheetCreationDate" Type="Edm.DateTime" Precision="0" sap:display-format="Date" sap:label="Created on" sap:quickinfo="Created On"/><Property Name="TimeSheetEntryTime" Type="Edm.Time" Precision="0" sap:label="Time of entry" sap:quickinfo="Time of Entry"/><Property Name="CreatedByUser" Type="Edm.String" MaxLength="12" sap:display-format="UpperCase" sap:label="Created by" sap:quickinfo="User Creating Record"/><Property Name="LastChangedByUser" Type="Edm.String" MaxLength="12" sap:display-format="UpperCase" sap:label="Changed By" sap:quickinfo="Name of Person Who Changed Object"/><Property Name="TimeSheetApprovedByUser" Type="Edm.String" MaxLength="12" sap:display-format="UpperCase" sap:label="Approved by" sap:quickinfo="Name of person who approved data"/><Property Name="TimeSheetApprovedDate" Type="Edm.DateTime" Precision="0" sap:display-format="Date" sap:label="Approval date" sap:quickinfo="Date of Approval"/><Property Name="TimeSheetLastChangedDate" Type="Edm.DateTime" Precision="0" sap:display-format="Date" sap:label="Last Change" sap:quickinfo="Date of Last Change"/><Property Name="TimeSheetLastChangedTime" Type="Edm.Time" Precision="0" sap:label="Changed At" sap:quickinfo="Last Changed At"/><Property Name="AccountingIndicatorCode" Type="Edm.String" MaxLength="2" sap:display-format="UpperCase" sap:label="Accounting Indicator"/><Property Name="WorkflowTaskInternalID" Type="Edm.String" MaxLength="12" sap:display-format="NonNegative" sap:label="Work Item ID" sap:quickinfo="Work item ID"/><Property Name="TimeSheetWrkLocCode" Type="Edm.String" MaxLength="4" sap:display-format="UpperCase" sap:label="Tax area" sap:quickinfo="Tax area work center"/><Property Name="TimeSheetOvertimeCategory" Type="Edm.String" MaxLength="1" sap:display-format="UpperCase" sap:label="Overtime comp. type" sap:quickinfo="Overtime Compensation Type"/><Property Name="TimeSheetHasLongText" Type="Edm.Boolean" sap:display-format="UpperCase" sap:label="Long text" sap:quickinfo="Long Text"/><Property Name="TimeSheetAccountingDocument" Type="Edm.String" MaxLength="10" sap:display-format="UpperCase" sap:label="Document no."/><Property Name="SenderPubSecFund" Type="Edm.String" MaxLength="10" sap:display-format="UpperCase" sap:label="Sender Fund" sap:quickinfo="Sender fund"/><Property Name="SendingPubSecFunctionalArea" Type="Edm.String" MaxLength="16" sap:display-format="UpperCase" sap:label="Sender Fnc.Area" sap:quickinfo="Sending Functional Area"/><Property Name="SenderPubSecGrant" Type="Edm.String" MaxLength="20" sap:display-format="UpperCase" sap:label="Sender Grant"/><Property Name="SenderPubSecBudgetPeriod" Type="Edm.String" MaxLength="10" sap:display-format="UpperCase" sap:label="Sender Budget Per." sap:quickinfo="FM: Sender  Budget Period"/><Property Name="ReceiverPubSecFund" Type="Edm.String" MaxLength="10" sap:display-format="UpperCase" sap:label="Receiver Fund"/><Property Name="ReceiverPubSecFuncnlArea" Type="Edm.String" MaxLength="16" sap:display-format="UpperCase" sap:label="Receiving Func. Area" sap:quickinfo="Receiving Functional Area"/><Property Name="ReceiverPubSecGrant" Type="Edm.String" MaxLength="20" sap:display-format="UpperCase" sap:label="Receiver Grant"/><Property Name="ReceiverPubSecBudgetPeriod" Type="Edm.String" MaxLength="10" sap:display-format="UpperCase" sap:label="Receiver Budget Per." sap:quickinfo="FM: Receiver Budget Period"/><Property Name="LogicalSystem" Type="Edm.String" MaxLength="10" sap:display-format="UpperCase" sap:label="Log. system source" sap:quickinfo="Logical system of source document"/><Property Name="BillCode" Type="Edm.String" MaxLength="3" sap:display-format="UpperCase" sap:label="Bill Code"/><Property Name="BillCodeDescription" Type="Edm.String" MaxLength="35" sap:display-format="UpperCase" sap:label="Bill Code Desc" sap:quickinfo="Bill Code Description"/><Property Name="transfer" Type="Edm.Boolean" sap:display-format="UpperCase" sap:label="Transferred" sap:quickinfo="Data Transferred to the Target Component"/><Property Name="belnr" Type="Edm.String" MaxLength="10" sap:display-format="UpperCase" sap:label="Document no."/><Property Name="EmployeeStatus" Type="Edm.String" MaxLength="1" sap:display-format="UpperCase" sap:label="Employment status" sap:quickinfo="Employment Status"/><Property Name="ToPeriod" Type="Edm.DateTime" Precision="0" sap:display-format="Date" sap:label="Date"/></EntityType><EntityContainer Name="ZYOTCSTM_CATSDA_SRV_Entities" m:IsDefaultEntityContainer="true" sap:message-scope-supported="true" sap:supported-formats="atom json xlsx"><EntitySet Name="HT001Set" EntityType="ZYOTCSTM_CATSDA_SRV.HT001" sap:creatable="false" sap:updatable="false" sap:deletable="false" sap:searchable="true" sap:pageable="false" sap:content-version="1"/><EntitySet Name="KostnSet" EntityType="ZYOTCSTM_CATSDA_SRV.Kostn" sap:creatable="false" sap:updatable="false" sap:deletable="false" sap:searchable="true" sap:pageable="false" sap:content-version="1"/><EntitySet Name="Activity_VHSet" EntityType="ZYOTCSTM_CATSDA_SRV.Activity_VH" sap:creatable="false" sap:updatable="false" sap:deletable="false" sap:searchable="true" sap:pageable="false" sap:content-version="1"/><EntitySet Name="Talentid_VHSet" EntityType="ZYOTCSTM_CATSDA_SRV.Talentid_VH" sap:creatable="false" sap:updatable="false" sap:deletable="false" sap:searchable="true" sap:pageable="false" sap:content-version="1"/><EntitySet Name="HT005Set" EntityType="ZYOTCSTM_CATSDA_SRV.HT005" sap:creatable="false" sap:updatable="false" sap:deletable="false" sap:searchable="true" sap:pageable="false" sap:content-version="1"/><EntitySet Name="WBSelement_VHSet" EntityType="ZYOTCSTM_CATSDA_SRV.WBSelement_VH" sap:creatable="false" sap:updatable="false" sap:deletable="false" sap:searchable="true" sap:pageable="false" sap:content-version="1"/><EntitySet Name="Cats_DaSet" EntityType="ZYOTCSTM_CATSDA_SRV.Cats_Da" sap:creatable="false" sap:deletable="false" sap:searchable="true" sap:pageable="false" sap:content-version="1"/><EntitySet Name="ZYOTCSTM_CATSDA_ODATA" EntityType="ZYOTCSTM_CATSDA_SRV.ZYOTCSTM_CATSDA_ODATAType" sap:creatable="false" sap:updatable="false" sap:deletable="false" sap:content-version="1"/></EntityContainer><Annotations Target="ZYOTCSTM_CATSDA_SRV.ZYOTCSTM_CATSDA_SRV_Entities" xmlns="http://docs.oasis-open.org/odata/ns/edm"><Annotation Term="Common.ApplyMultiUnitBehaviorForSortingAndFiltering" Bool="true"/></Annotations><atom:link rel="self" href="https://IERP-YC4.PCE.IBM.COM:44391/sap/opu/odata/sap/ZYOTCSTM_CATSDA_SRV/$metadata" xmlns:atom="http://www.w3.org/2005/Atom"/><atom:link rel="latest-version" href="https://IERP-YC4.PCE.IBM.COM:44391/sap/opu/odata/sap/ZYOTCSTM_CATSDA_SRV/$metadata" xmlns:atom="http://www.w3.org/2005/Atom"/></Schema></edmx:DataServices></edmx:Edmx>