<edmx:Edmx xmlns:edmx="http://docs.oasis-open.org/odata/ns/edmx" Version="4.0">
	<edmx:Reference Uri="/sap/opu/odata/sap/Z_YOTCEN_IBASEINVSRV_RETRIEVAL_SRV/$metadata">
		<edmx:Include Alias="Metadata" Namespace="Z_YOTCEN_IBASEINVSRV_RETRIEVAL_SRV"/>
	</edmx:Reference>
	<edmx:Reference Uri="https://wiki.scn.sap.com/wiki/download/attachments/448470974/Common.xml?api=v2">
		<edmx:Include Alias="Common" Namespace="com.sap.vocabularies.Common.v1"/>
	</edmx:Reference>
	<edmx:Reference Uri="https://wiki.scn.sap.com/wiki/download/attachments/448470968/UI.xml?api=v2">
		<edmx:Include Alias="UI" Namespace="com.sap.vocabularies.UI.v1"/>
	</edmx:Reference>
	<edmx:DataServices>
		<Schema xmlns="http://docs.oasis-open.org/odata/ns/edm"
			Namespace="ZInvntryMaster.model.RetrievalAnnotation.Z_YOTCEN_IBASEINVSRV_RETRIEVAL_SRV">
			<Annotations Target="Metadata.Invsrv_Serial_Retval/SearchType">
				<Annotation Term="Common.ValueList">
					<Record Type="Common.ValueListType">
						<PropertyValue Property="CollectionPath" String="SCHTYP_DESCONSTSet"/>
						<PropertyValue Property="Parameters">
							<Collection>
								<Record Type="Common.ValueListParameterInOut">
									<PropertyValue Property="LocalDataProperty" PropertyPath="SearchType"/>
									<PropertyValue Property="ValueListProperty" String="SearchType"/>
								</Record>
							</Collection>
						</PropertyValue>
					</Record>
				</Annotation>
			</Annotations>
			<Annotations Target="Metadata.SCHTYP_DESCONST/SearchType">
				<Annotation Term="Common.Text" Path="Description"/>
			</Annotations>
			<Annotations Target="Metadata.Result_Screen/SearchType">
				<Annotation Term="Common.ValueList">
					<Record Type="Common.ValueListType">
						<PropertyValue Property="CollectionPath" String="SCHTYP_DESCONSTSet"/>
						<PropertyValue Property="Parameters">
							<Collection>
								<Record Type="Common.ValueListParameterInOut">
									<PropertyValue Property="LocalDataProperty" PropertyPath="SearchType"/>
									<PropertyValue Property="ValueListProperty" String="SearchType"/>
								</Record>
							</Collection>
						</PropertyValue>
					</Record>
				</Annotation>
			</Annotations>
			<Annotations Target="Metadata.Feature_details">
				<Annotation Term="UI.LineItem">
					<Collection>
						<Record Type="UI.DataField">
							<PropertyValue Property="Value" Path="Zzyprodtype"/>
						</Record>
						<Record Type="UI.DataField">
							<PropertyValue Property="Value" Path="Zzyfeatcode"/>
						</Record>
					</Collection>
				</Annotation>
			</Annotations>
			
			<Annotation Term="com.sap.vocabularies.UI.v1.SelectionVariant">
					<Record>
						<PropertyValue Property="Text" String="JUST TEST"/>
						<PropertyValue Property="SelectOptions">
							<Collection>
								<Record Type="com.sap.vocabularies.UI.v1.SelectOptionType">
									<PropertyValue Property="PropertyName" PropertyPath="Zzyprodtype"/>
									<PropertyValue Property="Ranges">
										<Collection>
											<Record Type="UI.SelectionRangeType">
												<PropertyValue EnumMember="com.sap.vocabularies.UI.v1.SelectionRangeSignType/I" Property="Sign"/>
												<PropertyValue EnumMember="com.sap.vocabularies.UI.v1.SelectionRangeOptionType/EQ" Property="Option"/>
												<PropertyValue Property="Low" String="0001"/>
											</Record>
										</Collection>
									</PropertyValue>
								</Record>
							</Collection>
						</PropertyValue>
					</Record>
				</Annotation>
		</Schema>
	</edmx:DataServices>
</edmx:Edmx>