<?xml version="1.0" encoding="utf-8"?><edmx:Edmx Version="1.0" xmlns:edmx="http://schemas.microsoft.com/ado/2007/06/edmx" xmlns:m="http://schemas.microsoft.com/ado/2007/08/dataservices/metadata" xmlns:sap="http://www.sap.com/Protocols/SAPData"><edmx:DataServices m:DataServiceVersion="2.0"><Schema Namespace="Z_YOTCEN_IBASEINVSRV_RETRIEVAL_SRV" xml:lang="en" sap:schema-version="1" xmlns="http://schemas.microsoft.com/ado/2008/09/edm"><Annotation Term="Core.SchemaVersion" String="1.0.0" xmlns="http://docs.oasis-open.org/odata/ns/edm"/><EntityType Name="Feature_details" sap:content-version="1"><Key><PropertyRef Name="Zzyprodtype"/><PropertyRef Name="Zzyprodserial"/><PropertyRef Name="Zzyfeatcode"/></Key><Property Name="Zzyprodtype" Type="Edm.String" Nullable="false" MaxLength="4" sap:unicode="false" sap:label="Type" sap:creatable="false" sap:updatable="false" sap:sortable="false" sap:filterable="false"/><Property Name="Zzyprodserial" Type="Edm.String" Nullable="false" MaxLength="40" sap:unicode="false" sap:label="Manufact. Serial No." sap:creatable="false" sap:updatable="false" sap:sortable="false" sap:filterable="false"/><Property Name="Zzyprodinstalldate" Type="Edm.String" Nullable="false" MaxLength="10" sap:unicode="false" sap:label="Eff/Install Date" sap:creatable="false" sap:updatable="false" sap:sortable="false" sap:filterable="false"/><Property Name="Zzyprodwarrantystartdate" Type="Edm.String" Nullable="false" MaxLength="19" sap:unicode="false" sap:label="Warranty Start(Time)" sap:creatable="false" sap:updatable="false" sap:sortable="false" sap:filterable="false"/><Property Name="Zzyprodwarrantyexpdate" Type="Edm.String" Nullable="false" MaxLength="19" sap:unicode="false" sap:label="Warranty End (Time )" sap:creatable="false" sap:updatable="false" sap:sortable="false" sap:filterable="false"/><Property Name="Zzyfeatcode" Type="Edm.String" Nullable="false" MaxLength="7" sap:unicode="false" sap:label="Feature Code" sap:creatable="false" sap:updatable="false" sap:sortable="false" sap:filterable="false"/><Property Name="Zzyfeainstdate" Type="Edm.String" Nullable="false" MaxLength="10" sap:unicode="false" sap:label="Feature Install Date" sap:creatable="false" sap:updatable="false" sap:sortable="false" sap:filterable="false"/><Property Name="Zzyfeatquantity" Type="Edm.String" Nullable="false" MaxLength="4" sap:unicode="false" sap:label="Subcomp Quantity" sap:creatable="false" sap:updatable="false" sap:sortable="false" sap:filterable="false"/><Property Name="Zzyfeatdesc" Type="Edm.String" Nullable="false" MaxLength="40" sap:unicode="false" sap:label="Feature Description" sap:creatable="false" sap:updatable="false" sap:sortable="false" sap:filterable="false"/></EntityType><EntityType Name="Invsrv_Serial_Retval" sap:content-version="1"><Key><PropertyRef Name="Zzyprodtype"/><PropertyRef Name="Zzyprodserial"/><PropertyRef Name="SearchType"/></Key><Property Name="Zzyprodtype" Type="Edm.String" Nullable="false" MaxLength="4" sap:unicode="false" sap:label="Machine Type" sap:creatable="false" sap:updatable="false"/><Property Name="Country" Type="Edm.String" Nullable="false" MaxLength="3" sap:unicode="false" sap:label="Country" sap:creatable="false" sap:updatable="false" sap:sortable="false" sap:filterable="false"/><Property Name="Zzyprodmodel" Type="Edm.String" Nullable="false" MaxLength="40" sap:unicode="false" sap:label="Model Number" sap:creatable="false" sap:updatable="false" sap:sortable="false" sap:filterable="false"/><Property Name="Zzyprodserial" Type="Edm.String" Nullable="false" MaxLength="40" sap:unicode="false" sap:label="Serial No" sap:creatable="false" sap:updatable="false"/><Property Name="Zzyprodproofent" Type="Edm.String" Nullable="false" MaxLength="10" sap:unicode="false" sap:label="Sales Contract Ref" sap:creatable="false" sap:updatable="false" sap:sortable="false" sap:filterable="false"/><Property Name="Zzyprodinstallcustnbr" Type="Edm.String" Nullable="false" MaxLength="32" sap:unicode="false" sap:label="Partner Number" sap:creatable="false" sap:updatable="false" sap:sortable="false" sap:filterable="false"/><Property Name="Zzychildpartnerfunction" Type="Edm.String" Nullable="false" MaxLength="5" sap:unicode="false" sap:label="Chld Partner Function" sap:creatable="false" sap:updatable="false" sap:sortable="false" sap:filterable="false"/><Property Name="Zzyparentsitepartyid" Type="Edm.String" Nullable="false" MaxLength="10" sap:unicode="false" sap:label="Parent Site Party ID" sap:creatable="false" sap:updatable="false" sap:sortable="false" sap:filterable="false"/><Property Name="Zzyparentpartnerfunction" Type="Edm.String" Nullable="false" MaxLength="5" sap:unicode="false" sap:label="Parent Partner Function" sap:creatable="false" sap:updatable="false" sap:sortable="false" sap:filterable="false"/><Property Name="Zzysapdocnumber" Type="Edm.String" Nullable="false" MaxLength="10" sap:unicode="false" sap:label="Sales Order Number" sap:creatable="false" sap:updatable="false" sap:sortable="false" sap:filterable="false"/><Property Name="Zzysapdoclineitem" Type="Edm.String" Nullable="false" MaxLength="8" sap:unicode="false" sap:label="Sales Order item" sap:creatable="false" sap:updatable="false" sap:sortable="false" sap:filterable="false"/><Property Name="Zzysapdocnumberrange" Type="Edm.String" Nullable="false" MaxLength="9" sap:unicode="false" sap:label="SAP Document Number Range Object" sap:creatable="false" sap:updatable="false" sap:sortable="false" sap:filterable="false"/><Property Name="Zzyprodinstallcustname" Type="Edm.String" Nullable="false" MaxLength="30" sap:unicode="false" sap:label="Product Install Customer Name" sap:creatable="false" sap:updatable="false" sap:sortable="false" sap:filterable="false"/><Property Name="Zzyprodowningcustnbr" Type="Edm.String" Nullable="false" MaxLength="10" sap:unicode="false" sap:label="Product Owning Customer Number" sap:creatable="false" sap:updatable="false" sap:sortable="false" sap:filterable="false"/><Property Name="Zzyparentpartnerfunction1" Type="Edm.String" Nullable="false" MaxLength="5" sap:unicode="false" sap:label="Parent Partner Function 1" sap:creatable="false" sap:updatable="false" sap:sortable="false" sap:filterable="false"/><Property Name="Zzysapdocnumber1" Type="Edm.String" Nullable="false" MaxLength="10" sap:unicode="false" sap:label="Sales Order Number1" sap:creatable="false" sap:updatable="false" sap:sortable="false" sap:filterable="false"/><Property Name="Zzysapdoclineitem1" Type="Edm.String" Nullable="false" MaxLength="8" sap:unicode="false" sap:label="Sales Order Item 1" sap:creatable="false" sap:updatable="false" sap:sortable="false" sap:filterable="false"/><Property Name="Zzysapdocnumberrange1" Type="Edm.String" Nullable="false" MaxLength="9" sap:unicode="false" sap:label="SAP Document Number Range Object 1
" sap:creatable="false" sap:updatable="false" sap:sortable="false" sap:filterable="false"/><Property Name="Zzyprodowningcustname" Type="Edm.String" Nullable="false" MaxLength="30" sap:unicode="false" sap:label="Product Owning Customer name" sap:creatable="false" sap:updatable="false" sap:sortable="false" sap:filterable="false"/><Property Name="Zzyprodsystype" Type="Edm.String" Nullable="false" MaxLength="4" sap:unicode="false" sap:label="System Type" sap:creatable="false" sap:updatable="false" sap:sortable="false" sap:filterable="false"/><Property Name="Zzyprodsysnbr" Type="Edm.String" Nullable="false" MaxLength="7" sap:unicode="false" sap:label="System Number" sap:creatable="false" sap:updatable="false" sap:sortable="false" sap:filterable="false"/><Property Name="Zzyprodcputype" Type="Edm.String" Nullable="false" MaxLength="16" sap:unicode="false" sap:label="Product CPU Type" sap:creatable="false" sap:updatable="false" sap:sortable="false" sap:filterable="false"/><Property Name="Zzyprodcpuserial" Type="Edm.String" Nullable="false" MaxLength="16" sap:unicode="false" sap:label="Product CPU Serial" sap:creatable="false" sap:updatable="false" sap:sortable="false" sap:filterable="false"/><Property Name="Zzyprodbrand" Type="Edm.String" Nullable="false" MaxLength="3" sap:unicode="false" sap:label="Product Group 1" sap:creatable="false" sap:updatable="false" sap:sortable="false" sap:filterable="false"/><Property Name="Zzyprodcat" Type="Edm.String" Nullable="false" MaxLength="3" sap:unicode="false" sap:label="Product Group 5" sap:creatable="false" sap:updatable="false" sap:sortable="false" sap:filterable="false"/><Property Name="Zzyprodaction" Type="Edm.String" Nullable="false" MaxLength="1" sap:unicode="false" sap:label="Product Action Code" sap:creatable="false" sap:updatable="false" sap:sortable="false" sap:filterable="false"/><Property Name="Zzyproddescr" Type="Edm.String" Nullable="false" MaxLength="40" sap:unicode="false" sap:label="Product Description" sap:creatable="false" sap:updatable="false" sap:sortable="false" sap:filterable="false"/><Property Name="Zzyprodorderstatus" Type="Edm.String" Nullable="false" MaxLength="5" sap:unicode="false" sap:label="Object Status" sap:creatable="false" sap:updatable="false" sap:sortable="false" sap:filterable="false"/><Property Name="Zzyprodordernbr" Type="Edm.String" Nullable="false" MaxLength="18" sap:unicode="false" sap:label="Plant Order Number" sap:creatable="false" sap:updatable="false" sap:sortable="false" sap:filterable="false"/><Property Name="Zzyprodmesordernbr" Type="Edm.String" Nullable="false" MaxLength="18" sap:unicode="false" sap:label="MES Plant Order Number" sap:creatable="false" sap:updatable="false" sap:sortable="false" sap:filterable="false"/><Property Name="Zzyprodstackseqnbr" Type="Edm.String" Nullable="false" MaxLength="10" sap:unicode="false" sap:label="Sort string" sap:creatable="false" sap:updatable="false" sap:sortable="false" sap:filterable="false"/><Property Name="Zzyprodcontractstatus" Type="Edm.String" Nullable="false" MaxLength="250" sap:unicode="false" sap:label="Product.Contract Status" sap:creatable="false" sap:updatable="false" sap:sortable="false" sap:filterable="false"/><Property Name="Zzyprodcontractnbr" Type="Edm.String" Nullable="false" MaxLength="10" sap:unicode="false" sap:label="Transaction ID" sap:creatable="false" sap:updatable="false" sap:sortable="false" sap:filterable="false"/><Property Name="Zzyprodpurchaselease" Type="Edm.String" Nullable="false" MaxLength="1" sap:unicode="false" sap:label="Indicates either purchase or lease" sap:creatable="false" sap:updatable="false" sap:sortable="false" sap:filterable="false"/><Property Name="Zzyprodinstalldate" Type="Edm.String" Nullable="false" MaxLength="10" sap:unicode="false" sap:label="Eff/Install Date" sap:creatable="false" sap:updatable="false" sap:sortable="false" sap:filterable="false"/><Property Name="Zzyproddiscontinuedate" Type="Edm.String" Nullable="false" MaxLength="10" sap:unicode="false" sap:label="Comp End Eff Date" sap:creatable="false" sap:updatable="false" sap:sortable="false" sap:filterable="false"/><Property Name="Zzyprodwarrantystartdate" Type="Edm.String" Nullable="false" MaxLength="19" sap:unicode="false" sap:label="Warranty Start (Time Stamp)" sap:creatable="false" sap:updatable="false" sap:sortable="false" sap:filterable="false"/><Property Name="Zzyprodwarrantyexpdate" Type="Edm.String" Nullable="false" MaxLength="19" sap:unicode="false" sap:label="Warranty End (Time Stamp)" sap:creatable="false" sap:updatable="false" sap:sortable="false" sap:filterable="false"/><Property Name="Zzyprodlastupgradedate" Type="Edm.String" Nullable="false" MaxLength="10" sap:unicode="false" sap:label="Product Last Upgrade Date" sap:creatable="false" sap:updatable="false" sap:sortable="false" sap:filterable="false"/><Property Name="Zzyprodshippeddate" Type="Edm.String" Nullable="false" MaxLength="10" sap:unicode="false" sap:label="Ship Date" sap:creatable="false" sap:updatable="false" sap:sortable="false" sap:filterable="false"/><Property Name="Zzyprodcraddate" Type="Edm.String" Nullable="false" MaxLength="10" sap:unicode="false" sap:label="Customer Requested Availability Date" sap:creatable="false" sap:updatable="false" sap:sortable="false" sap:filterable="false"/><Property Name="Zzyprodccaddate" Type="Edm.String" Nullable="false" MaxLength="10" sap:unicode="false" sap:label="Calc. Cust. Arrival Date" sap:creatable="false" sap:updatable="false" sap:sortable="false" sap:filterable="false"/><Property Name="ZzkvSyslo" Type="Edm.String" Nullable="false" MaxLength="3" sap:unicode="false" sap:label="System Location Code" sap:creatable="false" sap:updatable="false" sap:sortable="false" sap:filterable="false"/><Property Name="ZzstatCode" Type="Edm.String" Nullable="false" MaxLength="20" sap:unicode="false" sap:label="Status Code" sap:creatable="false" sap:updatable="false" sap:sortable="false" sap:filterable="false"/><Property Name="ZzstatDescr" Type="Edm.String" Nullable="false" MaxLength="60" sap:unicode="false" sap:label="Status Description" sap:creatable="false" sap:updatable="false" sap:sortable="false" sap:filterable="false"/><Property Name="Crdat" Type="Edm.String" Nullable="false" MaxLength="19" sap:unicode="false" sap:label="Record Created At" sap:creatable="false" sap:updatable="false" sap:sortable="false" sap:filterable="false"/><Property Name="Crnam" Type="Edm.String" Nullable="false" MaxLength="12" sap:unicode="false" sap:label="Created By" sap:creatable="false" sap:updatable="false" sap:filterable="false"/><Property Name="SearchType" Type="Edm.String" Nullable="false" MaxLength="2" sap:unicode="false" sap:label="Search Type" sap:creatable="false" sap:updatable="false" sap:sortable="false"/><Property Name="ZserialLong" Type="Edm.String" Nullable="false" MaxLength="72" sap:unicode="false" sap:label="Serial No Long" sap:creatable="false" sap:updatable="false" sap:sortable="false" sap:filterable="false"/><Property Name="Description" Type="Edm.String" Nullable="false" MaxLength="100" sap:unicode="false" sap:label="Search Type Descript" sap:creatable="false" sap:updatable="false" sap:sortable="false" sap:filterable="false"/><Property Name="CmrInstall" Type="Edm.String" Nullable="false" MaxLength="10" sap:unicode="false" sap:label="Install-At CMR" sap:creatable="false" sap:updatable="false" sap:sortable="false" sap:filterable="false"/><Property Name="CmrSoldto" Type="Edm.String" Nullable="false" MaxLength="10" sap:unicode="false" sap:label="Sold-To CMR" sap:creatable="false" sap:updatable="false" sap:sortable="false" sap:filterable="false"/></EntityType><EntityType Name="Result_Screen" sap:content-version="1"><Key><PropertyRef Name="Zzyprodtype"/><PropertyRef Name="Zzyprodserial"/><PropertyRef Name="SearchType"/></Key><Property Name="Country" Type="Edm.String" Nullable="false" MaxLength="3" sap:unicode="false" sap:label="Country" sap:creatable="false" sap:updatable="false" sap:sortable="false" sap:filterable="false"/><Property Name="Zzyprodtype" Type="Edm.String" Nullable="false" MaxLength="4" sap:unicode="false" sap:label="Machine Type" sap:creatable="false" sap:updatable="false"/><Property Name="Zzyprodmodel" Type="Edm.String" Nullable="false" MaxLength="40" sap:unicode="false" sap:label="Model Number" sap:creatable="false" sap:updatable="false" sap:sortable="false" sap:filterable="false"/><Property Name="Zzyprodserial" Type="Edm.String" Nullable="false" MaxLength="40" sap:unicode="false" sap:label="Serial No." sap:creatable="false" sap:updatable="false"/><Property Name="Zzyprodproofent" Type="Edm.String" Nullable="false" MaxLength="10" sap:unicode="false" sap:label="Sales Contract Ref" sap:creatable="false" sap:updatable="false" sap:sortable="false" sap:filterable="false"/><Property Name="Zzyprodinstallcustnbr" Type="Edm.String" Nullable="false" MaxLength="32" sap:unicode="false" sap:label="Partner Number" sap:creatable="false" sap:updatable="false" sap:sortable="false" sap:filterable="false"/><Property Name="Zzychildpartnerfunction" Type="Edm.String" Nullable="false" MaxLength="5" sap:unicode="false" sap:label="Chld Partner Function" sap:creatable="false" sap:updatable="false" sap:sortable="false" sap:filterable="false"/><Property Name="Zzyparentsitepartyid" Type="Edm.String" Nullable="false" MaxLength="10" sap:unicode="false" sap:label="Parent Site Party ID" sap:creatable="false" sap:updatable="false" sap:sortable="false" sap:filterable="false"/><Property Name="Zzyparentpartnerfunction" Type="Edm.String" Nullable="false" MaxLength="5" sap:unicode="false" sap:label="Parent Partner Function" sap:creatable="false" sap:updatable="false" sap:sortable="false" sap:filterable="false"/><Property Name="Zzysapdocnumber" Type="Edm.String" Nullable="false" MaxLength="10" sap:unicode="false" sap:label="Sales Order Number" sap:creatable="false" sap:updatable="false" sap:sortable="false" sap:filterable="false"/><Property Name="Zzysapdoclineitem" Type="Edm.String" Nullable="false" MaxLength="8" sap:unicode="false" sap:label="Sales Order item" sap:creatable="false" sap:updatable="false" sap:sortable="false" sap:filterable="false"/><Property Name="Zzysapdocnumberrange" Type="Edm.String" Nullable="false" MaxLength="9" sap:unicode="false" sap:label="SAP Document Number Range Object" sap:creatable="false" sap:updatable="false" sap:sortable="false" sap:filterable="false"/><Property Name="Zzyprodinstallcustname" Type="Edm.String" Nullable="false" MaxLength="30" sap:unicode="false" sap:label="Product Install Customer Name" sap:creatable="false" sap:updatable="false" sap:sortable="false" sap:filterable="false"/><Property Name="Zzyprodowningcustnbr" Type="Edm.String" Nullable="false" MaxLength="10" sap:unicode="false" sap:label="Product Owning Customer Number" sap:creatable="false" sap:updatable="false" sap:sortable="false" sap:filterable="false"/><Property Name="Zzyparentpartnerfunction1" Type="Edm.String" Nullable="false" MaxLength="5" sap:unicode="false" sap:label="Parent Partner Function 1" sap:creatable="false" sap:updatable="false" sap:sortable="false" sap:filterable="false"/><Property Name="Zzysapdocnumber1" Type="Edm.String" Nullable="false" MaxLength="10" sap:unicode="false" sap:label="Sales Order Number1" sap:creatable="false" sap:updatable="false" sap:sortable="false" sap:filterable="false"/><Property Name="Zzysapdoclineitem1" Type="Edm.String" Nullable="false" MaxLength="8" sap:unicode="false" sap:label="Sales Order Item 1" sap:creatable="false" sap:updatable="false" sap:sortable="false" sap:filterable="false"/><Property Name="Zzysapdocnumberrange1" Type="Edm.String" Nullable="false" MaxLength="9" sap:unicode="false" sap:label="SAP Document Number Range Object 1" sap:creatable="false" sap:updatable="false" sap:sortable="false" sap:filterable="false"/><Property Name="Zzyprodowningcustname" Type="Edm.String" Nullable="false" MaxLength="30" sap:unicode="false" sap:label="Product Owning Customer name" sap:creatable="false" sap:updatable="false" sap:sortable="false" sap:filterable="false"/><Property Name="Zzyprodsystype" Type="Edm.String" Nullable="false" MaxLength="4" sap:unicode="false" sap:label="System Type" sap:creatable="false" sap:updatable="false" sap:sortable="false" sap:filterable="false"/><Property Name="Zzyprodsysnbr" Type="Edm.String" Nullable="false" MaxLength="7" sap:unicode="false" sap:label="System Number" sap:creatable="false" sap:updatable="false" sap:sortable="false" sap:filterable="false"/><Property Name="Zzyprodcputype" Type="Edm.String" Nullable="false" MaxLength="16" sap:unicode="false" sap:label="Product CPU Type" sap:creatable="false" sap:updatable="false" sap:sortable="false" sap:filterable="false"/><Property Name="Zzyprodcpuserial" Type="Edm.String" Nullable="false" MaxLength="16" sap:unicode="false" sap:label="Product CPU Serial" sap:creatable="false" sap:updatable="false" sap:sortable="false" sap:filterable="false"/><Property Name="Zzyprodbrand" Type="Edm.String" Nullable="false" MaxLength="3" sap:unicode="false" sap:label="Product Group 1" sap:creatable="false" sap:updatable="false" sap:sortable="false" sap:filterable="false"/><Property Name="Zzyprodcat" Type="Edm.String" Nullable="false" MaxLength="3" sap:unicode="false" sap:label="Product Group 5" sap:creatable="false" sap:updatable="false" sap:sortable="false" sap:filterable="false"/><Property Name="Zzyprodaction" Type="Edm.String" Nullable="false" MaxLength="1" sap:unicode="false" sap:label="Product Action Code" sap:creatable="false" sap:updatable="false" sap:sortable="false" sap:filterable="false"/><Property Name="Zzyproddescr" Type="Edm.String" Nullable="false" MaxLength="40" sap:unicode="false" sap:label="Product Description" sap:creatable="false" sap:updatable="false" sap:sortable="false" sap:filterable="false"/><Property Name="Zzyprodorderstatus" Type="Edm.String" Nullable="false" MaxLength="5" sap:unicode="false" sap:label="Object Status" sap:creatable="false" sap:updatable="false" sap:sortable="false" sap:filterable="false"/><Property Name="Zzyprodordernbr" Type="Edm.String" Nullable="false" MaxLength="18" sap:unicode="false" sap:label="Plant Order Number" sap:creatable="false" sap:updatable="false" sap:sortable="false" sap:filterable="false"/><Property Name="Zzyprodmesordernbr" Type="Edm.String" Nullable="false" MaxLength="18" sap:unicode="false" sap:label="MES Plant Order Number" sap:creatable="false" sap:updatable="false" sap:sortable="false" sap:filterable="false"/><Property Name="Zzyprodstackseqnbr" Type="Edm.String" Nullable="false" MaxLength="10" sap:unicode="false" sap:label="Sort string" sap:creatable="false" sap:updatable="false" sap:sortable="false" sap:filterable="false"/><Property Name="Zzyprodcontractstatus" Type="Edm.String" Nullable="false" MaxLength="250" sap:unicode="false" sap:label="Product Contract Status" sap:creatable="false" sap:updatable="false" sap:sortable="false" sap:filterable="false"/><Property Name="Zzyprodcontractnbr" Type="Edm.String" Nullable="false" MaxLength="10" sap:unicode="false" sap:label="Transaction ID." sap:creatable="false" sap:updatable="false" sap:sortable="false" sap:filterable="false"/><Property Name="Zzyprodpurchaselease" Type="Edm.String" Nullable="false" MaxLength="1" sap:unicode="false" sap:label="Indicates either purchase or lease" sap:creatable="false" sap:updatable="false" sap:sortable="false" sap:filterable="false"/><Property Name="Zzyprodinstalldate" Type="Edm.String" Nullable="false" MaxLength="10" sap:unicode="false" sap:label="Eff/Install Date" sap:creatable="false" sap:updatable="false" sap:sortable="false" sap:filterable="false"/><Property Name="Zzyproddiscontinuedate" Type="Edm.String" Nullable="false" MaxLength="10" sap:unicode="false" sap:label="Comp End Eff Date" sap:creatable="false" sap:updatable="false" sap:sortable="false" sap:filterable="false"/><Property Name="Zzyprodwarrantystartdate" Type="Edm.String" Nullable="false" MaxLength="19" sap:unicode="false" sap:label="Warranty Start (Time Stamp)" sap:creatable="false" sap:updatable="false" sap:sortable="false" sap:filterable="false"/><Property Name="Zzyprodwarrantyexpdate" Type="Edm.String" Nullable="false" MaxLength="19" sap:unicode="false" sap:label="Warranty End (Time Stamp)" sap:creatable="false" sap:updatable="false" sap:sortable="false" sap:filterable="false"/><Property Name="Zzyprodlastupgradedate" Type="Edm.String" Nullable="false" MaxLength="10" sap:unicode="false" sap:label="Product Last Upgrade Date" sap:creatable="false" sap:updatable="false" sap:sortable="false" sap:filterable="false"/><Property Name="Zzyprodshippeddate" Type="Edm.String" Nullable="false" MaxLength="10" sap:unicode="false" sap:label="Ship Date" sap:creatable="false" sap:updatable="false" sap:sortable="false" sap:filterable="false"/><Property Name="Zzyprodcraddate" Type="Edm.String" Nullable="false" MaxLength="10" sap:unicode="false" sap:label="Customer Requested Availability Date" sap:creatable="false" sap:updatable="false" sap:sortable="false" sap:filterable="false"/><Property Name="Zzyprodccaddate" Type="Edm.String" Nullable="false" MaxLength="10" sap:unicode="false" sap:label="Calc. Cust. Arrival Date" sap:creatable="false" sap:updatable="false" sap:sortable="false" sap:filterable="false"/><Property Name="ZzkvSyslo" Type="Edm.String" Nullable="false" MaxLength="3" sap:unicode="false" sap:label="System Location Code" sap:creatable="false" sap:updatable="false" sap:sortable="false" sap:filterable="false"/><Property Name="ZzstatCode" Type="Edm.String" Nullable="false" MaxLength="20" sap:unicode="false" sap:label="Status Code" sap:creatable="false" sap:updatable="false" sap:sortable="false" sap:filterable="false"/><Property Name="ZzstatDescr" Type="Edm.String" Nullable="false" MaxLength="60" sap:unicode="false" sap:label="Status Description" sap:creatable="false" sap:updatable="false" sap:sortable="false" sap:filterable="false"/><Property Name="Crdat" Type="Edm.String" Nullable="false" MaxLength="19" sap:unicode="false" sap:label="Record Created At" sap:creatable="false" sap:updatable="false" sap:filterable="false"/><Property Name="Crnam" Type="Edm.String" Nullable="false" MaxLength="12" sap:unicode="false" sap:label="Created By" sap:creatable="false" sap:updatable="false" sap:sortable="false" sap:filterable="false"/><Property Name="SearchType" Type="Edm.String" Nullable="false" MaxLength="2" sap:unicode="false" sap:label="Search Type" sap:creatable="false" sap:updatable="false" sap:sortable="false"/><Property Name="ZserialLong" Type="Edm.String" Nullable="false" MaxLength="72" sap:unicode="false" sap:label="Serial No Long" sap:creatable="false" sap:updatable="false" sap:sortable="false" sap:filterable="false"/><Property Name="Description" Type="Edm.String" Nullable="false" MaxLength="100" sap:unicode="false" sap:label="Search Type Description" sap:creatable="false" sap:updatable="false" sap:sortable="false" sap:filterable="false"/><Property Name="CmrInstall" Type="Edm.String" Nullable="false" MaxLength="10" sap:unicode="false" sap:label="Install-At CMR" sap:creatable="false" sap:updatable="false" sap:sortable="false" sap:filterable="false"/><Property Name="CmrSoldto" Type="Edm.String" Nullable="false" MaxLength="10" sap:unicode="false" sap:label="Sold-To CMR" sap:creatable="false" sap:updatable="false" sap:sortable="false" sap:filterable="false"/></EntityType><EntityType Name="SCHTYP_DESCONST" sap:content-version="1"><Key><PropertyRef Name="SearchType"/></Key><Property Name="SearchType" Type="Edm.String" Nullable="false" MaxLength="2" sap:unicode="false" sap:label="Search Type" sap:creatable="false" sap:updatable="false" sap:sortable="false" sap:filterable="false"/><Property Name="Description" Type="Edm.String" Nullable="false" MaxLength="100" sap:unicode="false" sap:label="Search Type Description" sap:creatable="false" sap:updatable="false" sap:sortable="false" sap:filterable="false"/></EntityType><EntityType Name="ORDER_Customer_Tag" sap:content-version="1"><Key><PropertyRef Name="Machinetype"/><PropertyRef Name="Serialno"/></Key><Property Name="Customer" Type="Edm.String" Nullable="false" MaxLength="10" sap:unicode="false" sap:label="BusinessPartner" sap:creatable="false" sap:updatable="false" sap:sortable="false"/><Property Name="Plantorder" Type="Edm.String" Nullable="false" MaxLength="18" sap:unicode="false" sap:label="Plant Order Number" sap:creatable="false" sap:updatable="false" sap:sortable="false"/><Property Name="Machinetype" Type="Edm.String" Nullable="false" MaxLength="4" sap:unicode="false" sap:label="Type" sap:creatable="false" sap:updatable="false" sap:sortable="false" sap:filterable="false"/><Property Name="Serialno" Type="Edm.String" Nullable="false" MaxLength="40" sap:unicode="false" sap:label="Manufacture Serial Number" sap:creatable="false" sap:updatable="false" sap:sortable="false" sap:filterable="false"/><Property Name="Salesorder" Type="Edm.String" Nullable="false" MaxLength="10" sap:unicode="false" sap:label="Sales Order Number" sap:creatable="false" sap:updatable="false" sap:sortable="false"/></EntityType><EntityContainer Name="Z_YOTCEN_IBASEINVSRV_RETRIEVAL_SRV_Entities" m:IsDefaultEntityContainer="true" sap:supported-formats="atom json xlsx"><EntitySet Name="Feature_detailsSet" EntityType="Z_YOTCEN_IBASEINVSRV_RETRIEVAL_SRV.Feature_details" sap:creatable="false" sap:updatable="false" sap:deletable="false" sap:searchable="true" sap:pageable="false" sap:content-version="1"/><EntitySet Name="Invsrv_Serial_RetvalSet" EntityType="Z_YOTCEN_IBASEINVSRV_RETRIEVAL_SRV.Invsrv_Serial_Retval" sap:creatable="false" sap:updatable="false" sap:deletable="false" sap:searchable="true" sap:pageable="false" sap:content-version="1"/><EntitySet Name="Result_ScreenSet" EntityType="Z_YOTCEN_IBASEINVSRV_RETRIEVAL_SRV.Result_Screen" sap:creatable="false" sap:updatable="false" sap:deletable="false" sap:searchable="true" sap:pageable="false" sap:content-version="1"/><EntitySet Name="SCHTYP_DESCONSTSet" EntityType="Z_YOTCEN_IBASEINVSRV_RETRIEVAL_SRV.SCHTYP_DESCONST" sap:creatable="false" sap:updatable="false" sap:deletable="false" sap:pageable="false" sap:content-version="1"/><EntitySet Name="ORDER_Customer_TagSet" EntityType="Z_YOTCEN_IBASEINVSRV_RETRIEVAL_SRV.ORDER_Customer_Tag" sap:creatable="false" sap:updatable="false" sap:deletable="false" sap:pageable="false" sap:content-version="1"/></EntityContainer><atom:link rel="self" href="https://sapyclci.cpc.ibm.com/sap/opu/odata/sap/Z_YOTCEN_IBASEINVSRV_RETRIEVAL_SRV/$metadata" xmlns:atom="http://www.w3.org/2005/Atom"/><atom:link rel="latest-version" href="https://sapyclci.cpc.ibm.com/sap/opu/odata/sap/Z_YOTCEN_IBASEINVSRV_RETRIEVAL_SRV/$metadata" xmlns:atom="http://www.w3.org/2005/Atom"/></Schema></edmx:DataServices></edmx:Edmx>