<?xml version="1.0" encoding="utf-8"?><edmx:Edmx Version="1.0" xmlns:edmx="http://schemas.microsoft.com/ado/2007/06/edmx" xmlns:m="http://schemas.microsoft.com/ado/2007/08/dataservices/metadata" xmlns:sap="http://www.sap.com/Protocols/SAPData"><edmx:DataServices m:DataServiceVersion="2.0"><Schema Namespace="Z_YOTCOM_DIGITAL_ANALYTICS_SRV" xml:lang="en" sap:schema-version="1" xmlns="http://schemas.microsoft.com/ado/2008/09/edm"><Annotation Term="Core.SchemaVersion" String="1.0.0" xmlns="http://docs.oasis-open.org/odata/ns/edm"/><EntityType Name="UserCMB" sap:content-version="1"><Key><PropertyRef Name="BNAME"/></Key><Property Name="BNAME" Type="Edm.String" Nullable="false" MaxLength="12" sap:unicode="false" sap:label="User Name" sap:creatable="false" sap:updatable="false" sap:sortable="false" sap:filterable="false"/><Property Name="Email" Type="Edm.String" Nullable="false" MaxLength="241" sap:unicode="false" sap:label="E-Mail Address" sap:creatable="false" sap:updatable="false" sap:sortable="false" sap:filterable="false"/><Property Name="KyndirlUser" Type="Edm.String" Nullable="false" MaxLength="1" sap:unicode="false" sap:label="Kyndril user" sap:creatable="false" sap:updatable="false" sap:sortable="false" sap:filterable="false"/><Property Name="YpeRole" Type="Edm.String" Nullable="false" MaxLength="30" sap:unicode="false" sap:label="Role" sap:creatable="false" sap:updatable="false" sap:sortable="false" sap:filterable="false"/><Property Name="SystemId" Type="Edm.String" Nullable="false" MaxLength="8" sap:unicode="false" sap:label="SAP System ID" sap:creatable="false" sap:updatable="false" sap:sortable="false" sap:filterable="false"/><Property Name="DescRole" Type="Edm.String" Nullable="false" MaxLength="80" sap:unicode="false" sap:label="Short Description" sap:creatable="false" sap:updatable="false" sap:sortable="false" sap:filterable="false"/><Property Name="User" Type="Edm.String" Nullable="false" MaxLength="10" sap:unicode="false" sap:label="user" sap:creatable="false" sap:updatable="false" sap:sortable="false" sap:filterable="false"/><Property Name="VNAME" Type="Edm.String" MaxLength="40" sap:unicode="false" sap:label="Name" sap:creatable="false" sap:updatable="false" sap:sortable="false" sap:filterable="false"/><Property Name="NNAME" Type="Edm.String" MaxLength="40" sap:unicode="false" sap:label="Surname" sap:creatable="false" sap:updatable="false" sap:sortable="false" sap:filterable="false"/><Property Name="COUNTRYKEY" Type="Edm.String" MaxLength="3" sap:unicode="false" sap:label="Country Key" sap:creatable="false" sap:sortable="false" sap:filterable="false"/><Property Name="COUNTRY" Type="Edm.String" MaxLength="60" sap:unicode="false" sap:label="Country" sap:creatable="false" sap:sortable="false" sap:filterable="false"/><Property Name="MARKETKEY" Type="Edm.String" MaxLength="3" sap:unicode="false" sap:label="Market Key" sap:creatable="false" sap:sortable="false" sap:filterable="false"/><Property Name="MARKET" Type="Edm.String" MaxLength="60" sap:unicode="false" sap:label="Market" sap:creatable="false" sap:sortable="false" sap:filterable="false"/><Property Name="BRANDKEY" Type="Edm.String" MaxLength="3" sap:unicode="false" sap:label="Brand Key" sap:creatable="false" sap:sortable="false" sap:filterable="false"/><Property Name="BRAND" Type="Edm.String" MaxLength="60" sap:unicode="false" sap:label="Brand" sap:creatable="false" sap:sortable="false" sap:filterable="false"/><Property Name="BIS_UNKEY" Type="Edm.String" MaxLength="3" sap:unicode="false" sap:label="Business Unit List" sap:creatable="false" sap:sortable="false" sap:filterable="false"/><Property Name="BIS_UN" Type="Edm.String" MaxLength="60" sap:unicode="false" sap:label="Short text" sap:creatable="false" sap:sortable="false" sap:filterable="false"/><Property Name="CHANGEDAT" Type="Edm.DateTime" Precision="7" sap:unicode="false" sap:label="Changed at" sap:creatable="false" sap:updatable="false" sap:sortable="false" sap:filterable="false"/><Property Name="NEEDUPDATE" Type="Edm.String" MaxLength="1" sap:unicode="false" sap:label="Flag to show if update if needed ('X') or not (initial)" sap:creatable="false" sap:updatable="false" sap:sortable="false" sap:filterable="false"/></EntityType><EntityType Name="Country" sap:content-version="1"><Key><PropertyRef Name="COUNTRYKEY"/></Key><Property Name="COUNTRYKEY" Type="Edm.String" Nullable="false" MaxLength="3" sap:unicode="false" sap:label="Country Key" sap:creatable="false" sap:updatable="false" sap:sortable="false" sap:filterable="false"/><Property Name="COUNTRY" Type="Edm.String" MaxLength="60" sap:unicode="false" sap:label="Country Name" sap:creatable="false" sap:updatable="false" sap:sortable="false" sap:filterable="false"/></EntityType><EntityType Name="Market" sap:content-version="1"><Key><PropertyRef Name="MARKETKEY"/></Key><Property Name="MARKETKEY" Type="Edm.String" Nullable="false" MaxLength="3" sap:unicode="false" sap:label="Market Key" sap:creatable="false" sap:updatable="false" sap:sortable="false" sap:filterable="false"/><Property Name="MARKET" Type="Edm.String" MaxLength="60" sap:unicode="false" sap:label="Market Name" sap:creatable="false" sap:updatable="false" sap:sortable="false" sap:filterable="false"/></EntityType><EntityType Name="Brand" sap:content-version="1"><Key><PropertyRef Name="BRANDKEY"/></Key><Property Name="BRANDKEY" Type="Edm.String" Nullable="false" MaxLength="3" sap:unicode="false" sap:label="Brand Key" sap:creatable="false" sap:updatable="false" sap:sortable="false" sap:filterable="false"/><Property Name="BRAND" Type="Edm.String" MaxLength="60" sap:unicode="false" sap:label="Brand Name" sap:creatable="false" sap:updatable="false" sap:sortable="false" sap:filterable="false"/></EntityType><EntityType Name="Popup" sap:content-version="1"><Key><PropertyRef Name="Bname"/></Key><Property Name="Bname" Type="Edm.String" Nullable="false" MaxLength="12" sap:unicode="false" sap:label="User" sap:creatable="false" sap:updatable="false" sap:sortable="false" sap:filterable="false"/><Property Name="Zlock" Type="Edm.String" Nullable="false" MaxLength="1" sap:unicode="false" sap:label="Don't show popup" sap:creatable="false" sap:updatable="false" sap:sortable="false" sap:filterable="false"/></EntityType><EntityType Name="Bis_un" sap:content-version="1"><Key><PropertyRef Name="BIS_UNKEY"/></Key><Property Name="BIS_UNKEY" Type="Edm.String" Nullable="false" MaxLength="3" sap:unicode="false" sap:label="Business Unit List" sap:creatable="false" sap:updatable="false" sap:sortable="false" sap:filterable="false"/><Property Name="BIS_UN" Type="Edm.String" Nullable="false" MaxLength="60" sap:unicode="false" sap:label="Short text" sap:creatable="false" sap:updatable="false" sap:sortable="false" sap:filterable="false"/></EntityType><EntityType Name="UserRole" sap:content-version="1"><Key><PropertyRef Name="Role"/></Key><Property Name="Role" Type="Edm.String" Nullable="false" sap:unicode="false" sap:label="Role" sap:creatable="false" sap:updatable="false" sap:sortable="false" sap:filterable="false"/><Property Name="Desc" Type="Edm.String" Nullable="false" sap:unicode="false" sap:label="Role Description" sap:creatable="false" sap:updatable="false" sap:sortable="false" sap:filterable="false"/></EntityType><EntityContainer Name="Z_YOTCOM_DIGITAL_ANALYTICS_SRV_Entities" m:IsDefaultEntityContainer="true" sap:supported-formats="atom json xlsx"><EntitySet Name="UserCMBSet" EntityType="Z_YOTCOM_DIGITAL_ANALYTICS_SRV.UserCMB" sap:creatable="false" sap:deletable="false" sap:pageable="false" sap:content-version="1"/><EntitySet Name="CountrySet" EntityType="Z_YOTCOM_DIGITAL_ANALYTICS_SRV.Country" sap:creatable="false" sap:updatable="false" sap:deletable="false" sap:pageable="false" sap:content-version="1"/><EntitySet Name="MarketSet" EntityType="Z_YOTCOM_DIGITAL_ANALYTICS_SRV.Market" sap:creatable="false" sap:updatable="false" sap:deletable="false" sap:pageable="false" sap:content-version="1"/><EntitySet Name="BrandSet" EntityType="Z_YOTCOM_DIGITAL_ANALYTICS_SRV.Brand" sap:creatable="false" sap:updatable="false" sap:deletable="false" sap:pageable="false" sap:content-version="1"/><EntitySet Name="PopupSet" EntityType="Z_YOTCOM_DIGITAL_ANALYTICS_SRV.Popup" sap:creatable="false" sap:updatable="false" sap:deletable="false" sap:pageable="false" sap:content-version="1"/><EntitySet Name="Bis_unSet" EntityType="Z_YOTCOM_DIGITAL_ANALYTICS_SRV.Bis_un" sap:creatable="false" sap:updatable="false" sap:deletable="false" sap:pageable="false" sap:content-version="1"/><EntitySet Name="UserRoleSet" EntityType="Z_YOTCOM_DIGITAL_ANALYTICS_SRV.UserRole" sap:creatable="false" sap:updatable="false" sap:deletable="false" sap:pageable="false" sap:addressable="false" sap:content-version="1"/></EntityContainer><atom:link rel="self" href="https://IERP-ZC1.PCE.IBM.COM:44391/sap/opu/odata/sap/Z_YOTCOM_DIGITAL_ANALYTICS_SRV/$metadata" xmlns:atom="http://www.w3.org/2005/Atom"/><atom:link rel="latest-version" href="https://IERP-ZC1.PCE.IBM.COM:44391/sap/opu/odata/sap/Z_YOTCOM_DIGITAL_ANALYTICS_SRV/$metadata" xmlns:atom="http://www.w3.org/2005/Atom"/></Schema></edmx:DataServices></edmx:Edmx>