<?xml version="1.0" encoding="utf-8"?><edmx:Edmx Version="1.0" xmlns:edmx="http://schemas.microsoft.com/ado/2007/06/edmx" xmlns:m="http://schemas.microsoft.com/ado/2007/08/dataservices/metadata" xmlns:sap="http://www.sap.com/Protocols/SAPData"><edmx:DataServices m:DataServiceVersion="2.0"><Schema Namespace="Z_YOTUX_CRM_SERVICE_SRV" xml:lang="en" sap:schema-version="1" xmlns="http://schemas.microsoft.com/ado/2008/09/edm"><Annotation Term="Core.SchemaVersion" String="1.0.0" xmlns="http://docs.oasis-open.org/odata/ns/edm"/><EntityType Name="ZYOTCUX_CRM_HTTP_SRV" sap:content-version="1"><Key><PropertyRef Name="Mandt"/></Key><Property Name="Mandt" Type="Edm.String" Nullable="false" MaxLength="3" sap:unicode="false" sap:label="Client" sap:creatable="false" sap:updatable="false" sap:sortable="false" sap:filterable="false"/><Property Name="Protocol" Type="Edm.String" Nullable="false" MaxLength="8" sap:unicode="false" sap:label="Protocol for URL" sap:creatable="false" sap:updatable="false" sap:sortable="false" sap:filterable="false"/><Property Name="Host" Type="Edm.String" Nullable="false" MaxLength="255" sap:unicode="false" sap:label="Host Name" sap:creatable="false" sap:updatable="false" sap:sortable="false" sap:filterable="false"/><Property Name="Port" Type="Edm.String" Nullable="false" MaxLength="6" sap:unicode="false" sap:label="Port" sap:creatable="false" sap:updatable="false" sap:sortable="false" sap:filterable="false"/><Property Name="Url" Type="Edm.String" Nullable="false" MaxLength="255" sap:unicode="false" sap:label="Host Name" sap:creatable="false" sap:updatable="false" sap:sortable="false" sap:filterable="false"/></EntityType><EntityType Name="ZYOTCUX_QUOTE_GUID" sap:content-version="1"><Key><PropertyRef Name="QuoteId"/><PropertyRef Name="QuoteGuid"/></Key><Property Name="QuoteId" Type="Edm.String" Nullable="false" MaxLength="10" sap:unicode="false" sap:label="Quotation" sap:creatable="false" sap:updatable="false" sap:sortable="false"/><Property Name="QuoteGuid" Type="Edm.String" Nullable="false" MaxLength="32" sap:unicode="false" sap:label="Quote GUID" sap:creatable="false" sap:updatable="false" sap:sortable="false" sap:filterable="false"/></EntityType><EntityType Name="ZYOTCUX_PRD_GUID" sap:content-version="1"><Key><PropertyRef Name="ProductId"/><PropertyRef Name="ProductGuid"/></Key><Property Name="ProductId" Type="Edm.String" Nullable="false" MaxLength="40" sap:unicode="false" sap:label="Product ID" sap:creatable="false" sap:updatable="false" sap:sortable="false" sap:filterable="false"/><Property Name="ProductGuid" Type="Edm.String" Nullable="false" MaxLength="32" sap:unicode="false" sap:label="Quote GUID" sap:creatable="false" sap:updatable="false" sap:sortable="false" sap:filterable="false"/></EntityType><EntityType Name="Ctr_SlsOrg" sap:content-version="1"><Key><PropertyRef Name="Land1"/></Key><Property Name="Land1" Type="Edm.String" Nullable="false" MaxLength="3" sap:unicode="false" sap:label="Country" sap:creatable="false" sap:updatable="false" sap:filterable="false"/><Property Name="Landx" Type="Edm.String" Nullable="false" MaxLength="15" sap:unicode="false" sap:label="Name" sap:creatable="false" sap:updatable="false" sap:sortable="false" sap:filterable="false"/><Property Name="Vkorg" Type="Edm.String" Nullable="false" MaxLength="4" sap:unicode="false" sap:label="SAP ECC Sales Org." sap:creatable="false" sap:updatable="false" sap:sortable="false" sap:filterable="false"/></EntityType><EntityContainer Name="Z_YOTUX_CRM_SERVICE_SRV_Entities" m:IsDefaultEntityContainer="true" sap:supported-formats="atom json xlsx"><EntitySet Name="ZYOTCUX_CRM_HTTP_SRVSet" EntityType="Z_YOTUX_CRM_SERVICE_SRV.ZYOTCUX_CRM_HTTP_SRV" sap:creatable="false" sap:updatable="false" sap:deletable="false" sap:pageable="false" sap:content-version="1"/><EntitySet Name="ZYOTCUX_QUOTE_GUIDSet" EntityType="Z_YOTUX_CRM_SERVICE_SRV.ZYOTCUX_QUOTE_GUID" sap:creatable="false" sap:updatable="false" sap:deletable="false" sap:pageable="false" sap:content-version="1"/><EntitySet Name="ZYOTCUX_PRD_GUIDSet" EntityType="Z_YOTUX_CRM_SERVICE_SRV.ZYOTCUX_PRD_GUID" sap:creatable="false" sap:updatable="false" sap:deletable="false" sap:pageable="false" sap:content-version="1"/><EntitySet Name="Ctr_SlsOrgSet" EntityType="Z_YOTUX_CRM_SERVICE_SRV.Ctr_SlsOrg" sap:creatable="false" sap:updatable="false" sap:deletable="false" sap:pageable="false" sap:content-version="1"/></EntityContainer><atom:link rel="self" href="https://IERP-YC4.PCE.IBM.COM:44391/sap/opu/odata/sap/Z_YOTUX_CRM_SERVICE_SRV/$metadata" xmlns:atom="http://www.w3.org/2005/Atom"/><atom:link rel="latest-version" href="https://IERP-YC4.PCE.IBM.COM:44391/sap/opu/odata/sap/Z_YOTUX_CRM_SERVICE_SRV/$metadata" xmlns:atom="http://www.w3.org/2005/Atom"/></Schema></edmx:DataServices></edmx:Edmx>