<?xml version="1.0" encoding="utf-8"?><edmx:Edmx Version="1.0" xmlns:edmx="http://schemas.microsoft.com/ado/2007/06/edmx" xmlns:m="http://schemas.microsoft.com/ado/2007/08/dataservices/metadata" xmlns:sap="http://www.sap.com/Protocols/SAPData"><edmx:DataServices m:DataServiceVersion="2.0"><Schema Namespace="Z_YOTCEN_IBASE_ENGAGESUPPORT_SRV" xml:lang="en" sap:schema-version="1" xmlns="http://schemas.microsoft.com/ado/2008/09/edm"><Annotation Term="Core.SchemaVersion" String="1.0.0" xmlns="http://docs.oasis-open.org/odata/ns/edm"/><EntityType Name="ZYOTCEN_IBASE_INVESLOG" sap:content-version="1"><Key><PropertyRef Name="Crdat"/><PropertyRef Name="RequestNo"/><PropertyRef Name="SerialNo"/><PropertyRef Name="RequestType"/><PropertyRef Name="MachType"/><PropertyRef Name="SeqNo"/><PropertyRef Name="Country"/><PropertyRef Name="MessageCode"/><PropertyRef Name="MessageNo"/><PropertyRef Name="Message"/></Key><Property Name="Crdat" Type="Edm.String" Nullable="false" MaxLength="19" sap:unicode="false" sap:label="Created At" sap:creatable="false" sap:updatable="false" sap:sortable="false" sap:filterable="false"/><Property Name="Instance" Type="Edm.String" Nullable="false" MaxLength="10" sap:unicode="false" sap:label="Service Request No" sap:creatable="false" sap:updatable="false" sap:sortable="false" sap:filterable="false"/><Property Name="RequestNo" Type="Edm.String" Nullable="false" MaxLength="20" sap:unicode="false" sap:label="Request No" sap:creatable="false" sap:updatable="false" sap:sortable="false" sap:filterable="false"/><Property Name="SerialNo" Type="Edm.String" Nullable="false" MaxLength="7" sap:unicode="false" sap:label="Serial No" sap:creatable="false" sap:updatable="false" sap:sortable="false"/><Property Name="RequestType" Type="Edm.String" Nullable="false" MaxLength="10" sap:unicode="false" sap:label="Request Type" sap:creatable="false" sap:updatable="false" sap:sortable="false" sap:filterable="false"/><Property Name="MachType" Type="Edm.String" Nullable="false" MaxLength="4" sap:unicode="false" sap:label="Machine Type" sap:creatable="false" sap:updatable="false" sap:sortable="false"/><Property Name="SeqNo" Type="Edm.String" Nullable="false" MaxLength="4" sap:unicode="false" sap:label="Sequence" sap:creatable="false" sap:updatable="false" sap:sortable="false" sap:filterable="false"/><Property Name="Country" Type="Edm.String" Nullable="false" MaxLength="3" sap:unicode="false" sap:label="Country" sap:creatable="false" sap:updatable="false" sap:sortable="false" sap:filterable="false"/><Property Name="Results" Type="Edm.String" Nullable="false" MaxLength="4" sap:unicode="false" sap:label="Results" sap:creatable="false" sap:updatable="false" sap:sortable="false"/><Property Name="DoObjectId" Type="Edm.String" Nullable="false" MaxLength="40" sap:unicode="false" sap:label="DoObjectId" sap:creatable="false" sap:updatable="false" sap:sortable="false" sap:filterable="false"/><Property Name="Ibase" Type="Edm.String" Nullable="false" MaxLength="18" sap:unicode="false" sap:label="Installed Base" sap:creatable="false" sap:updatable="false" sap:sortable="false" sap:filterable="false"/><Property Name="InstallatPartner" Type="Edm.String" Nullable="false" MaxLength="10" sap:unicode="false" sap:label="IBase Install-At" sap:creatable="false" sap:updatable="false" sap:sortable="false" sap:filterable="false"/><Property Name="MessageCode" Type="Edm.String" Nullable="false" MaxLength="1" sap:unicode="false" sap:label="Message Type" sap:creatable="false" sap:updatable="false" sap:sortable="false" sap:filterable="false"/><Property Name="MessageNo" Type="Edm.String" Nullable="false" MaxLength="3" sap:unicode="false" sap:label="Message" sap:creatable="false" sap:updatable="false" sap:sortable="false" sap:filterable="false"/><Property Name="Message" Type="Edm.String" Nullable="false" MaxLength="73" sap:unicode="false" sap:label="Message Text" sap:creatable="false" sap:updatable="false" sap:sortable="false" sap:filterable="false"/></EntityType><EntityType Name="ZYOTCEN_HEADER_ES" sap:content-version="1"><Key><PropertyRef Name="RequestNo"/><PropertyRef Name="RequestType"/><PropertyRef Name="ActivityId"/></Key><Property Name="DataPrivacy" Type="Edm.String" Nullable="false" MaxLength="1" sap:unicode="false" sap:label="Data Privacy Policy" sap:creatable="false" sap:updatable="false" sap:sortable="false" sap:filterable="false"/><Property Name="Processingstatus" Type="Edm.String" Nullable="false" MaxLength="1" sap:unicode="false" sap:label="Single-Character Flag" sap:creatable="false" sap:updatable="false" sap:sortable="false" sap:filterable="false"/><Property Name="Refrequestno" Type="Edm.String" Nullable="false" MaxLength="20" sap:unicode="false" sap:label="Referrence Request N" sap:creatable="false" sap:updatable="false" sap:sortable="false" sap:filterable="false"/><Property Name="Comments" Type="Edm.String" Nullable="false" MaxLength="1000" sap:unicode="false" sap:label="Comments" sap:creatable="false" sap:updatable="false" sap:sortable="false" sap:filterable="false"/><Property Name="RequestNo" Type="Edm.String" Nullable="false" MaxLength="20" sap:unicode="false" sap:label="Request No" sap:creatable="false" sap:updatable="false" sap:sortable="false" sap:filterable="false"/><Property Name="RequestType" Type="Edm.String" Nullable="false" MaxLength="10" sap:unicode="false" sap:label="Request Type" sap:creatable="false" sap:updatable="false" sap:sortable="false" sap:filterable="false"/><Property Name="ActivityId" Type="Edm.String" Nullable="false" MaxLength="10" sap:unicode="false" sap:label="Activity ID" sap:creatable="false" sap:updatable="false" sap:sortable="false" sap:filterable="false"/><Property Name="Channel" Type="Edm.String" Nullable="false" MaxLength="10" sap:unicode="false" sap:label="Channel" sap:creatable="false" sap:updatable="false" sap:sortable="false" sap:filterable="false"/><Property Name="Country" Type="Edm.String" Nullable="false" MaxLength="3" sap:unicode="false" sap:label="Country" sap:creatable="false" sap:updatable="false" sap:sortable="false" sap:filterable="false"/><Property Name="AssignedTo" Type="Edm.String" Nullable="false" MaxLength="100" sap:unicode="false" sap:label="Assigned To" sap:creatable="false" sap:updatable="false" sap:sortable="false" sap:filterable="false"/><Property Name="Description" Type="Edm.String" Nullable="false" MaxLength="60" sap:unicode="false" sap:label="Description" sap:creatable="false" sap:updatable="false" sap:sortable="false" sap:filterable="false"/><Property Name="Status" Type="Edm.String" Nullable="false" MaxLength="3" sap:unicode="false" sap:label="Status" sap:creatable="false" sap:updatable="false" sap:sortable="false" sap:filterable="false"/><Property Name="Createdby" Type="Edm.String" Nullable="false" MaxLength="12" sap:unicode="false" sap:label="Created By" sap:creatable="false" sap:updatable="false" sap:sortable="false" sap:filterable="false"/><Property Name="Createddate" Type="Edm.String" Nullable="false" MaxLength="19" sap:unicode="false" sap:label="Text" sap:creatable="false" sap:updatable="false" sap:sortable="false" sap:filterable="false"/><Property Name="Updatedby" Type="Edm.String" Nullable="false" MaxLength="12" sap:unicode="false" sap:label="Changed By" sap:creatable="false" sap:updatable="false" sap:sortable="false" sap:filterable="false"/><Property Name="Lastupdateddate" Type="Edm.String" Nullable="false" MaxLength="19" sap:unicode="false" sap:label="Text" sap:creatable="false" sap:updatable="false" sap:sortable="false" sap:filterable="false"/><Property Name="Bluegroup" Type="Edm.String" Nullable="false" MaxLength="30" sap:unicode="false" sap:label="Blue Group" sap:creatable="false" sap:updatable="false" sap:sortable="false" sap:filterable="false"/></EntityType><EntityType Name="zcomments" sap:content-version="1"><Key><PropertyRef Name="Commentid"/><PropertyRef Name="Username"/></Key><Property Name="Likes" Type="Edm.String" Nullable="false" MaxLength="10" sap:unicode="false" sap:label="Likes" sap:creatable="false" sap:updatable="false" sap:sortable="false" sap:filterable="false"/><Property Name="Auth" Type="Edm.String" Nullable="false" MaxLength="1" sap:unicode="false" sap:label="Single-Character Flag" sap:creatable="false" sap:updatable="false" sap:sortable="false" sap:filterable="false"/><Property Name="IndComment" Type="Edm.String" Nullable="false" MaxLength="1" sap:unicode="false" sap:label="Single-Character Flag" sap:creatable="false" sap:updatable="false" sap:sortable="false" sap:filterable="false"/><Property Name="Dislikes" Type="Edm.String" Nullable="false" MaxLength="10" sap:unicode="false" sap:label="Dislikes" sap:creatable="false" sap:updatable="false" sap:sortable="false" sap:filterable="false"/><Property Name="Zsiteid" Type="Edm.String" Nullable="false" MaxLength="10" sap:unicode="false" sap:label="Siteid" sap:creatable="false" sap:updatable="false" sap:sortable="false" sap:filterable="false"/><Property Name="Commentid" Type="Edm.String" Nullable="false" MaxLength="10" sap:unicode="false" sap:label="Comment Id" sap:creatable="false" sap:updatable="false" sap:sortable="false" sap:filterable="false"/><Property Name="Zcmr" Type="Edm.String" Nullable="false" MaxLength="7" sap:unicode="false" sap:label="CMR" sap:creatable="false" sap:updatable="false" sap:sortable="false" sap:filterable="false"/><Property Name="ProfileUrl" Type="Edm.String" Nullable="false" MaxLength="255" sap:unicode="false" sap:label="ProfileURL" sap:creatable="false" sap:updatable="false" sap:sortable="false" sap:filterable="false"/><Property Name="Zorder" Type="Edm.String" Nullable="false" MaxLength="10" sap:unicode="false" sap:label="Order" sap:creatable="false" sap:updatable="false" sap:sortable="false" sap:filterable="false"/><Property Name="CommentsDup" Type="Edm.String" Nullable="false" MaxLength="128" sap:unicode="false" sap:label="Commnets_dup" sap:creatable="false" sap:updatable="false" sap:sortable="false" sap:filterable="false"/><Property Name="Name" Type="Edm.String" Nullable="false" MaxLength="80" sap:unicode="false" sap:label="UserName" sap:creatable="false" sap:updatable="false" sap:sortable="false" sap:filterable="false"/><Property Name="DateTo" Type="Edm.String" Nullable="false" MaxLength="8" sap:unicode="false" sap:label="DATE_TO" sap:creatable="false" sap:updatable="false" sap:sortable="false" sap:filterable="false"/><Property Name="Username" Type="Edm.String" Nullable="false" MaxLength="80" sap:unicode="false" sap:label="User Name" sap:creatable="false" sap:updatable="false" sap:sortable="false" sap:filterable="false"/><Property Name="Crdate" Type="Edm.String" Nullable="false" MaxLength="8" sap:unicode="false" sap:label="Creation Date" sap:creatable="false" sap:updatable="false" sap:sortable="false" sap:filterable="false"/><Property Name="Crtime" Type="Edm.Time" Nullable="false" Precision="0" sap:unicode="false" sap:label="Creation Time" sap:creatable="false" sap:updatable="false" sap:sortable="false" sap:filterable="false"/><Property Name="Commentlevel" Type="Edm.String" Nullable="false" MaxLength="2" sap:unicode="false" sap:label="Comment level" sap:creatable="false" sap:updatable="false" sap:sortable="false" sap:filterable="false"/><Property Name="Type" Type="Edm.String" Nullable="false" MaxLength="30" sap:unicode="false" sap:label="Comment type" sap:creatable="false" sap:updatable="false" sap:sortable="false" sap:filterable="false"/><Property Name="Indexes" Type="Edm.String" Nullable="false" MaxLength="255" sap:unicode="false" sap:label="Comment indexes" sap:creatable="false" sap:updatable="false" sap:sortable="false" sap:filterable="false"/><Property Name="Views" Type="Edm.String" Nullable="false" MaxLength="10" sap:unicode="false" sap:label="Views" sap:creatable="false" sap:updatable="false" sap:sortable="false" sap:filterable="false"/><Property Name="Errors" Type="Edm.String" Nullable="false" MaxLength="10" sap:unicode="false" sap:label="Errors number" sap:creatable="false" sap:updatable="false" sap:sortable="false" sap:filterable="false"/><Property Name="Systemnumber" Type="Edm.String" Nullable="false" MaxLength="10" sap:unicode="false" sap:label="System" sap:creatable="false" sap:updatable="false" sap:sortable="false" sap:filterable="false"/><Property Name="Comments" Type="Edm.String" Nullable="false" MaxLength="100" sap:unicode="false" sap:label="Comments number" sap:creatable="false" sap:updatable="false" sap:sortable="false" sap:filterable="false"/><Property Name="Context" Type="Edm.String" Nullable="false" MaxLength="255" sap:unicode="false" sap:label="Context" sap:creatable="false" sap:updatable="false" sap:sortable="false" sap:filterable="false"/><Property Name="Conversation" Type="Edm.String" Nullable="false" MaxLength="255" sap:unicode="false" sap:label="Conversation" sap:creatable="false" sap:updatable="false" sap:sortable="false" sap:filterable="false"/><Property Name="Interaction" Type="Edm.String" Nullable="false" MaxLength="255" sap:unicode="false" sap:label="Interaction" sap:creatable="false" sap:updatable="false" sap:sortable="false" sap:filterable="false"/><Property Name="Textresult" Type="Edm.String" Nullable="false" MaxLength="255" sap:unicode="false" sap:label="Text result" sap:creatable="false" sap:updatable="false" sap:sortable="false" sap:filterable="false"/><Property Name="Imageurl" Type="Edm.String" Nullable="false" MaxLength="255" sap:unicode="false" sap:label="Image URL" sap:creatable="false" sap:updatable="false" sap:sortable="false" sap:filterable="false"/><Property Name="Executeurl" Type="Edm.String" Nullable="false" MaxLength="255" sap:unicode="false" sap:label="Execute URL" sap:creatable="false" sap:updatable="false" sap:sortable="false" sap:filterable="false"/></EntityType><EntityType Name="ZYOTCEN_IBASE_ENGSUPPORT" sap:content-version="1"><Key><PropertyRef Name="ActivityId"/><PropertyRef Name="SerialNo"/><PropertyRef Name="RequestNo"/><PropertyRef Name="RequestType"/><PropertyRef Name="MachType"/></Key><Property Name="ActivityId" Type="Edm.String" Nullable="false" MaxLength="10" sap:unicode="false" sap:label="Activity ID" sap:creatable="false" sap:updatable="false" sap:sortable="false" sap:filterable="false"/><Property Name="ZtcPartner" Type="Edm.String" Nullable="false" MaxLength="10" sap:unicode="false" sap:label="T2 Channel Partner" sap:creatable="false" sap:updatable="false" sap:sortable="false" sap:filterable="false"/><Property Name="PltordActTo" Type="Edm.String" Nullable="false" MaxLength="18" sap:unicode="false" sap:label="MES Plant Order No." sap:creatable="false" sap:updatable="false" sap:sortable="false" sap:filterable="false"/><Property Name="NewInstallDate" Type="Edm.String" Nullable="false" MaxLength="8" sap:unicode="false" sap:label="New Installation Date" sap:creatable="false" sap:updatable="false" sap:sortable="false" sap:filterable="false"/><Property Name="TerCharges" Type="Edm.Decimal" Nullable="false" Precision="10" Scale="3" sap:unicode="false" sap:label="Termination Charges" sap:creatable="false" sap:updatable="false" sap:sortable="false" sap:filterable="false"/><Property Name="PartNumber" Type="Edm.String" Nullable="false" MaxLength="30" sap:unicode="false" sap:label="ManufPart number" sap:creatable="false" sap:updatable="false" sap:sortable="false" sap:filterable="false"/><Property Name="TermCharge" Type="Edm.String" Nullable="false" MaxLength="3" sap:unicode="false" sap:label="Termination Charges" sap:creatable="false" sap:updatable="false" sap:sortable="false" sap:filterable="false"/><Property Name="ZserialLong" Type="Edm.String" Nullable="false" MaxLength="72" sap:unicode="false" sap:label="Serial No Long" sap:creatable="false" sap:updatable="false" sap:sortable="false" sap:filterable="false"/><Property Name="ZzyieWmid" Type="Edm.String" Nullable="false" MaxLength="40" sap:unicode="false" sap:label="Warranty" sap:creatable="false" sap:updatable="false" sap:sortable="false" sap:filterable="false"/><Property Name="ResultDesc" Type="Edm.String" Nullable="false" MaxLength="255" sap:unicode="false" sap:label="Result Description" sap:creatable="false" sap:updatable="false" sap:sortable="false" sap:filterable="false"/><Property Name="FederalFlag" Type="Edm.String" Nullable="false" MaxLength="1" sap:unicode="false" sap:label="Federal Flag" sap:creatable="false" sap:updatable="false" sap:sortable="false" sap:filterable="false"/><Property Name="SerialNoTemp" Type="Edm.String" Nullable="false" MaxLength="7" sap:unicode="false" sap:label="Serial No" sap:creatable="false" sap:updatable="false" sap:sortable="false" sap:filterable="false"/><Property Name="Messages" Type="Edm.String" Nullable="false" MaxLength="220" sap:unicode="false" sap:label="Message text" sap:creatable="false" sap:updatable="false" sap:sortable="false" sap:filterable="false"/><Property Name="SerialNo" Type="Edm.String" Nullable="false" MaxLength="7" sap:unicode="false" sap:label="Serial No" sap:creatable="false" sap:updatable="false" sap:sortable="false" sap:filterable="false"/><Property Name="RequestNo" Type="Edm.String" Nullable="false" MaxLength="20" sap:unicode="false" sap:label="Request No" sap:creatable="false" sap:updatable="false" sap:sortable="false" sap:filterable="false"/><Property Name="RequestType" Type="Edm.String" Nullable="false" MaxLength="10" sap:unicode="false" sap:label="Request Type" sap:creatable="false" sap:updatable="false" sap:sortable="false" sap:filterable="false"/><Property Name="MachType" Type="Edm.String" Nullable="false" MaxLength="4" sap:unicode="false" sap:label="Machine Type" sap:creatable="false" sap:updatable="false" sap:sortable="false" sap:filterable="false"/><Property Name="MachTypeTemp" Type="Edm.String" Nullable="false" MaxLength="4" sap:unicode="false" sap:label="Machine Type" sap:creatable="false" sap:updatable="false" sap:sortable="false" sap:filterable="false"/><Property Name="Model" Type="Edm.String" Nullable="false" MaxLength="3" sap:unicode="false" sap:label="Model" sap:creatable="false" sap:updatable="false" sap:sortable="false" sap:filterable="false"/><Property Name="Country" Type="Edm.String" Nullable="false" MaxLength="3" sap:unicode="false" sap:label="Country" sap:creatable="false" sap:updatable="false" sap:sortable="false" sap:filterable="false"/><Property Name="SoldtoCmr" Type="Edm.String" Nullable="false" MaxLength="10" sap:unicode="false" sap:label="Sold-To CMR" sap:creatable="false" sap:updatable="false" sap:sortable="false" sap:filterable="false"/><Property Name="InstallatCmr" Type="Edm.String" Nullable="false" MaxLength="10" sap:unicode="false" sap:label="Install-At CMR" sap:creatable="false" sap:updatable="false" sap:sortable="false" sap:filterable="false"/><Property Name="MaintCust" Type="Edm.String" Nullable="false" MaxLength="10" sap:unicode="false" sap:label="Maintenance Customer" sap:creatable="false" sap:updatable="false" sap:sortable="false" sap:filterable="false"/><Property Name="StreetAddress1" Type="Edm.String" Nullable="false" MaxLength="60" sap:unicode="false" sap:label="Street" sap:creatable="false" sap:updatable="false" sap:sortable="false" sap:filterable="false"/><Property Name="StreetAddress2" Type="Edm.String" Nullable="false" MaxLength="60" sap:unicode="false" sap:label="Street" sap:creatable="false" sap:updatable="false" sap:sortable="false" sap:filterable="false"/><Property Name="City" Type="Edm.String" Nullable="false" MaxLength="25" sap:unicode="false" sap:label="City" sap:creatable="false" sap:updatable="false" sap:sortable="false" sap:filterable="false"/><Property Name="State" Type="Edm.String" Nullable="false" MaxLength="3" sap:unicode="false" sap:label="Region" sap:creatable="false" sap:updatable="false" sap:sortable="false" sap:filterable="false"/><Property Name="Zip" Type="Edm.String" Nullable="false" MaxLength="10" sap:unicode="false" sap:label="Postal Code Ext" sap:creatable="false" sap:updatable="false" sap:sortable="false" sap:filterable="false"/><Property Name="NewStatus" Type="Edm.String" Nullable="false" MaxLength="8" sap:unicode="false" sap:label="New Status" sap:creatable="false" sap:updatable="false" sap:sortable="false" sap:filterable="false"/><Property Name="EffectiveDate" Type="Edm.String" Nullable="false" MaxLength="8" sap:unicode="false" sap:label="char8" sap:creatable="false" sap:updatable="false" sap:sortable="false" sap:filterable="false"/><Property Name="ZzyieNwed" Type="Edm.String" Nullable="false" MaxLength="8" sap:unicode="false" sap:label="char8" sap:creatable="false" sap:updatable="false" sap:sortable="false" sap:filterable="false"/><Property Name="AssocOfferings" Type="Edm.String" Nullable="false" MaxLength="30" sap:unicode="false" sap:label="Associated Offerings" sap:creatable="false" sap:updatable="false" sap:sortable="false" sap:filterable="false"/><Property Name="ReasonCanc" Type="Edm.String" Nullable="false" MaxLength="3" sap:unicode="false" sap:label="Cancellation Reason" sap:creatable="false" sap:updatable="false" sap:sortable="false" sap:filterable="false"/><Property Name="NewCoverage" Type="Edm.String" Nullable="false" MaxLength="10" sap:unicode="false" sap:label="New Coverage" sap:creatable="false" sap:updatable="false" sap:sortable="false" sap:filterable="false"/><Property Name="WtyInd" Type="Edm.String" Nullable="false" MaxLength="3" sap:unicode="false" sap:label="Warranty Applies" sap:creatable="false" sap:updatable="false" sap:sortable="false" sap:filterable="false"/><Property Name="FeauCodeQty" Type="Edm.String" Nullable="false" MaxLength="1000" sap:unicode="false" sap:label="Feature Code/Qty" sap:creatable="false" sap:updatable="false" sap:sortable="false" sap:filterable="false"/><Property Name="InstallAddr" Type="Edm.String" Nullable="false" MaxLength="10" sap:unicode="false" sap:label="Install Address" sap:creatable="false" sap:updatable="false" sap:sortable="false" sap:filterable="false"/><Property Name="SystemType" Type="Edm.String" Nullable="false" MaxLength="4" sap:unicode="false" sap:label="System Type" sap:creatable="false" sap:updatable="false" sap:sortable="false" sap:filterable="false"/><Property Name="SystemNumber" Type="Edm.String" Nullable="false" MaxLength="7" sap:unicode="false" sap:label="System Number" sap:creatable="false" sap:updatable="false" sap:sortable="false" sap:filterable="false"/><Property Name="Results" Type="Edm.String" Nullable="false" MaxLength="4" sap:unicode="false" sap:label="Results" sap:creatable="false" sap:updatable="false" sap:sortable="false" sap:filterable="false"/><Property Name="ServiceRequestno" Type="Edm.String" Nullable="false" MaxLength="10" sap:unicode="false" sap:label="Transaction ID" sap:creatable="false" sap:updatable="false" sap:sortable="false" sap:filterable="false"/><Property Name="DoObjectId" Type="Edm.String" Nullable="false" MaxLength="40" sap:unicode="false" sap:label="Product ID" sap:creatable="false" sap:updatable="false" sap:sortable="false" sap:filterable="false"/><Property Name="Ibase" Type="Edm.String" Nullable="false" MaxLength="18" sap:unicode="false" sap:label="Installed Base" sap:creatable="false" sap:updatable="false" sap:sortable="false" sap:filterable="false"/><Property Name="InstallatPartner" Type="Edm.String" Nullable="false" MaxLength="10" sap:unicode="false" sap:label="BusinessPartner" sap:creatable="false" sap:updatable="false" sap:sortable="false" sap:filterable="false"/><Property Name="Crdat" Type="Edm.String" Nullable="false" MaxLength="19" sap:unicode="false" sap:label="Created At" sap:creatable="false" sap:updatable="false" sap:sortable="false" sap:filterable="false"/><Property Name="Crnam" Type="Edm.String" Nullable="false" MaxLength="12" sap:unicode="false" sap:label="Created By" sap:creatable="false" sap:updatable="false" sap:sortable="false" sap:filterable="false"/><Property Name="Updat" Type="Edm.String" Nullable="false" MaxLength="19" sap:unicode="false" sap:label="Created At" sap:creatable="false" sap:updatable="false" sap:sortable="false" sap:filterable="false"/><Property Name="Upnam" Type="Edm.String" Nullable="false" MaxLength="12" sap:unicode="false" sap:label="Changed By" sap:creatable="false" sap:updatable="false" sap:sortable="false" sap:filterable="false"/><Property Name="ServiceType" Type="Edm.String" Nullable="false" MaxLength="10" sap:unicode="false" sap:label="Service Type" sap:creatable="false" sap:updatable="false" sap:sortable="false" sap:filterable="false"/><Property Name="ServiceSdate" Type="Edm.String" Nullable="false" MaxLength="8" sap:unicode="false" sap:label="char8" sap:creatable="false" sap:updatable="false" sap:sortable="false" sap:filterable="false"/><Property Name="ServiceEdate" Type="Edm.String" Nullable="false" MaxLength="8" sap:unicode="false" sap:label="char8" sap:creatable="false" sap:updatable="false" sap:sortable="false" sap:filterable="false"/><Property Name="Updkz" Type="Edm.String" Nullable="false" MaxLength="1" sap:unicode="false" sap:label="Update Ind." sap:creatable="false" sap:updatable="false" sap:sortable="false" sap:filterable="false"/><Property Name="GrsPrgTyp" Type="Edm.String" Nullable="false" MaxLength="28" sap:unicode="false" sap:label="GARS Program Type" sap:creatable="false" sap:updatable="false" sap:sortable="false" sap:filterable="false"/><Property Name="GrsPrgTypText" Type="Edm.String" Nullable="false" MaxLength="50" sap:unicode="false" sap:label="GARS Program Type" sap:creatable="false" sap:updatable="false" sap:sortable="false" sap:filterable="false"/><Property Name="SalesGroup" Type="Edm.String" Nullable="false" MaxLength="14" sap:unicode="false" sap:label="Sales group" sap:creatable="false" sap:updatable="false" sap:sortable="false" sap:filterable="false"/><Property Name="SalesGroupText" Type="Edm.String" Nullable="false" MaxLength="50" sap:unicode="false" sap:label="Sales group" sap:creatable="false" sap:updatable="false" sap:sortable="false" sap:filterable="false"/></EntityType><EntityType Name="ZYOTCEN_IBASE_VHELP" sap:content-version="1"><Key><PropertyRef Name="RequestNo"/><PropertyRef Name="RequestType"/><PropertyRef Name="MachType"/><PropertyRef Name="SerialNo"/><PropertyRef Name="ActivityId"/></Key><Property Name="RequestNo" Type="Edm.String" Nullable="false" MaxLength="20" sap:unicode="false" sap:label="Request No" sap:creatable="false" sap:updatable="false" sap:sortable="false" sap:filterable="false"/><Property Name="RequestType" Type="Edm.String" Nullable="false" MaxLength="10" sap:unicode="false" sap:label="Request Type" sap:creatable="false" sap:updatable="false" sap:sortable="false" sap:filterable="false"/><Property Name="MachType" Type="Edm.String" Nullable="false" MaxLength="4" sap:unicode="false" sap:label="Machine Type" sap:creatable="false" sap:updatable="false" sap:sortable="false" sap:filterable="false"/><Property Name="SerialNo" Type="Edm.String" Nullable="false" MaxLength="7" sap:unicode="false" sap:label="Serial No" sap:creatable="false" sap:updatable="false" sap:sortable="false" sap:filterable="false"/><Property Name="ActivityId" Type="Edm.String" Nullable="false" MaxLength="10" sap:unicode="false" sap:label="Activity ID" sap:creatable="false" sap:updatable="false" sap:sortable="false" sap:filterable="false"/><Property Name="Crnam" Type="Edm.String" Nullable="false" MaxLength="12" sap:unicode="false" sap:label="Created By" sap:creatable="false" sap:updatable="false" sap:sortable="false" sap:filterable="false"/></EntityType><EntityType Name="ZYOTCEN_CONS_REQTY" sap:content-version="1"><Key><PropertyRef Name="Langu"/><PropertyRef Name="RequestType"/><PropertyRef Name="Description"/><PropertyRef Name="ActivityNum"/></Key><Property Name="Langu" Type="Edm.String" Nullable="false" MaxLength="2" sap:unicode="false" sap:label="Language" sap:creatable="false" sap:updatable="false" sap:sortable="false" sap:filterable="false"/><Property Name="RequestType" Type="Edm.String" Nullable="false" MaxLength="10" sap:unicode="false" sap:label="Request Type" sap:creatable="false" sap:updatable="false" sap:sortable="false" sap:filterable="false"/><Property Name="Description" Type="Edm.String" Nullable="false" MaxLength="100" sap:unicode="false" sap:label="Request Type Descrip" sap:creatable="false" sap:updatable="false" sap:sortable="false" sap:filterable="false"/><Property Name="ActivityNum" Type="Edm.String" Nullable="false" MaxLength="2" sap:unicode="false" sap:label="Activity Number" sap:creatable="false" sap:updatable="false" sap:sortable="false" sap:filterable="false"/></EntityType><EntityType Name="ZYOTCEN_CONS_RESULT" sap:content-version="1"><Key><PropertyRef Name="Langu"/><PropertyRef Name="Results"/><PropertyRef Name="Description"/></Key><Property Name="Langu" Type="Edm.String" Nullable="false" MaxLength="2" sap:unicode="false" sap:label="Language" sap:creatable="false" sap:updatable="false" sap:sortable="false" sap:filterable="false"/><Property Name="Results" Type="Edm.String" Nullable="false" MaxLength="4" sap:unicode="false" sap:label="Results" sap:creatable="false" sap:updatable="false" sap:sortable="false"/><Property Name="Description" Type="Edm.String" Nullable="false" MaxLength="255" sap:unicode="false" sap:label="Result Description" sap:creatable="false" sap:updatable="false" sap:sortable="false" sap:filterable="false"/></EntityType><EntityType Name="ZYOTCEN_CONS_STATUS" sap:content-version="1"><Key><PropertyRef Name="Langu"/><PropertyRef Name="NewStatus"/><PropertyRef Name="Description"/></Key><Property Name="Langu" Type="Edm.String" Nullable="false" MaxLength="2" sap:unicode="false" sap:label="Language" sap:creatable="false" sap:updatable="false" sap:sortable="false" sap:filterable="false"/><Property Name="NewStatus" Type="Edm.String" Nullable="false" MaxLength="8" sap:unicode="false" sap:label="New Status" sap:creatable="false" sap:updatable="false" sap:sortable="false"/><Property Name="Description" Type="Edm.String" Nullable="false" MaxLength="100" sap:unicode="false" sap:label="Status Description" sap:creatable="false" sap:updatable="false" sap:sortable="false" sap:filterable="false"/></EntityType><EntityType Name="ZYOTCEN_CONS_CANCEL" sap:content-version="1"><Key><PropertyRef Name="Langu"/><PropertyRef Name="ReasonCanc"/><PropertyRef Name="Description"/><PropertyRef Name="RequestType"/></Key><Property Name="Langu" Type="Edm.String" Nullable="false" MaxLength="2" sap:unicode="false" sap:label="Language" sap:creatable="false" sap:updatable="false" sap:sortable="false" sap:filterable="false"/><Property Name="ReasonCanc" Type="Edm.String" Nullable="false" MaxLength="3" sap:unicode="false" sap:label="Cancellation Reason" sap:creatable="false" sap:updatable="false" sap:sortable="false" sap:filterable="false"/><Property Name="Description" Type="Edm.String" Nullable="false" MaxLength="100" sap:unicode="false" sap:label="Description" sap:creatable="false" sap:updatable="false" sap:sortable="false" sap:filterable="false"/><Property Name="RequestType" Type="Edm.String" Nullable="false" MaxLength="10" sap:unicode="false" sap:label="Request Type" sap:creatable="false" sap:updatable="false" sap:sortable="false" sap:filterable="false"/></EntityType><EntityType Name="ZYOTCEN_CAEQ_HDRSTG" sap:content-version="1"><Key><PropertyRef Name="RequestNo"/><PropertyRef Name="RequestType"/><PropertyRef Name="ReqtypeDesc"/><PropertyRef Name="MachType"/><PropertyRef Name="SerialNo"/><PropertyRef Name="ActivityId"/></Key><Property Name="RequestNo" Type="Edm.String" Nullable="false" MaxLength="20" sap:unicode="false" sap:label="Request No" sap:creatable="false" sap:updatable="false" sap:sortable="false"/><Property Name="ServiceSdate" Type="Edm.String" Nullable="false" MaxLength="10" sap:unicode="false" sap:label="Service Start Date" sap:creatable="false" sap:updatable="false" sap:sortable="false" sap:filterable="false"/><Property Name="ServiceEdate" Type="Edm.String" Nullable="false" MaxLength="10" sap:unicode="false" sap:label="Service End Date" sap:creatable="false" sap:updatable="false" sap:sortable="false" sap:filterable="false"/><Property Name="TermCharge" Type="Edm.String" Nullable="false" MaxLength="3" sap:unicode="false" sap:label="Termination Charges" sap:creatable="false" sap:updatable="false" sap:sortable="false" sap:filterable="false"/><Property Name="RequestType" Type="Edm.String" Nullable="false" MaxLength="10" sap:unicode="false" sap:label="Request Type" sap:creatable="false" sap:updatable="false" sap:sortable="false"/><Property Name="ReqtypeDesc" Type="Edm.String" Nullable="false" MaxLength="100" sap:unicode="false" sap:label="Request Type Descrip" sap:creatable="false" sap:updatable="false" sap:sortable="false" sap:filterable="false"/><Property Name="MachType" Type="Edm.String" Nullable="false" MaxLength="4" sap:unicode="false" sap:label="Machine Type" sap:creatable="false" sap:updatable="false" sap:sortable="false"/><Property Name="SerialNo" Type="Edm.String" Nullable="false" MaxLength="7" sap:unicode="false" sap:label="Serial No" sap:creatable="false" sap:updatable="false" sap:sortable="false"/><Property Name="ActivityId" Type="Edm.String" Nullable="false" MaxLength="10" sap:unicode="false" sap:label="Activity ID" sap:creatable="false" sap:updatable="false" sap:sortable="false"/><Property Name="Model" Type="Edm.String" Nullable="false" MaxLength="3" sap:unicode="false" sap:label="Model" sap:creatable="false" sap:updatable="false" sap:sortable="false" sap:filterable="false"/><Property Name="Country" Type="Edm.String" Nullable="false" MaxLength="3" sap:unicode="false" sap:label="Country" sap:creatable="false" sap:updatable="false" sap:sortable="false"/><Property Name="SoldtoCmr" Type="Edm.String" Nullable="false" MaxLength="10" sap:unicode="false" sap:label="Sold-To CMR" sap:creatable="false" sap:updatable="false" sap:sortable="false" sap:filterable="false"/><Property Name="InstallatCmr" Type="Edm.String" Nullable="false" MaxLength="10" sap:unicode="false" sap:label="Install-At CMR" sap:creatable="false" sap:updatable="false" sap:sortable="false" sap:filterable="false"/><Property Name="MaintCust" Type="Edm.String" Nullable="false" MaxLength="10" sap:unicode="false" sap:label="Maintenance Customer" sap:creatable="false" sap:updatable="false" sap:sortable="false" sap:filterable="false"/><Property Name="StreetAddress1" Type="Edm.String" Nullable="false" MaxLength="60" sap:unicode="false" sap:label="Street" sap:creatable="false" sap:updatable="false" sap:sortable="false" sap:filterable="false"/><Property Name="StreetAddress2" Type="Edm.String" Nullable="false" MaxLength="60" sap:unicode="false" sap:label="Street" sap:creatable="false" sap:updatable="false" sap:sortable="false" sap:filterable="false"/><Property Name="City" Type="Edm.String" Nullable="false" MaxLength="25" sap:unicode="false" sap:label="City" sap:creatable="false" sap:updatable="false" sap:sortable="false" sap:filterable="false"/><Property Name="State" Type="Edm.String" Nullable="false" MaxLength="3" sap:unicode="false" sap:label="Region" sap:creatable="false" sap:updatable="false" sap:sortable="false" sap:filterable="false"/><Property Name="Zip" Type="Edm.String" Nullable="false" MaxLength="10" sap:unicode="false" sap:label="Postal Code Ext" sap:creatable="false" sap:updatable="false" sap:sortable="false" sap:filterable="false"/><Property Name="NewStatus" Type="Edm.String" Nullable="false" MaxLength="8" sap:unicode="false" sap:label="New Status" sap:creatable="false" sap:updatable="false" sap:sortable="false" sap:filterable="false"/><Property Name="StatusDesc" Type="Edm.String" Nullable="false" MaxLength="100" sap:unicode="false" sap:label="Status Description" sap:creatable="false" sap:updatable="false" sap:sortable="false" sap:filterable="false"/><Property Name="EffectiveDate" Type="Edm.String" Nullable="false" MaxLength="10" sap:unicode="false" sap:label="Eff/Install Date" sap:creatable="false" sap:updatable="false" sap:sortable="false" sap:filterable="false"/><Property Name="ZzyieNwed" Type="Edm.String" Nullable="false" MaxLength="10" sap:unicode="false" sap:label="Warranty End Date" sap:creatable="false" sap:updatable="false" sap:sortable="false" sap:filterable="false"/><Property Name="AssocOfferings" Type="Edm.String" Nullable="false" MaxLength="30" sap:unicode="false" sap:label="Associated Offerings" sap:creatable="false" sap:updatable="false" sap:sortable="false" sap:filterable="false"/><Property Name="ReasonCanc" Type="Edm.String" Nullable="false" MaxLength="3" sap:unicode="false" sap:label="Cancellation Reason" sap:creatable="false" sap:updatable="false" sap:sortable="false" sap:filterable="false"/><Property Name="NewCoverage" Type="Edm.String" Nullable="false" MaxLength="10" sap:unicode="false" sap:label="New Coverage" sap:creatable="false" sap:updatable="false" sap:sortable="false" sap:filterable="false"/><Property Name="WtyInd" Type="Edm.String" Nullable="false" MaxLength="3" sap:unicode="false" sap:label="Warranty Applies" sap:creatable="false" sap:updatable="false" sap:sortable="false" sap:filterable="false"/><Property Name="FeauCodeQty" Type="Edm.String" Nullable="false" MaxLength="255" sap:unicode="false" sap:label="Feature Code/Qty" sap:creatable="false" sap:updatable="false" sap:sortable="false" sap:filterable="false"/><Property Name="InstallAddr" Type="Edm.String" Nullable="false" MaxLength="10" sap:unicode="false" sap:label="Install Address" sap:creatable="false" sap:updatable="false" sap:sortable="false" sap:filterable="false"/><Property Name="SystemNumber" Type="Edm.String" Nullable="false" MaxLength="7" sap:unicode="false" sap:label="System Number" sap:creatable="false" sap:updatable="false" sap:sortable="false" sap:filterable="false"/><Property Name="Results" Type="Edm.String" Nullable="false" MaxLength="4" sap:unicode="false" sap:label="Results" sap:creatable="false" sap:updatable="false" sap:sortable="false" sap:filterable="false"/><Property Name="ResultDesc" Type="Edm.String" Nullable="false" MaxLength="255" sap:unicode="false" sap:label="Result Description" sap:creatable="false" sap:updatable="false" sap:sortable="false" sap:filterable="false"/><Property Name="ServiceRequestno" Type="Edm.String" Nullable="false" MaxLength="10" sap:unicode="false" sap:label="Transaction ID" sap:creatable="false" sap:updatable="false" sap:sortable="false" sap:filterable="false"/><Property Name="DoObjectId" Type="Edm.String" Nullable="false" MaxLength="40" sap:unicode="false" sap:label="Product ID" sap:creatable="false" sap:updatable="false" sap:sortable="false" sap:filterable="false"/><Property Name="Ibase" Type="Edm.String" Nullable="false" MaxLength="18" sap:unicode="false" sap:label="Installed Base" sap:creatable="false" sap:updatable="false" sap:sortable="false" sap:filterable="false"/><Property Name="SoldToPartner" Type="Edm.String" Nullable="false" MaxLength="10" sap:unicode="false" sap:label="IBase Sold-To" sap:creatable="false" sap:updatable="false" sap:sortable="false" sap:filterable="false"/><Property Name="InstallatPartner" Type="Edm.String" Nullable="false" MaxLength="10" sap:unicode="false" sap:label="BusinessPartner" sap:creatable="false" sap:updatable="false" sap:sortable="false" sap:filterable="false"/><Property Name="ObjectId" Type="Edm.String" Nullable="false" MaxLength="10" sap:unicode="false" sap:label="Quote No" sap:creatable="false" sap:updatable="false" sap:sortable="false" sap:filterable="false"/><Property Name="NumberInt" Type="Edm.String" Nullable="false" MaxLength="10" sap:unicode="false" sap:label="Quote Line Item" sap:creatable="false" sap:updatable="false" sap:sortable="false" sap:filterable="false"/><Property Name="Crdat" Type="Edm.String" Nullable="false" MaxLength="19" sap:unicode="false" sap:label="Created At" sap:creatable="false" sap:updatable="false" sap:sortable="false" sap:filterable="false"/><Property Name="Crnam" Type="Edm.String" Nullable="false" MaxLength="12" sap:unicode="false" sap:label="Created By" sap:creatable="false" sap:updatable="false" sap:sortable="false" sap:filterable="false"/><Property Name="Updat" Type="Edm.String" Nullable="false" MaxLength="19" sap:unicode="false" sap:label="Changed At" sap:creatable="false" sap:updatable="false" sap:sortable="false" sap:filterable="false"/><Property Name="Upnam" Type="Edm.String" Nullable="false" MaxLength="12" sap:unicode="false" sap:label="Changed By" sap:creatable="false" sap:updatable="false" sap:sortable="false" sap:filterable="false"/><Property Name="ServiceType" Type="Edm.String" Nullable="false" MaxLength="10" sap:unicode="false" sap:label="Service Type" sap:creatable="false" sap:updatable="false" sap:sortable="false" sap:filterable="false"/><Property Name="FederalFlag" Type="Edm.Boolean" Nullable="false" sap:unicode="false" sap:label="Federal Flag" sap:creatable="false" sap:updatable="false" sap:sortable="false" sap:filterable="false"/><Property Name="Channel" Type="Edm.String" Nullable="false" MaxLength="10" sap:unicode="false" sap:label="Channel" sap:creatable="false" sap:updatable="false" sap:sortable="false" sap:filterable="false"/><Property Name="AssignedTo" Type="Edm.String" Nullable="false" MaxLength="100" sap:unicode="false" sap:label="Assigned To" sap:creatable="false" sap:updatable="false" sap:sortable="false" sap:filterable="false"/><Property Name="IerpStatus" Type="Edm.String" Nullable="false" MaxLength="60" sap:unicode="false" sap:label="Description" sap:creatable="false" sap:updatable="false" sap:sortable="false" sap:filterable="false"/><Property Name="Status" Type="Edm.String" Nullable="false" MaxLength="3" sap:unicode="false" sap:label="Request Status" sap:creatable="false" sap:updatable="false" sap:sortable="false"/><Property Name="Createdby" Type="Edm.String" Nullable="false" MaxLength="12" sap:unicode="false" sap:label="Request Created By" sap:creatable="false" sap:updatable="false" sap:sortable="false" sap:filterable="false"/><Property Name="Createddate" Type="Edm.String" Nullable="false" MaxLength="19" sap:unicode="false" sap:label="Request Created At (User TZ)" sap:creatable="false" sap:updatable="false" sap:sortable="false" sap:filterable="false"/><Property Name="Updatedby" Type="Edm.String" Nullable="false" MaxLength="12" sap:unicode="false" sap:label="Request Changed By" sap:creatable="false" sap:updatable="false" sap:sortable="false" sap:filterable="false"/><Property Name="Lastupdateddate" Type="Edm.String" Nullable="false" MaxLength="19" sap:unicode="false" sap:label="Request lastupdated" sap:creatable="false" sap:updatable="false" sap:sortable="false" sap:filterable="false"/><Property Name="Bluegroup" Type="Edm.String" Nullable="false" MaxLength="30" sap:unicode="false" sap:label="Blue Group" sap:creatable="false" sap:updatable="false" sap:sortable="false" sap:filterable="false"/><Property Name="Processingstatus" Type="Edm.String" Nullable="false" MaxLength="1" sap:unicode="false" sap:label="Single-Character Flag" sap:creatable="false" sap:updatable="false" sap:sortable="false" sap:filterable="false"/><Property Name="Refrequestno" Type="Edm.String" Nullable="false" MaxLength="20" sap:unicode="false" sap:label="Referrence Request No" sap:creatable="false" sap:updatable="false" sap:sortable="false" sap:filterable="false"/><Property Name="Comments" Type="Edm.String" Nullable="false" MaxLength="1000" sap:unicode="false" sap:label="Comments" sap:creatable="false" sap:updatable="false" sap:sortable="false" sap:filterable="false"/></EntityType><EntityType Name="INSTALL_AT_VH" sap:content-version="1"><Key><PropertyRef Name="Partner"/></Key><Property Name="LegacyCustomer" Type="Edm.String" Nullable="false" MaxLength="10" sap:unicode="false" sap:label="Legacy customer number" sap:creatable="false" sap:updatable="false" sap:sortable="false" sap:filterable="false"/><Property Name="Partner" Type="Edm.String" Nullable="false" MaxLength="10" sap:unicode="false" sap:label="Customer" sap:creatable="false" sap:updatable="false"/><Property Name="McName1" Type="Edm.String" Nullable="false" MaxLength="35" sap:unicode="false" sap:label="Name" sap:creatable="false" sap:updatable="false"/><Property Name="McCity1" Type="Edm.String" Nullable="false" MaxLength="25" sap:unicode="false" sap:label="City" sap:creatable="false" sap:updatable="false" sap:sortable="false"/><Property Name="Country" Type="Edm.String" Nullable="false" MaxLength="3" sap:unicode="false" sap:label="Country" sap:creatable="false" sap:updatable="false" sap:sortable="false"/></EntityType><EntityType Name="zsubscribe" sap:content-version="1"><Key><PropertyRef Name="Siteid"/><PropertyRef Name="Ceid"/><PropertyRef Name="Cmr"/><PropertyRef Name="Index"/></Key><Property Name="User" Type="Edm.String" Nullable="false" MaxLength="12" sap:unicode="false" sap:label="User" sap:creatable="false" sap:updatable="false" sap:sortable="false" sap:filterable="false"/><Property Name="Siteid" Type="Edm.String" Nullable="false" MaxLength="10" sap:unicode="false" sap:label="Siteid" sap:creatable="false" sap:updatable="false" sap:sortable="false" sap:filterable="false"/><Property Name="Ceid" Type="Edm.String" Nullable="false" MaxLength="8" sap:unicode="false" sap:label="CEID" sap:creatable="false" sap:updatable="false" sap:sortable="false" sap:filterable="false"/><Property Name="Cmr" Type="Edm.String" Nullable="false" MaxLength="10" sap:unicode="false" sap:label="CMR" sap:creatable="false" sap:updatable="false" sap:sortable="false" sap:filterable="false"/><Property Name="Index" Type="Edm.String" Nullable="false" MaxLength="255" sap:unicode="false" sap:label="Comment indexes" sap:creatable="false" sap:updatable="false" sap:sortable="false" sap:filterable="false"/><Property Name="Suind" Type="Edm.String" Nullable="false" MaxLength="1" sap:unicode="false" sap:label="Single-Character Flag" sap:creatable="false" sap:updatable="false" sap:sortable="false" sap:filterable="false"/></EntityType><EntityType Name="likes_dislike" sap:content-version="1"><Key><PropertyRef Name="Commentid"/></Key><Property Name="Index" Type="Edm.String" Nullable="false" sap:unicode="false" sap:label="Index" sap:creatable="false" sap:updatable="false" sap:sortable="false" sap:filterable="false"/><Property Name="Commentid" Type="Edm.String" Nullable="false" MaxLength="10" sap:unicode="false" sap:label="CommentId" sap:creatable="false" sap:updatable="false" sap:sortable="false" sap:filterable="false"/><Property Name="User" Type="Edm.String" Nullable="false" MaxLength="12" sap:unicode="false" sap:label="User" sap:creatable="false" sap:updatable="false" sap:sortable="false" sap:filterable="false"/><Property Name="Type" Type="Edm.String" Nullable="false" MaxLength="1" sap:unicode="false" sap:label="Type" sap:creatable="false" sap:updatable="false" sap:sortable="false" sap:filterable="false"/><Property Name="Flag" Type="Edm.String" Nullable="false" MaxLength="1" sap:unicode="false" sap:label="Flag" sap:creatable="false" sap:updatable="false" sap:sortable="false" sap:filterable="false"/></EntityType><EntityType Name="ZSUBCOMMENTS" sap:content-version="1"><Key><PropertyRef Name="CommentId"/></Key><Property Name="CommentId" Type="Edm.String" Nullable="false" MaxLength="10" sap:unicode="false" sap:label="Comment Id" sap:creatable="false" sap:updatable="false" sap:sortable="false" sap:filterable="false"/><Property Name="Seqno" Type="Edm.String" Nullable="false" MaxLength="10" sap:unicode="false" sap:label="Sequence No" sap:creatable="false" sap:updatable="false" sap:sortable="false" sap:filterable="false"/><Property Name="UserName" Type="Edm.String" Nullable="false" MaxLength="80" sap:unicode="false" sap:label="User Name" sap:creatable="false" sap:updatable="false" sap:sortable="false" sap:filterable="false"/><Property Name="Crdate" Type="Edm.DateTime" Nullable="false" Precision="7" sap:unicode="false" sap:label="Creation Date" sap:creatable="false" sap:updatable="false" sap:sortable="false" sap:filterable="false"/><Property Name="Crtime" Type="Edm.Time" Nullable="false" Precision="0" sap:unicode="false" sap:label="Creation Time" sap:creatable="false" sap:updatable="false" sap:sortable="false" sap:filterable="false"/><Property Name="CommentLevel" Type="Edm.String" Nullable="false" MaxLength="2" sap:unicode="false" sap:label="Comment level" sap:creatable="false" sap:updatable="false" sap:sortable="false" sap:filterable="false"/><Property Name="Type" Type="Edm.String" Nullable="false" MaxLength="30" sap:unicode="false" sap:label="Comment type" sap:creatable="false" sap:updatable="false" sap:sortable="false" sap:filterable="false"/><Property Name="Indexes" Type="Edm.String" Nullable="false" MaxLength="255" sap:unicode="false" sap:label="Comment indexes" sap:creatable="false" sap:updatable="false" sap:sortable="false" sap:filterable="false"/><Property Name="Views" Type="Edm.String" Nullable="false" MaxLength="10" sap:unicode="false" sap:label="Views" sap:creatable="false" sap:updatable="false" sap:sortable="false" sap:filterable="false"/><Property Name="Errors" Type="Edm.String" Nullable="false" MaxLength="10" sap:unicode="false" sap:label="Errors number" sap:creatable="false" sap:updatable="false" sap:sortable="false" sap:filterable="false"/><Property Name="SystemNumber" Type="Edm.String" Nullable="false" MaxLength="10" sap:unicode="false" sap:label="System" sap:creatable="false" sap:updatable="false" sap:sortable="false" sap:filterable="false"/><Property Name="Comments" Type="Edm.String" Nullable="false" MaxLength="100" sap:unicode="false" sap:label="Comments number" sap:creatable="false" sap:updatable="false" sap:sortable="false" sap:filterable="false"/><Property Name="Context" Type="Edm.String" Nullable="false" MaxLength="255" sap:unicode="false" sap:label="Context" sap:creatable="false" sap:updatable="false" sap:sortable="false" sap:filterable="false"/><Property Name="Conversation" Type="Edm.String" Nullable="false" MaxLength="255" sap:unicode="false" sap:label="Conversation" sap:creatable="false" sap:updatable="false" sap:sortable="false" sap:filterable="false"/><Property Name="Interaction" Type="Edm.String" Nullable="false" MaxLength="255" sap:unicode="false" sap:label="Interaction" sap:creatable="false" sap:updatable="false" sap:sortable="false" sap:filterable="false"/><Property Name="TextResult" Type="Edm.String" Nullable="false" MaxLength="255" sap:unicode="false" sap:label="Text result" sap:creatable="false" sap:updatable="false" sap:sortable="false" sap:filterable="false"/><Property Name="ImageUrl" Type="Edm.String" Nullable="false" MaxLength="255" sap:unicode="false" sap:label="Image URL" sap:creatable="false" sap:updatable="false" sap:sortable="false" sap:filterable="false"/><Property Name="ExecuteUrl" Type="Edm.String" Nullable="false" MaxLength="255" sap:unicode="false" sap:label="Execute URL" sap:creatable="false" sap:updatable="false" sap:sortable="false" sap:filterable="false"/><Property Name="CommentsDup" Type="Edm.String" Nullable="false" MaxLength="128" sap:unicode="false" sap:label="Commnets_dup" sap:creatable="false" sap:updatable="false" sap:sortable="false" sap:filterable="false"/><Property Name="ProfileUrl" Type="Edm.String" Nullable="false" MaxLength="255" sap:unicode="false" sap:label="Image URL" sap:creatable="false" sap:updatable="false" sap:sortable="false" sap:filterable="false"/><Property Name="Name" Type="Edm.String" Nullable="false" MaxLength="80" sap:unicode="false" sap:label="Full Name" sap:creatable="false" sap:updatable="false" sap:sortable="false" sap:filterable="false"/><Property Name="Zlikes" Type="Edm.String" Nullable="false" MaxLength="10" sap:unicode="false" sap:label="Likes" sap:creatable="false" sap:updatable="false" sap:sortable="false" sap:filterable="false"/><Property Name="Zdislikes" Type="Edm.String" Nullable="false" MaxLength="10" sap:unicode="false" sap:label="Dislikes" sap:creatable="false" sap:updatable="false" sap:sortable="false" sap:filterable="false"/><Property Name="Zsiteid" Type="Edm.String" Nullable="false" MaxLength="10" sap:unicode="false" sap:label="Siteid" sap:creatable="false" sap:updatable="false" sap:sortable="false" sap:filterable="false"/><Property Name="Zorder" Type="Edm.String" Nullable="false" MaxLength="10" sap:unicode="false" sap:label="Order" sap:creatable="false" sap:updatable="false" sap:sortable="false" sap:filterable="false"/><Property Name="Zcmr" Type="Edm.String" Nullable="false" MaxLength="7" sap:unicode="false" sap:label="CMR" sap:creatable="false" sap:updatable="false" sap:sortable="false" sap:filterable="false"/></EntityType><EntityContainer Name="Z_YOTCEN_IBASE_ENGAGESUPPORT_SRV_Entities" m:IsDefaultEntityContainer="true" sap:supported-formats="atom json xlsx"><EntitySet Name="ZYOTCEN_IBASE_INVESLOGSet" EntityType="Z_YOTCEN_IBASE_ENGAGESUPPORT_SRV.ZYOTCEN_IBASE_INVESLOG" sap:creatable="false" sap:updatable="false" sap:deletable="false" sap:searchable="true" sap:pageable="false" sap:content-version="1"/><EntitySet Name="ZYOTCEN_HEADER_ESSet" EntityType="Z_YOTCEN_IBASE_ENGAGESUPPORT_SRV.ZYOTCEN_HEADER_ES" sap:creatable="false" sap:updatable="false" sap:deletable="false" sap:pageable="false" sap:content-version="1"/><EntitySet Name="zcommentsSet" EntityType="Z_YOTCEN_IBASE_ENGAGESUPPORT_SRV.zcomments" sap:creatable="false" sap:updatable="false" sap:deletable="false" sap:pageable="false" sap:content-version="1"/><EntitySet Name="ZYOTCEN_IBASE_ENGSUPPORTSet" EntityType="Z_YOTCEN_IBASE_ENGAGESUPPORT_SRV.ZYOTCEN_IBASE_ENGSUPPORT" sap:creatable="false" sap:updatable="false" sap:deletable="false" sap:pageable="false" sap:content-version="1"/><EntitySet Name="ZYOTCEN_IBASE_VHELPSet" EntityType="Z_YOTCEN_IBASE_ENGAGESUPPORT_SRV.ZYOTCEN_IBASE_VHELP" sap:creatable="false" sap:updatable="false" sap:deletable="false" sap:pageable="false" sap:content-version="1"/><EntitySet Name="ZYOTCEN_CONS_REQTYSet" EntityType="Z_YOTCEN_IBASE_ENGAGESUPPORT_SRV.ZYOTCEN_CONS_REQTY" sap:creatable="false" sap:updatable="false" sap:deletable="false" sap:pageable="false" sap:content-version="1"/><EntitySet Name="ZYOTCEN_CONS_RESULTSet" EntityType="Z_YOTCEN_IBASE_ENGAGESUPPORT_SRV.ZYOTCEN_CONS_RESULT" sap:creatable="false" sap:updatable="false" sap:deletable="false" sap:pageable="false" sap:content-version="1"/><EntitySet Name="ZYOTCEN_CONS_STATUSSet" EntityType="Z_YOTCEN_IBASE_ENGAGESUPPORT_SRV.ZYOTCEN_CONS_STATUS" sap:creatable="false" sap:updatable="false" sap:deletable="false" sap:pageable="false" sap:content-version="1"/><EntitySet Name="ZYOTCEN_CONS_CANCELSet" EntityType="Z_YOTCEN_IBASE_ENGAGESUPPORT_SRV.ZYOTCEN_CONS_CANCEL" sap:creatable="false" sap:updatable="false" sap:deletable="false" sap:pageable="false" sap:content-version="1"/><EntitySet Name="ZYOTCEN_CAEQ_HDRSTGSet" EntityType="Z_YOTCEN_IBASE_ENGAGESUPPORT_SRV.ZYOTCEN_CAEQ_HDRSTG" sap:creatable="false" sap:updatable="false" sap:deletable="false" sap:pageable="false" sap:content-version="1"/><EntitySet Name="INSTALL_AT_VHSet" EntityType="Z_YOTCEN_IBASE_ENGAGESUPPORT_SRV.INSTALL_AT_VH" sap:creatable="false" sap:updatable="false" sap:deletable="false" sap:pageable="false" sap:content-version="1"/><EntitySet Name="zsubscribeSet" EntityType="Z_YOTCEN_IBASE_ENGAGESUPPORT_SRV.zsubscribe" sap:creatable="false" sap:updatable="false" sap:deletable="false" sap:pageable="false" sap:content-version="1"/><EntitySet Name="likes_dislikeSet" EntityType="Z_YOTCEN_IBASE_ENGAGESUPPORT_SRV.likes_dislike" sap:creatable="false" sap:updatable="false" sap:deletable="false" sap:pageable="false" sap:addressable="false" sap:content-version="1"/><EntitySet Name="ZSUBCOMMENTSSet" EntityType="Z_YOTCEN_IBASE_ENGAGESUPPORT_SRV.ZSUBCOMMENTS" sap:creatable="false" sap:updatable="false" sap:deletable="false" sap:pageable="false" sap:content-version="1"/></EntityContainer><atom:link rel="self" href="https://IERP-YC4.PCE.IBM.COM:44391/sap/opu/odata/sap/Z_YOTCEN_IBASE_ENGAGESUPPORT_SRV/$metadata" xmlns:atom="http://www.w3.org/2005/Atom"/><atom:link rel="latest-version" href="https://IERP-YC4.PCE.IBM.COM:44391/sap/opu/odata/sap/Z_YOTCEN_IBASE_ENGAGESUPPORT_SRV/$metadata" xmlns:atom="http://www.w3.org/2005/Atom"/></Schema></edmx:DataServices></edmx:Edmx>