<edmx:Edmx xmlns:edmx="http://docs.oasis-open.org/odata/ns/edmx" Version="4.0">
	<edmx:Reference Uri="/sap/opu/odata/sap/Z_YOTCEN_IBASE_ENGAGESUPPORT_SRV/$metadata">
		<edmx:Include Alias="Metadata" Namespace="Z_YOTCEN_IBASE_ENGAGESUPPORT_SRV"/>
	</edmx:Reference>
	<edmx:Reference Uri="https://wiki.scn.sap.com/wiki/download/attachments/448470974/Common.xml?api=v2">
		<edmx:Include Alias="Common" Namespace="com.sap.vocabularies.Common.v1"/>
	</edmx:Reference>
	<edmx:DataServices>
		<Schema xmlns="http://docs.oasis-open.org/odata/ns/edm" Namespace="ZInventService-3.model.ESAnnotation.Z_YOTCEN_IBASE_ENGAGESUPPORT_SRV">
			<Annotations Target="Metadata.ZYOTCEN_CAEQ_HDRSTG/RequestType">
				<Annotation Term="Common.ValueList">
					<Record Type="Common.ValueListType">
						<PropertyValue Property="CollectionPath" String="ZYOTCEN_CONS_REQTYSet"/>
						<PropertyValue Property="Parameters">
							<Collection>
								<Record Type="Common.ValueListParameterInOut">
									<PropertyValue Property="LocalDataProperty" PropertyPath="RequestType"/>
									<PropertyValue Property="ValueListProperty" String="RequestType"/>
								</Record>
								<Record Type="Common.ValueListParameterDisplayOnly">
									<PropertyValue Property="ValueListProperty" String="Description"/>
								</Record>
							</Collection>
						</PropertyValue>
					</Record>
				</Annotation>
			</Annotations>
			<Annotations Target="Metadata.ZYOTCEN_CONS_REQTY/RequestType">
				<Annotation Term="Common.Text" Path="Description"/>
			</Annotations>
			<Annotations Target="Metadata.ZYOTCEN_CONS_RESULT/Results">
				<Annotation Term="Common.Text" Path="Description"/>
			</Annotations>
			<Annotations Target="Metadata.ZYOTCEN_CONS_STATUS/NewStatus">
				<Annotation Term="Common.Text" Path="Description"/>
			</Annotations>
			<Annotations Target="Metadata.ZYOTCEN_CAEQ_HDRSTG/Results">
				<Annotation Term="Common.ValueList">
					<Record Type="Common.ValueListType">
						<PropertyValue Property="CollectionPath" String="ZYOTCEN_CONS_RESULTSet"/>
						<PropertyValue Property="Parameters">
							<Collection>
								<Record Type="Common.ValueListParameterInOut">
									<PropertyValue Property="LocalDataProperty" PropertyPath="Results"/>
									<PropertyValue Property="ValueListProperty" String="Results"/>
								</Record>
								<Record Type="Common.ValueListParameterDisplayOnly">
									<PropertyValue Property="ValueListProperty" String="Description"/>
								</Record>
							</Collection>
						</PropertyValue>
					</Record>
				</Annotation>
			</Annotations>
			<Annotations Target="Metadata.ZYOTCEN_CAEQ_HDRSTG/Status">
				<Annotation Term="Common.ValueList">
					<Record Type="Common.ValueListType">
						<PropertyValue Property="CollectionPath" String="ZYOTCEN_CONS_RESULTSet"/>
						<PropertyValue Property="Parameters">
							<Collection>
								<Record Type="Common.ValueListParameterInOut">
									<PropertyValue Property="LocalDataProperty" PropertyPath="Status"/>
									<PropertyValue Property="ValueListProperty" String="Results"/>
								</Record>
							</Collection>
						</PropertyValue>
					</Record>
				</Annotation>
			</Annotations>
		</Schema>
	</edmx:DataServices>
</edmx:Edmx>