<?xml version="1.0" encoding="utf-8"?><edmx:Edmx Version="1.0" xmlns:edmx="http://schemas.microsoft.com/ado/2007/06/edmx" xmlns:m="http://schemas.microsoft.com/ado/2007/08/dataservices/metadata" xmlns:sap="http://www.sap.com/Protocols/SAPData"><edmx:Reference Uri="https://IERP-YC4.PCE.IBM.COM:44391/sap/opu/odata/iwfnd/catalogservice;v=2/Vocabularies(TechnicalName='%2FIWBEP%2FVOC_COMMON',Version='0001',SAP__Origin='')/$value" xmlns:edmx="http://docs.oasis-open.org/odata/ns/edmx"><edmx:Include Namespace="com.sap.vocabularies.Common.v1" Alias="Common"/></edmx:Reference><edmx:DataServices m:DataServiceVersion="2.0"><Schema Namespace="ZFIORIANALYTICS_SRV" xml:lang="en" sap:schema-version="1" xmlns="http://schemas.microsoft.com/ado/2008/09/edm"><Annotation Term="Core.SchemaVersion" String="1.0.0" xmlns="http://docs.oasis-open.org/odata/ns/edm"/><EntityType Name="shelp_app" sap:content-version="1"><Key><PropertyRef Name="AppName"/></Key><Property Name="AppName" Type="Edm.String" Nullable="false" MaxLength="50" sap:unicode="false" sap:label="Application name" sap:creatable="false" sap:updatable="false" sap:sortable="false"/><Property Name="AccessDate" Type="Edm.String" MaxLength="10" sap:unicode="false" sap:label="Access Date" sap:creatable="false" sap:updatable="false" sap:sortable="false" sap:filterable="false"/></EntityType><EntityType Name="shelp_bsp" sap:content-version="1"><Key><PropertyRef Name="BspName"/></Key><Property Name="BspName" Type="Edm.String" Nullable="false" MaxLength="30" sap:unicode="false" sap:label="BSP Name" sap:creatable="false" sap:updatable="false" sap:sortable="false"/><Property Name="AccessDate" Type="Edm.String" MaxLength="10" sap:unicode="false" sap:label="Access Date" sap:creatable="false" sap:updatable="false" sap:sortable="false" sap:filterable="false"/></EntityType><EntityType Name="tracker" sap:content-version="1"><Key><PropertyRef Name="Username"/><PropertyRef Name="AccessDate"/><PropertyRef Name="AccessTime"/></Key><Property Name="Username" Type="Edm.String" Nullable="false" MaxLength="12" sap:unicode="false" sap:label="User Name" sap:creatable="false" sap:updatable="false" sap:sortable="false" sap:filterable="false"/><Property Name="AccessDate" Type="Edm.String" Nullable="false" MaxLength="10" sap:unicode="false" sap:label="Access Date" sap:creatable="false" sap:updatable="false" sap:sortable="false"/><Property Name="AccessTime" Type="Edm.Time" Nullable="false" Precision="0" sap:unicode="false" sap:label="Access Time" sap:creatable="false" sap:updatable="false" sap:sortable="false" sap:filterable="false"/><Property Name="Country" Type="Edm.String" Nullable="false" MaxLength="60" sap:unicode="false" sap:label="Country" sap:creatable="false" sap:updatable="false" sap:sortable="false" sap:filterable="false"/><Property Name="Market" Type="Edm.String" Nullable="false" MaxLength="60" sap:unicode="false" sap:label="Market" sap:creatable="false" sap:updatable="false" sap:sortable="false" sap:filterable="false"/><Property Name="UserRole" Type="Edm.String" Nullable="false" MaxLength="30" sap:unicode="false" sap:label="YPL Role" sap:creatable="false" sap:updatable="false" sap:sortable="false" sap:filterable="false"/><Property Name="CatalogId" Type="Edm.String" Nullable="false" MaxLength="100" sap:unicode="false" sap:label="Catalog ID" sap:creatable="false" sap:updatable="false" sap:sortable="false"/><Property Name="CatalogTitle" Type="Edm.String" Nullable="false" MaxLength="100" sap:filter-restriction="single-value" sap:unicode="false" sap:label="Catalog Title" sap:creatable="false" sap:updatable="false" sap:sortable="false" sap:filterable="false"/><Property Name="OpenMethod" Type="Edm.String" Nullable="false" MaxLength="30" sap:filter-restriction="single-value" sap:unicode="false" sap:label="Opening Method" sap:creatable="false" sap:updatable="false" sap:sortable="false"/><Property Name="SpaceTitle" Type="Edm.String" Nullable="false" MaxLength="100" sap:filter-restriction="single-value" sap:unicode="false" sap:label="Space" sap:creatable="false" sap:updatable="false" sap:sortable="false"/><Property Name="PageTitle" Type="Edm.String" Nullable="false" MaxLength="40" sap:filter-restriction="single-value" sap:unicode="false" sap:label="Page" sap:creatable="false" sap:updatable="false" sap:sortable="false"/><Property Name="SectionTitle" Type="Edm.String" Nullable="false" MaxLength="100" sap:filter-restriction="single-value" sap:unicode="false" sap:label="Section" sap:creatable="false" sap:updatable="false" sap:sortable="false"/><Property Name="AppName" Type="Edm.String" Nullable="false" MaxLength="50" sap:filter-restriction="single-value" sap:unicode="false" sap:label="Application Name" sap:creatable="false" sap:updatable="false" sap:sortable="false"/><Property Name="AppType" Type="Edm.String" Nullable="false" MaxLength="50" sap:unicode="false" sap:label="Application Type" sap:creatable="false" sap:updatable="false" sap:sortable="false" sap:filterable="false"/><Property Name="Browser" Type="Edm.String" Nullable="false" MaxLength="20" sap:unicode="false" sap:label="Browser Name" sap:creatable="false" sap:updatable="false" sap:sortable="false" sap:filterable="false"/><Property Name="BrowserVersion" Type="Edm.String" Nullable="false" MaxLength="25" sap:unicode="false" sap:label="Browser Version" sap:creatable="false" sap:updatable="false" sap:sortable="false" sap:filterable="false"/><Property Name="ToDate" Type="Edm.String" Nullable="false" MaxLength="8" sap:unicode="false" sap:label="To Date" sap:creatable="false" sap:updatable="false" sap:sortable="false" sap:filterable="false"/><Property Name="SystemId" Type="Edm.String" Nullable="false" MaxLength="8" sap:unicode="false" sap:label="SAP System ID" sap:creatable="false" sap:updatable="false" sap:sortable="false" sap:filterable="false"/><Property Name="YplRole" Type="Edm.String" Nullable="false" MaxLength="30" sap:unicode="false" sap:label="YPE Role" sap:creatable="false" sap:updatable="false" sap:sortable="false" sap:filterable="false"/><Property Name="RoleDesc" Type="Edm.String" Nullable="false" MaxLength="80" sap:unicode="false" sap:label="YPE Role Short Description" sap:creatable="false" sap:updatable="false" sap:sortable="false" sap:filterable="false"/><Property Name="Email" Type="Edm.String" Nullable="false" MaxLength="241" sap:unicode="false" sap:label="E-Mail Address" sap:creatable="false" sap:updatable="false" sap:sortable="false" sap:filterable="false"/><Property Name="Unit" Type="Edm.String" Nullable="false" MaxLength="60" sap:unicode="false" sap:label="Business Unit" sap:creatable="false" sap:updatable="false" sap:sortable="false" sap:filterable="false"/><Property Name="BspName" Type="Edm.String" Nullable="false" MaxLength="30" sap:filter-restriction="single-value" sap:unicode="false" sap:label="BSP Name" sap:creatable="false" sap:updatable="false" sap:sortable="false"/></EntityType><EntityType Name="shelp_catalog" sap:content-version="1"><Key><PropertyRef Name="CatalogId"/></Key><Property Name="CatalogId" Type="Edm.String" Nullable="false" MaxLength="100" sap:unicode="false" sap:label="Catalog ID" sap:creatable="false" sap:updatable="false" sap:sortable="false"/><Property Name="CatalogTitle" Type="Edm.String" Nullable="false" MaxLength="100" sap:unicode="false" sap:label="Catalog Title" sap:creatable="false" sap:updatable="false" sap:sortable="false" sap:filterable="false"/><Property Name="AccessDate" Type="Edm.String" MaxLength="10" sap:unicode="false" sap:label="Access Date" sap:creatable="false" sap:updatable="false" sap:sortable="false" sap:filterable="false"/></EntityType><EntityType Name="shelp_space" sap:content-version="1"><Key><PropertyRef Name="SpaceTitle"/></Key><Property Name="SpaceTitle" Type="Edm.String" Nullable="false" MaxLength="100" sap:unicode="false" sap:label="Space Title" sap:creatable="false" sap:updatable="false" sap:sortable="false"/><Property Name="AccessDate" Type="Edm.String" MaxLength="10" sap:unicode="false" sap:label="Access Date" sap:creatable="false" sap:updatable="false" sap:sortable="false" sap:filterable="false"/></EntityType><EntityType Name="shelp_page" sap:content-version="1"><Key><PropertyRef Name="PageTitle"/></Key><Property Name="PageTitle" Type="Edm.String" Nullable="false" MaxLength="40" sap:unicode="false" sap:label="Page Title" sap:creatable="false" sap:updatable="false" sap:sortable="false"/><Property Name="AccessDate" Type="Edm.String" MaxLength="10" sap:unicode="false" sap:label="Access Date" sap:creatable="false" sap:updatable="false" sap:sortable="false" sap:filterable="false"/></EntityType><EntityType Name="shelp_section" sap:content-version="1"><Key><PropertyRef Name="SectionTitle"/></Key><Property Name="SectionTitle" Type="Edm.String" Nullable="false" MaxLength="100" sap:unicode="false" sap:label="Section Title" sap:creatable="false" sap:updatable="false" sap:sortable="false"/><Property Name="AccessDate" Type="Edm.String" MaxLength="10" sap:unicode="false" sap:label="Access Date" sap:creatable="false" sap:updatable="false" sap:sortable="false" sap:filterable="false"/></EntityType><EntityType Name="shelp_open_method" sap:content-version="1"><Key><PropertyRef Name="OpenMethod"/></Key><Property Name="OpenMethod" Type="Edm.String" Nullable="false" MaxLength="30" sap:unicode="false" sap:label="Opening Method" sap:creatable="false" sap:updatable="false" sap:sortable="false"/><Property Name="AccessDate" Type="Edm.String" MaxLength="10" sap:unicode="false" sap:label="Access Date" sap:creatable="false" sap:updatable="false" sap:sortable="false" sap:filterable="false"/></EntityType><EntityContainer Name="ZFIORIANALYTICS_SRV_Entities" m:IsDefaultEntityContainer="true" sap:supported-formats="atom json xlsx"><EntitySet Name="shelp_appSet" EntityType="ZFIORIANALYTICS_SRV.shelp_app" sap:creatable="false" sap:updatable="false" sap:deletable="false" sap:pageable="false" sap:addressable="false" sap:content-version="1"/><EntitySet Name="shelp_bspSet" EntityType="ZFIORIANALYTICS_SRV.shelp_bsp" sap:creatable="false" sap:updatable="false" sap:deletable="false" sap:pageable="false" sap:addressable="false" sap:content-version="1"/><EntitySet Name="trackerSet" EntityType="ZFIORIANALYTICS_SRV.tracker" sap:creatable="false" sap:updatable="false" sap:deletable="false" sap:pageable="false" sap:addressable="false" sap:content-version="1"/><EntitySet Name="shelp_catalogSet" EntityType="ZFIORIANALYTICS_SRV.shelp_catalog" sap:creatable="false" sap:updatable="false" sap:deletable="false" sap:pageable="false" sap:addressable="false" sap:content-version="1"/><EntitySet Name="shelp_spaceSet" EntityType="ZFIORIANALYTICS_SRV.shelp_space" sap:creatable="false" sap:updatable="false" sap:deletable="false" sap:pageable="false" sap:addressable="false" sap:content-version="1"/><EntitySet Name="shelp_pageSet" EntityType="ZFIORIANALYTICS_SRV.shelp_page" sap:creatable="false" sap:updatable="false" sap:deletable="false" sap:pageable="false" sap:addressable="false" sap:content-version="1"/><EntitySet Name="shelp_sectionSet" EntityType="ZFIORIANALYTICS_SRV.shelp_section" sap:creatable="false" sap:updatable="false" sap:deletable="false" sap:pageable="false" sap:addressable="false" sap:content-version="1"/><EntitySet Name="shelp_open_methodSet" EntityType="ZFIORIANALYTICS_SRV.shelp_open_method" sap:creatable="false" sap:updatable="false" sap:deletable="false" sap:pageable="false" sap:addressable="false" sap:content-version="1"/></EntityContainer><Annotations Target="ZFIORIANALYTICS_SRV.tracker/CatalogTitle" xmlns="http://docs.oasis-open.org/odata/ns/edm"><Annotation Term="Common.QuickInfo" String=""/></Annotations><Annotations Target="ZFIORIANALYTICS_SRV.tracker/OpenMethod" xmlns="http://docs.oasis-open.org/odata/ns/edm"><Annotation Term="Common.QuickInfo" String=""/></Annotations><Annotations Target="ZFIORIANALYTICS_SRV.tracker/SpaceTitle" xmlns="http://docs.oasis-open.org/odata/ns/edm"><Annotation Term="Common.QuickInfo" String=""/></Annotations><Annotations Target="ZFIORIANALYTICS_SRV.tracker/PageTitle" xmlns="http://docs.oasis-open.org/odata/ns/edm"><Annotation Term="Common.QuickInfo" String=""/></Annotations><Annotations Target="ZFIORIANALYTICS_SRV.tracker/SectionTitle" xmlns="http://docs.oasis-open.org/odata/ns/edm"><Annotation Term="Common.QuickInfo" String=""/></Annotations><Annotations Target="ZFIORIANALYTICS_SRV.tracker/AppName" xmlns="http://docs.oasis-open.org/odata/ns/edm"><Annotation Term="Common.QuickInfo" String=""/></Annotations><Annotations Target="ZFIORIANALYTICS_SRV.tracker/BspName" xmlns="http://docs.oasis-open.org/odata/ns/edm"><Annotation Term="Common.QuickInfo" String=""/></Annotations><atom:link rel="self" href="https://IERP-YC4.PCE.IBM.COM:44391/sap/opu/odata/sap/ZFIORIANALYTICS_SRV/$metadata" xmlns:atom="http://www.w3.org/2005/Atom"/><atom:link rel="latest-version" href="https://IERP-YC4.PCE.IBM.COM:44391/sap/opu/odata/sap/ZFIORIANALYTICS_SRV/$metadata" xmlns:atom="http://www.w3.org/2005/Atom"/></Schema></edmx:DataServices></edmx:Edmx>