<?xml version="1.0" encoding="UTF-8"?>
<chip xmlns="http://schemas.sap.com/sapui2/services/Chip/1">
    <implementation>
        <sapui5>
            <basePath>../resources</basePath>
            <componentName>sap.ushell.components.tiles.applauncherdynamic</componentName>
        </sapui5>
    </implementation>
    <appearance>
        <title>Dynamic Applauncher</title>
        <description>Dynamic Applauncher Chip</description>
    </appearance>
    <contracts>
        <consume id="configuration">
            <parameters>
                <parameter name="tileConfiguration" />
            </parameters>
        </consume>
        <consume id="preview" />
        <consume id="writeConfiguration" />
        <consume id="configurationUi" />
        <consume id="search" />
        <consume id="refresh" />
        <consume id="visible" />
        <consume id="bag" />
        <consume id="url" />
        <consume id="actions" />
        <consume id="types">
            <parameters>
                <parameter name="supportedTypes">tile,tileWide,link,flat,flatWide</parameter>
                <parameter name="defaultType">tile</parameter>
            </parameters>
        </consume>
    </contracts>
</chip>
