<!--

    Copyright (C) 2009-2022 SAP SE or an SAP affiliate company. All rights reserved.

-->
<core:FragmentDefinition xmlns="sap.m"
	xmlns:core="sap.ui.core" xmlns:area="sap.suite.ui.microchart">
	<TileContent>
		<content>
			<area:AreaMicroChart width="100%" height="100%" isResponsive="true"
				minXValue="0" maxXValue="100" minYValue="0" maxYValue="100">
				<area:firstXLabel>
					<area:AreaMicroChartLabel label="{i18n>/firstXLabel}"
						color="Neutral" />
				</area:firstXLabel>
				<area:lastXLabel>
					<area:AreaMicroChartLabel label="{i18n>/lastXLabel}"
						color="Neutral" />
				</area:lastXLabel>
				<area:firstYLabel>
					<area:AreaMicroChartLabel label="{i18n>/firstYLabel}"
						color="Error" />
				</area:firstYLabel>
				<area:lastYLabel>
					<area:AreaMicroChartLabel label="{i18n>/lastYLabel}"
						color="Good" />
				</area:lastYLabel>
				<area:target>
					<area:AreaMicroChartItem>
						<area:points>
							<area:AreaMicroChartPoint x="0" y="0" />
							<area:AreaMicroChartPoint x="30" y="30" />
							<area:AreaMicroChartPoint x="60" y="40" />
							<area:AreaMicroChartPoint x="100" y="90" />
						</area:points>
					</area:AreaMicroChartItem>
				</area:target>
				<area:innerMinThreshold>
					<area:AreaMicroChartItem color="Good" />
				</area:innerMinThreshold>
				<area:innerMaxThreshold>
					<area:AreaMicroChartItem color="Good" />
				</area:innerMaxThreshold>
				<area:minThreshold>
					<area:AreaMicroChartItem color="Error">
						<area:points>
							<area:AreaMicroChartPoint x="0" y="0" />
							<area:AreaMicroChartPoint x="30" y="40" />
							<area:AreaMicroChartPoint x="60" y="50" />
							<area:AreaMicroChartPoint x="100" y="100" />
						</area:points>
					</area:AreaMicroChartItem>
				</area:minThreshold>
				<area:maxThreshold>
					<area:AreaMicroChartItem color="Good">
						<area:points>
							<area:AreaMicroChartPoint x="0" y="0" />
							<area:AreaMicroChartPoint x="30" y="20" />
							<area:AreaMicroChartPoint x="60" y="30" />
							<area:AreaMicroChartPoint x="100" y="70" />
						</area:points>
					</area:AreaMicroChartItem>
				</area:maxThreshold>
				<area:chart>
					<area:AreaMicroChartItem>
						<area:points>
							<area:AreaMicroChartPoint x="0" y="0" />
							<area:AreaMicroChartPoint x="30" y="40" />
							<area:AreaMicroChartPoint x="60" y="50" />
							<area:AreaMicroChartPoint x="100" y="100" />
						</area:points>
					</area:AreaMicroChartItem>
				</area:chart>
			</area:AreaMicroChart>
		</content>
	</TileContent>
</core:FragmentDefinition>