<?xml version="1.0" encoding="utf-8"?><edmx:Edmx Version="4.0" xmlns:edmx="http://docs.oasis-open.org/odata/ns/edmx"><edmx:Reference Uri="../../catalogservice;v=2/Vocabularies(TechnicalName='%2FIWBEP%2FVOC_COMMON',Version='0001',SAP__Origin='')/$value"><edmx:Include Namespace="com.sap.vocabularies.Common.v1" Alias="Common"/></edmx:Reference><edmx:Reference Uri="../../catalogservice;v=2/Vocabularies(TechnicalName='%2FIWBEP%2FVOC_UI',Version='0001',SAP__Origin='')/$value"><edmx:Include Namespace="com.sap.vocabularies.UI.v1" Alias="UI"/></edmx:Reference><edmx:Reference Uri="../../catalogservice;v=2/Vocabularies(TechnicalName='%2FIWBEP%2FVOC_COMMUNICATION',Version='0001',SAP__Origin='')/$value"><edmx:Include Namespace="com.sap.vocabularies.Communication.v1" Alias="Communication"/></edmx:Reference><edmx:Reference Uri="../../catalogservice;v=2/Vocabularies(TechnicalName='%2FIWBEP%2FVOC_PERSONALDATA',Version='0001',SAP__Origin='')/$value"><edmx:Include Namespace="com.sap.vocabularies.PersonalData.v1" Alias="PersonalData"/></edmx:Reference><edmx:Reference Uri="../../catalogservice;v=2/Vocabularies(TechnicalName='%2FIWBEP%2FVOC_VALIDATION',Version='0001',SAP__Origin='')/$value"><edmx:Include Namespace="Org.OData.Validation.V1" Alias="Validation"/></edmx:Reference><edmx:Reference Uri="../../catalogservice;v=2/Vocabularies(TechnicalName='%2FIWBEP%2FVOC_ANALYTICS',Version='0001',SAP__Origin='')/$value"><edmx:Include Namespace="com.sap.vocabularies.Analytics.v1" Alias="Analytics"/></edmx:Reference><edmx:Reference Uri="../../catalogservice;v=2/Vocabularies(TechnicalName='%2FIWBEP%2FVOC_HTML5',Version='0001',SAP__Origin='')/$value"><edmx:Include Namespace="com.sap.vocabularies.HTML5.v1" Alias="HTML5"/></edmx:Reference><edmx:Reference Uri="../../../sap/zui_managesalesorder/$metadata"><edmx:Include Namespace="ZUI_MANAGESALESORDER" Alias="SAP"/></edmx:Reference><edmx:DataServices><Schema Namespace="zui_managesalesorder_van.v1" xmlns="http://docs.oasis-open.org/odata/ns/edm"><Annotations Target="cds_zui_managesalesorder.EmployeeVHType/Person"><Annotation Term="UI.Hidden"/></Annotations><Annotations Target="cds_zui_managesalesorder.C_SalesOrderTypeVH_F1873Type/SalesDocumentTypeLangDepdnt"><Annotation Term="UI.Hidden"/></Annotations><Annotations Target="cds_zui_managesalesorder.C_SalesOrderTypeVH_F1873Type"><Annotation Term="UI.HeaderInfo"><Record><PropertyValue Property="TypeName" String="Sales Order Type"/><PropertyValue Property="TypeNamePlural" String="Sales Order Types"/></Record></Annotation><Annotation Term="UI.LineItem"><Collection><Record Type="UI.DataField"><PropertyValue Property="Value" Path="SalesOrderType"/><Annotation Term="UI.Importance" EnumMember="UI.ImportanceType/High"/></Record><Record Type="UI.DataField"><PropertyValue Property="Value" Path="SalesOrderTypeName"/><Annotation Term="UI.Importance" EnumMember="UI.ImportanceType/High"/></Record></Collection></Annotation></Annotations><Annotations Target="cds_zui_managesalesorder.C_SoldToSalesAreaVHType/OrganizationBPName1"><Annotation Term="UI.Hidden"/></Annotations><Annotations Target="cds_zui_managesalesorder.C_SoldToSalesAreaVHType/OrganizationBPName2"><Annotation Term="UI.Hidden"/></Annotations><Annotations Target="cds_zui_managesalesorder.C_SoldToSalesAreaVHType/Country"><Annotation Term="Common.Text" Path="Country_Text"><Annotation Term="UI.TextArrangement" EnumMember="UI.TextArrangementType/TextFirst"/></Annotation></Annotations><Annotations Target="cds_zui_managesalesorder.C_SoldToSalesAreaVHType"><Annotation Term="UI.LineItem"><Collection><Record Type="UI.DataField"><PropertyValue Property="Value" Path="Customer"/><Annotation Term="UI.Importance" EnumMember="UI.ImportanceType/High"/></Record><Record Type="UI.DataField"><PropertyValue Property="Value" Path="CustomerName"/><Annotation Term="UI.Importance" EnumMember="UI.ImportanceType/High"/></Record><Record Type="UI.DataField"><PropertyValue Property="Value" Path="PostalCode"/><Annotation Term="UI.Importance" EnumMember="UI.ImportanceType/Low"/></Record><Record Type="UI.DataField"><PropertyValue Property="Value" Path="CityName"/><Annotation Term="UI.Importance" EnumMember="UI.ImportanceType/Low"/></Record><Record Type="UI.DataField"><PropertyValue Property="Value" Path="Country"/><Annotation Term="UI.Importance" EnumMember="UI.ImportanceType/Low"/></Record><Record Type="UI.DataField"><PropertyValue Property="Value" Path="StreetName"/><Annotation Term="UI.Importance" EnumMember="UI.ImportanceType/Low"/></Record></Collection></Annotation><Annotation Term="UI.SelectionFields"><Collection><PropertyPath>Customer</PropertyPath><PropertyPath>CustomerName</PropertyPath><PropertyPath>PostalCode</PropertyPath><PropertyPath>CityName</PropertyPath><PropertyPath>Country</PropertyPath><PropertyPath>StreetName</PropertyPath></Collection></Annotation></Annotations><Annotations Target="cds_zui_managesalesorder.SoldToValueHelpType/OrganizationBPName1"><Annotation Term="UI.Hidden"/></Annotations><Annotations Target="cds_zui_managesalesorder.SoldToValueHelpType/OrganizationBPName2"><Annotation Term="UI.Hidden"/></Annotations><Annotations Target="cds_zui_managesalesorder.SoldToValueHelpType/BusinessPartnerImageURL"><Annotation Term="UI.Hidden"/></Annotations><Annotations Target="cds_zui_managesalesorder.SoldToValueHelpType/HouseNumber"><Annotation Term="UI.Hidden"/></Annotations><Annotations Target="cds_zui_managesalesorder.SoldToValueHelpType/InternationalPhoneNumber"><Annotation Term="UI.Hidden"/></Annotations><Annotations Target="cds_zui_managesalesorder.SoldToValueHelpType/InternationalMobilePhoneNumber"><Annotation Term="UI.Hidden"/></Annotations><Annotations Target="cds_zui_managesalesorder.SoldToValueHelpType/EmailAddress"><Annotation Term="UI.Hidden"/></Annotations><Annotations Target="cds_zui_managesalesorder.SoldToValueHelpType"><Annotation Term="UI.QuickViewFacets"><Collection><Record Type="UI.ReferenceFacet"><PropertyValue Property="Label" String="Standard Address"/><PropertyValue Property="Target" AnnotationPath="@UI.FieldGroup#SoldToQuickView"/></Record></Collection></Annotation><Annotation Term="UI.FieldGroup" Qualifier="SoldToQuickView"><Record><PropertyValue Property="Data"><Collection><Record Type="UI.DataField"><PropertyValue Property="Value" Path="PostalCode"/></Record><Record Type="UI.DataField"><PropertyValue Property="Value" Path="CityName"/></Record><Record Type="UI.DataField"><PropertyValue Property="Value" Path="Country"/></Record></Collection></PropertyValue></Record></Annotation><Annotation Term="UI.HeaderInfo"><Record><PropertyValue Property="TypeName" String="Sold-To Party"/><PropertyValue Property="TypeNamePlural" String="Sold-To Parties"/><PropertyValue Property="ImageUrl" Path="BusinessPartnerImageURL"/><PropertyValue Property="Title"><Record Type="UI.DataField"><PropertyValue Property="Value" Path="CustomerName"/></Record></PropertyValue><PropertyValue Property="Description"><Record Type="UI.DataField"><PropertyValue Property="Value" Path="Customer"/></Record></PropertyValue></Record></Annotation><Annotation Term="UI.Identification"><Collection><Record Type="UI.DataField"><PropertyValue Property="Value" Path="CustomerName"/><Annotation Term="UI.Importance" EnumMember="UI.ImportanceType/High"/></Record><Record Type="UI.DataField"><PropertyValue Property="Value" Path="PostalCode"/><Annotation Term="UI.Importance" EnumMember="UI.ImportanceType/High"/></Record><Record Type="UI.DataField"><PropertyValue Property="Value" Path="CityName"/><Annotation Term="UI.Importance" EnumMember="UI.ImportanceType/High"/></Record><Record Type="UI.DataField"><PropertyValue Property="Value" Path="Country"/><Annotation Term="UI.Importance" EnumMember="UI.ImportanceType/High"/></Record></Collection></Annotation><Annotation Term="UI.LineItem"><Collection><Record Type="UI.DataField"><PropertyValue Property="Value" Path="Customer"/><Annotation Term="UI.Importance" EnumMember="UI.ImportanceType/High"/></Record><Record Type="UI.DataField"><PropertyValue Property="Value" Path="CustomerName"/><Annotation Term="UI.Importance" EnumMember="UI.ImportanceType/High"/></Record><Record Type="UI.DataField"><PropertyValue Property="Value" Path="PostalCode"/><Annotation Term="UI.Importance" EnumMember="UI.ImportanceType/Low"/></Record><Record Type="UI.DataField"><PropertyValue Property="Value" Path="CityName"/><Annotation Term="UI.Importance" EnumMember="UI.ImportanceType/Low"/></Record><Record Type="UI.DataField"><PropertyValue Property="Value" Path="Country"/><Annotation Term="UI.Importance" EnumMember="UI.ImportanceType/Low"/></Record></Collection></Annotation><Annotation Term="UI.SelectionFields"><Collection><PropertyPath>Customer</PropertyPath><PropertyPath>CustomerName</PropertyPath><PropertyPath>PostalCode</PropertyPath><PropertyPath>CityName</PropertyPath><PropertyPath>Country</PropertyPath></Collection></Annotation></Annotations><Annotations Target="cds_zui_managesalesorder.I_Customer_VHType/CustomerAccountGroup"><Annotation Term="UI.HiddenFilter"/><Annotation Term="UI.Hidden"/></Annotations><Annotations Target="cds_zui_managesalesorder.I_Customer_VHType/AuthorizationGroup"><Annotation Term="UI.HiddenFilter"/><Annotation Term="UI.Hidden"/></Annotations><Annotations Target="cds_zui_managesalesorder.I_Customer_VHType/IsBusinessPurposeCompleted"><Annotation Term="UI.HiddenFilter"/><Annotation Term="UI.Hidden"/></Annotations><Annotations Target="cds_zui_managesalesorder.I_Customer_VHType/BusinessPartnerType"><Annotation Term="UI.HiddenFilter"/><Annotation Term="UI.Hidden"/></Annotations><Annotations Target="cds_zui_managesalesorder.I_Customer_VHType/IsCompetitor"><Annotation Term="UI.Hidden"/></Annotations><Annotations Target="cds_zui_managesalesorder.SalesOrganizationType/AddressID"><Annotation Term="UI.HiddenFilter"/></Annotations><Annotations Target="cds_zui_managesalesorder.BillingBlockStatusType/DomainValue"><Annotation Term="UI.Hidden"/></Annotations><Annotations Target="cds_zui_managesalesorder.BusinessEntityVHType/as4local"><Annotation Term="UI.Hidden"/></Annotations><Annotations Target="cds_zui_managesalesorder.BusinessEntityVHType/valpos"><Annotation Term="UI.Hidden"/></Annotations><Annotations Target="cds_zui_managesalesorder.BusinessEntityVHType/as4vers"><Annotation Term="UI.Hidden"/></Annotations><Annotations Target="cds_zui_managesalesorder.BusinessEntityVHType"><Annotation Term="UI.HeaderInfo"><Record><PropertyValue Property="TypeName" String="Business Entity"/><PropertyValue Property="TypeNamePlural" String="Business Entity"/></Record></Annotation><Annotation Term="UI.LineItem"><Collection><Record Type="UI.DataField"><PropertyValue Property="Value" Path="BusinessEntity"/><Annotation Term="UI.Importance" EnumMember="UI.ImportanceType/High"/></Record><Record Type="UI.DataField"><PropertyValue Property="Value" Path="Description"/><Annotation Term="UI.Importance" EnumMember="UI.ImportanceType/High"/></Record></Collection></Annotation><Annotation Term="UI.SelectionFields"><Collection><PropertyPath>BusinessEntity</PropertyPath><PropertyPath>Description</PropertyPath></Collection></Annotation></Annotations><Annotations Target="cds_zui_managesalesorder.ZC_CNTRCTSPESTVHType/Person"><Annotation Term="UI.Hidden"/></Annotations><Annotations Target="cds_zui_managesalesorder.ZC_CNTRCTSPESTVHType"><Annotation Term="UI.HeaderInfo"><Record><PropertyValue Property="TypeName" String="Contract Specialist"/><PropertyValue Property="TypeNamePlural" String="Contract Specialist"/></Record></Annotation></Annotations><Annotations Target="cds_zui_managesalesorder.ZC_DistChannelVHType/SalesOrganization"><Annotation Term="UI.Hidden"/></Annotations><Annotations Target="cds_zui_managesalesorder.ZC_DistChannelVHType"><Annotation Term="UI.HeaderInfo"><Record><PropertyValue Property="TypeName" String="Distribution Channel"/><PropertyValue Property="TypeNamePlural" String="Distribution Channel"/></Record></Annotation><Annotation Term="UI.LineItem"><Collection><Record Type="UI.DataField"><PropertyValue Property="Value" Path="SalesOrganizationName"/><Annotation Term="UI.Importance" EnumMember="UI.ImportanceType/High"/></Record><Record Type="UI.DataField"><PropertyValue Property="Value" Path="DistributionChannel"/><Annotation Term="UI.Importance" EnumMember="UI.ImportanceType/High"/></Record><Record Type="UI.DataField"><PropertyValue Property="Value" Path="DistributionChannelName"/><Annotation Term="UI.Importance" EnumMember="UI.ImportanceType/High"/></Record></Collection></Annotation><Annotation Term="UI.SelectionFields"><Collection><PropertyPath>SalesOrganizationName</PropertyPath><PropertyPath>DistributionChannel</PropertyPath><PropertyPath>DistributionChannelName</PropertyPath></Collection></Annotation></Annotations><Annotations Target="cds_zui_managesalesorder.ZC_EndCustomerVHType/OrganizationBPName1"><Annotation Term="UI.Hidden"/></Annotations><Annotations Target="cds_zui_managesalesorder.ZC_EndCustomerVHType/OrganizationBPName2"><Annotation Term="UI.Hidden"/></Annotations><Annotations Target="cds_zui_managesalesorder.ZC_EndCustomerVHType/Country"><Annotation Term="Common.Text" Path="Country_Text"><Annotation Term="UI.TextArrangement" EnumMember="UI.TextArrangementType/TextFirst"/></Annotation></Annotations><Annotations Target="cds_zui_managesalesorder.ZC_EndCustomerVHType"><Annotation Term="UI.HeaderInfo"><Record><PropertyValue Property="TypeName" String="End Customer"/><PropertyValue Property="TypeNamePlural" String="End Customer"/></Record></Annotation><Annotation Term="UI.LineItem"><Collection><Record Type="UI.DataField"><PropertyValue Property="Value" Path="Customer"/><Annotation Term="UI.Importance" EnumMember="UI.ImportanceType/High"/></Record><Record Type="UI.DataField"><PropertyValue Property="Value" Path="CustomerName"/><Annotation Term="UI.Importance" EnumMember="UI.ImportanceType/High"/></Record><Record Type="UI.DataField"><PropertyValue Property="Value" Path="PostalCode"/><Annotation Term="UI.Importance" EnumMember="UI.ImportanceType/Low"/></Record><Record Type="UI.DataField"><PropertyValue Property="Value" Path="CityName"/><Annotation Term="UI.Importance" EnumMember="UI.ImportanceType/Low"/></Record><Record Type="UI.DataField"><PropertyValue Property="Value" Path="Country"/><Annotation Term="UI.Importance" EnumMember="UI.ImportanceType/Low"/></Record><Record Type="UI.DataField"><PropertyValue Property="Value" Path="StreetName"/><Annotation Term="UI.Importance" EnumMember="UI.ImportanceType/Low"/></Record></Collection></Annotation><Annotation Term="UI.SelectionFields"><Collection><PropertyPath>Customer</PropertyPath><PropertyPath>CustomerName</PropertyPath><PropertyPath>PostalCode</PropertyPath><PropertyPath>CityName</PropertyPath><PropertyPath>Country</PropertyPath><PropertyPath>StreetName</PropertyPath></Collection></Annotation></Annotations><Annotations Target="cds_zui_managesalesorder.ZC_INCOTERMSVHType"><Annotation Term="UI.HeaderInfo"><Record><PropertyValue Property="TypeName" String="Incoterms"/><PropertyValue Property="TypeNamePlural" String="Incoterms"/></Record></Annotation><Annotation Term="UI.LineItem"><Collection><Record Type="UI.DataField"><PropertyValue Property="Value" Path="Incoterms"/><Annotation Term="UI.Importance" EnumMember="UI.ImportanceType/High"/></Record></Collection></Annotation><Annotation Term="UI.SelectionFields"><Collection><PropertyPath>Incoterms</PropertyPath></Collection></Annotation></Annotations><Annotations Target="cds_zui_managesalesorder.ZC_INSTALLATVHType/OrganizationBPName1"><Annotation Term="UI.Hidden"/></Annotations><Annotations Target="cds_zui_managesalesorder.ZC_INSTALLATVHType/OrganizationBPName2"><Annotation Term="UI.Hidden"/></Annotations><Annotations Target="cds_zui_managesalesorder.ZC_INSTALLATVHType/Country"><Annotation Term="Common.Text" Path="Country_Text"><Annotation Term="UI.TextArrangement" EnumMember="UI.TextArrangementType/TextFirst"/></Annotation></Annotations><Annotations Target="cds_zui_managesalesorder.ZC_INSTALLATVHType"><Annotation Term="UI.HeaderInfo"><Record><PropertyValue Property="TypeName" String="End Customer"/><PropertyValue Property="TypeNamePlural" String="End Customer"/></Record></Annotation><Annotation Term="UI.LineItem"><Collection><Record Type="UI.DataField"><PropertyValue Property="Value" Path="Customer"/><Annotation Term="UI.Importance" EnumMember="UI.ImportanceType/High"/></Record><Record Type="UI.DataField"><PropertyValue Property="Value" Path="CustomerName"/><Annotation Term="UI.Importance" EnumMember="UI.ImportanceType/High"/></Record><Record Type="UI.DataField"><PropertyValue Property="Value" Path="PostalCode"/><Annotation Term="UI.Importance" EnumMember="UI.ImportanceType/Low"/></Record><Record Type="UI.DataField"><PropertyValue Property="Value" Path="CityName"/><Annotation Term="UI.Importance" EnumMember="UI.ImportanceType/Low"/></Record><Record Type="UI.DataField"><PropertyValue Property="Value" Path="Country"/><Annotation Term="UI.Importance" EnumMember="UI.ImportanceType/Low"/></Record><Record Type="UI.DataField"><PropertyValue Property="Value" Path="StreetName"/><Annotation Term="UI.Importance" EnumMember="UI.ImportanceType/Low"/></Record></Collection></Annotation><Annotation Term="UI.SelectionFields"><Collection><PropertyPath>Customer</PropertyPath><PropertyPath>CustomerName</PropertyPath><PropertyPath>PostalCode</PropertyPath><PropertyPath>CityName</PropertyPath><PropertyPath>Country</PropertyPath><PropertyPath>StreetName</PropertyPath></Collection></Annotation></Annotations><Annotations Target="cds_zui_managesalesorder.LeadBrandVHType"><Annotation Term="UI.HeaderInfo"><Record><PropertyValue Property="TypeName" String="Lead Brand"/><PropertyValue Property="TypeNamePlural" String="Lead Brand"/></Record></Annotation><Annotation Term="UI.LineItem"><Collection><Record Type="UI.DataField"><PropertyValue Property="Value" Path="LeadBrand"/><Annotation Term="UI.Importance" EnumMember="UI.ImportanceType/High"/></Record><Record Type="UI.DataField"><PropertyValue Property="Value" Path="DivisionDescription"/><Annotation Term="UI.Importance" EnumMember="UI.ImportanceType/High"/></Record></Collection></Annotation><Annotation Term="UI.SelectionFields"><Collection><PropertyPath>LeadBrand</PropertyPath><PropertyPath>DivisionDescription</PropertyPath></Collection></Annotation></Annotations><Annotations Target="cds_zui_managesalesorder.SalesOrdersType/Currency"><Annotation Term="UI.HiddenFilter"/></Annotations><Annotations Target="cds_zui_managesalesorder.SalesOrdersType/NetValue"><Annotation Term="UI.HiddenFilter"/></Annotations><Annotations Target="cds_zui_managesalesorder.SalesOrdersType/to_BusinessEntity"><Annotation Term="UI.HiddenFilter"/></Annotations><Annotations Target="cds_zui_managesalesorder.SalesOrdersType/to_CustomerPaymentTerms"><Annotation Term="UI.HiddenFilter"/></Annotations><Annotations Target="cds_zui_managesalesorder.SalesOrdersType/to_DistributionChannel"><Annotation Term="UI.HiddenFilter"/></Annotations><Annotations Target="cds_zui_managesalesorder.SalesOrdersType/to_HeaderBillingBlockReason"><Annotation Term="UI.HiddenFilter"/></Annotations><Annotations Target="cds_zui_managesalesorder.SalesOrdersType/to_Incoterms"><Annotation Term="UI.HiddenFilter"/></Annotations><Annotations Target="cds_zui_managesalesorder.SalesOrdersType/to_LeadBrand"><Annotation Term="UI.HiddenFilter"/></Annotations><Annotations Target="cds_zui_managesalesorder.SalesOrdersType/to_OrganizationDivision"><Annotation Term="UI.HiddenFilter"/></Annotations><Annotations Target="cds_zui_managesalesorder.SalesOrdersType/to_OverallBillingBlockStatus"><Annotation Term="UI.HiddenFilter"/></Annotations><Annotations Target="cds_zui_managesalesorder.SalesOrdersType/to_OverallSDProcessStatus"><Annotation Term="UI.HiddenFilter"/></Annotations><Annotations Target="cds_zui_managesalesorder.SalesOrdersType/to_Person"><Annotation Term="UI.HiddenFilter"/></Annotations><Annotations Target="cds_zui_managesalesorder.SalesOrdersType/to_SalesOffice"><Annotation Term="UI.HiddenFilter"/></Annotations><Annotations Target="cds_zui_managesalesorder.SalesOrdersType/to_SalesOrderType"><Annotation Term="UI.HiddenFilter"/></Annotations><Annotations Target="cds_zui_managesalesorder.SalesOrdersType/to_SalesOrganization"><Annotation Term="UI.HiddenFilter"/></Annotations><Annotations Target="cds_zui_managesalesorder.SalesOrdersType/to_SDDocumentReason"><Annotation Term="UI.HiddenFilter"/></Annotations><Annotations Target="cds_zui_managesalesorder.SalesOrdersType/OrganizationDivision"><Annotation Term="UI.Hidden"/></Annotations><Annotations Target="cds_zui_managesalesorder.SalesOrdersType/CustomerName"><Annotation Term="UI.Hidden"/></Annotations><Annotations Target="cds_zui_managesalesorder.SalesOrdersType/EndCustomerName"><Annotation Term="UI.Hidden"/></Annotations><Annotations Target="cds_zui_managesalesorder.SalesOrdersType/InstallAtName"><Annotation Term="UI.Hidden"/></Annotations><Annotations Target="cds_zui_managesalesorder.SalesOrdersType/SalesDocumentType"><Annotation Term="Common.Text" Path="to_SalesOrderType/SalesOrderType_Text"><Annotation Term="UI.TextArrangement" EnumMember="UI.TextArrangementType/TextFirst"/></Annotation></Annotations><Annotations Target="cds_zui_managesalesorder.SalesOrdersType"><Annotation Term="UI.HeaderInfo"><Record><PropertyValue Property="TypeName" String="Sales Order"/><PropertyValue Property="TypeNamePlural" String="Sales Orders"/><PropertyValue Property="Title"><Record Type="UI.DataField"><PropertyValue Property="Label" String="Sales Order"/><PropertyValue Property="Value" Path="SalesDocument"/></Record></PropertyValue></Record></Annotation><Annotation Term="UI.LineItem"><Collection><Record Type="UI.DataField"><PropertyValue Property="Value" Path="SalesDocument"/><Annotation Term="UI.Importance" EnumMember="UI.ImportanceType/High"/></Record><Record Type="UI.DataField"><PropertyValue Property="Value" Path="SalesDocumentType"/><Annotation Term="UI.Importance" EnumMember="UI.ImportanceType/High"/></Record><Record Type="UI.DataField"><PropertyValue Property="Value" Path="SoldToParty"/><Annotation Term="UI.Importance" EnumMember="UI.ImportanceType/High"/></Record><Record Type="UI.DataField"><PropertyValue Property="Value" Path="EndCustomer"/><Annotation Term="UI.Importance" EnumMember="UI.ImportanceType/High"/></Record><Record Type="UI.DataField"><PropertyValue Property="Value" Path="CustomerReference"/><Annotation Term="UI.Importance" EnumMember="UI.ImportanceType/High"/></Record><Record Type="UI.DataField"><PropertyValue Property="Value" Path="NetValue"/><Annotation Term="UI.Importance" EnumMember="UI.ImportanceType/High"/></Record><Record Type="UI.DataField"><PropertyValue Property="Value" Path="CreatedOn"/><Annotation Term="UI.Importance" EnumMember="UI.ImportanceType/High"/></Record><Record Type="UI.DataField"><PropertyValue Property="Value" Path="BillingDate"/><Annotation Term="UI.Importance" EnumMember="UI.ImportanceType/High"/></Record><Record Type="UI.DataField"><PropertyValue Property="Value" Path="BillingBlock"/><Annotation Term="UI.Importance" EnumMember="UI.ImportanceType/High"/></Record><Record Type="UI.DataField"><PropertyValue Property="Value" Path="OverallStatus"/><Annotation Term="UI.Importance" EnumMember="UI.ImportanceType/High"/></Record><Record Type="UI.DataField"><PropertyValue Property="Value" Path="RequestedDeliveryDate"/><Annotation Term="UI.Importance" EnumMember="UI.ImportanceType/High"/></Record><Record Type="UI.DataField"><PropertyValue Property="Value" Path="DistributionChannel"/><Annotation Term="UI.Importance" EnumMember="UI.ImportanceType/High"/></Record><Record Type="UI.DataFieldForIntentBasedNavigation"><PropertyValue Property="Label" String="Create"/><PropertyValue Property="SemanticObject" String="SalesDocument"/><PropertyValue Property="Action" String="create"/><PropertyValue Property="RequiresContext" Bool="false"/></Record><Record Type="UI.DataFieldForIntentBasedNavigation"><PropertyValue Property="Label" String="Change"/><PropertyValue Property="SemanticObject" String="SalesDocument"/><PropertyValue Property="Action" String="change"/><PropertyValue Property="RequiresContext" Bool="true"/></Record></Collection></Annotation><Annotation Term="UI.PresentationVariant"><Record><PropertyValue Property="SortOrder"><Collection><Record Type="Common.SortOrderType"><PropertyValue Property="Property" PropertyPath="SalesDocument"/><PropertyValue Property="Descending" Bool="true"/></Record></Collection></PropertyValue></Record></Annotation><Annotation Term="UI.SelectionFields"><Collection><PropertyPath>SalesDocument</PropertyPath><PropertyPath>SalesOrganization</PropertyPath><PropertyPath>SalesOffice</PropertyPath><PropertyPath>BusinessEntity</PropertyPath><PropertyPath>SalesDocumentType</PropertyPath><PropertyPath>OrderReason</PropertyPath><PropertyPath>SoldToParty</PropertyPath><PropertyPath>CustomerReference</PropertyPath><PropertyPath>LegalContractNo</PropertyPath><PropertyPath>OpportunityNo</PropertyPath><PropertyPath>CreatedOn</PropertyPath><PropertyPath>BillingDate</PropertyPath><PropertyPath>BillingBlock</PropertyPath><PropertyPath>BillingBlockStatus</PropertyPath><PropertyPath>OverallStatus</PropertyPath><PropertyPath>RequestedDeliveryDate</PropertyPath><PropertyPath>DistributionChannel</PropertyPath></Collection></Annotation></Annotations><Annotations Target="cds_zui_managesalesorder.ZC_OrderReasonVHType/Language"><Annotation Term="UI.Hidden"/></Annotations><Annotations Target="cds_zui_managesalesorder.ZC_OrderReasonVHType"><Annotation Term="UI.HeaderInfo"><Record><PropertyValue Property="TypeName" String="Order Reason"/><PropertyValue Property="TypeNamePlural" String="Order Reason"/></Record></Annotation><Annotation Term="UI.LineItem"><Collection><Record Type="UI.DataField"><PropertyValue Property="Value" Path="SDDocumentReason"/><Annotation Term="UI.Importance" EnumMember="UI.ImportanceType/High"/></Record><Record Type="UI.DataField"><PropertyValue Property="Value" Path="SDDocumentReasonText"/><Annotation Term="UI.Importance" EnumMember="UI.ImportanceType/High"/></Record></Collection></Annotation><Annotation Term="UI.SelectionFields"><Collection><PropertyPath>SDDocumentReason</PropertyPath><PropertyPath>SDDocumentReasonText</PropertyPath></Collection></Annotation></Annotations><Annotations Target="cds_zui_managesalesorder.ZC_SalesOfficeVHType/SalesOrganization"><Annotation Term="UI.Hidden"/></Annotations><Annotations Target="cds_zui_managesalesorder.ZC_SalesOfficeVHType/DistributionChannel"><Annotation Term="UI.Hidden"/></Annotations><Annotations Target="cds_zui_managesalesorder.ZC_SalesOfficeVHType/OrganizationDivision"><Annotation Term="UI.Hidden"/></Annotations><Annotations Target="cds_zui_managesalesorder.ZC_SalesOfficeVHType"><Annotation Term="UI.HeaderInfo"><Record><PropertyValue Property="TypeName" String="Sales Office"/><PropertyValue Property="TypeNamePlural" String="Sales Offices"/></Record></Annotation><Annotation Term="UI.LineItem"><Collection><Record Type="UI.DataField"><PropertyValue Property="Value" Path="SalesOffice"/><Annotation Term="UI.Importance" EnumMember="UI.ImportanceType/High"/></Record><Record Type="UI.DataField"><PropertyValue Property="Value" Path="SalesOfficeName"/><Annotation Term="UI.Importance" EnumMember="UI.ImportanceType/High"/></Record><Record Type="UI.DataField"><PropertyValue Property="Value" Path="SalesOrganizationName"/><Annotation Term="UI.Importance" EnumMember="UI.ImportanceType/High"/></Record><Record Type="UI.DataField"><PropertyValue Property="Value" Path="DistributionChannelName"/><Annotation Term="UI.Importance" EnumMember="UI.ImportanceType/High"/></Record><Record Type="UI.DataField"><PropertyValue Property="Value" Path="DivisionName"/><Annotation Term="UI.Importance" EnumMember="UI.ImportanceType/High"/></Record></Collection></Annotation><Annotation Term="UI.SelectionFields"><Collection><PropertyPath>SalesOffice</PropertyPath><PropertyPath>SalesOfficeName</PropertyPath><PropertyPath>SalesOrganizationName</PropertyPath><PropertyPath>DistributionChannelName</PropertyPath><PropertyPath>DivisionName</PropertyPath></Collection></Annotation></Annotations><Annotations Target="cds_zui_managesalesorder.ZC_SalesOrgVHType/SalesOrganizationName"><Annotation Term="UI.HiddenFilter"/></Annotations><Annotations Target="cds_zui_managesalesorder.ZC_SalesOrgVHType"><Annotation Term="UI.HeaderInfo"><Record><PropertyValue Property="TypeName" String="Sales Organization"/><PropertyValue Property="TypeNamePlural" String="Sales Organization"/></Record></Annotation><Annotation Term="UI.LineItem"><Collection><Record Type="UI.DataField"><PropertyValue Property="Value" Path="SalesOrganization"/><Annotation Term="UI.Importance" EnumMember="UI.ImportanceType/High"/></Record><Record Type="UI.DataField"><PropertyValue Property="Value" Path="SalesOrganizationName"/><Annotation Term="UI.Importance" EnumMember="UI.ImportanceType/High"/></Record></Collection></Annotation><Annotation Term="UI.SelectionFields"><Collection><PropertyPath>SalesOrganization</PropertyPath><PropertyPath>SalesOrganizationName</PropertyPath></Collection></Annotation></Annotations></Schema></edmx:DataServices></edmx:Edmx>