<edmx:Edmx xmlns:edmx="http://docs.oasis-open.org/odata/ns/edmx" Version="4.0">
	<edmx:Reference Uri="/sap/opu/odata/sap/ZYOTCSTM_CATSDA_SRV/$metadata">
		<edmx:Include Alias="Metadata" Namespace="ZYOTCSTM_CATSDA_SRV"/>
	</edmx:Reference>
	<edmx:Reference Uri="https://wiki.scn.sap.com/wiki/download/attachments/448470974/Common.xml?api=v2">
		<edmx:Include Alias="Common" Namespace="com.sap.vocabularies.Common.v1"/>
	</edmx:Reference>
	<edmx:Reference Uri="https://wiki.scn.sap.com/wiki/download/attachments/448470968/UI.xml?api=v2">
		<edmx:Include Alias="UI" Namespace="com.sap.vocabularies.UI.v1"/>
	</edmx:Reference>
	<edmx:DataServices>
		<Schema xmlns="http://docs.oasis-open.org/odata/ns/edm" Namespace="ZCATS_DAReport.annotations.CATSDAAnnotations.ZYOTCSTM_CATSDA_SRV">
			<Annotations Target="Metadata.Cats_Da/Company">
				<Annotation Term="UI.SelectionFields">
					<Collection>
						<PropertyPath>Company</PropertyPath>
					</Collection>
				</Annotation>
			</Annotations>
			<Annotations Target="Metadata.Cats_Da/Company">
				<Annotation Term="Common.ValueList">
					<Record>
						<PropertyValue Property="Label" String="Company Code"/>
						<PropertyValue Property="CollectionPath" String="HT001Set"/>
						<PropertyValue Bool="false" Property="SearchSupported"/>
						<PropertyValue Property="Parameters">
							<Collection>
								<Record Type="Common.ValueListParameterOut">
									<PropertyValue Property="LocalDataProperty" PropertyPath="Company"/>
									<PropertyValue Property="ValueListProperty" String="Bukrs"/>
								</Record>
								<Record Type="Common.ValueListParameterDisplayOnly">
									<PropertyValue Property="ValueListProperty" String="Butxt"/>
								</Record>
									<Record Type="Common.ValueListParameterDisplayOnly">
									<PropertyValue Property="ValueListProperty" String="Ort01"/>
								</Record>
									<Record Type="Common.ValueListParameterDisplayOnly">
									<PropertyValue Property="ValueListProperty" String="Waers"/>
								</Record>
							</Collection>
						</PropertyValue>
					</Record>
				</Annotation>
			</Annotations>
			
			<Annotations Target="Metadata.Cats_Da/Talentid">
				<Annotation Term="UI.SelectionFields">
					<Collection>
						<PropertyPath>Talentid</PropertyPath>
					</Collection>
				</Annotation>
			</Annotations>
			<Annotations Target="Metadata.Cats_Da/Talentid">
				<Annotation Term="Common.ValueList">
					<Record>
						<PropertyValue Property="Label" String="Talent ID"/>
						<PropertyValue Property="CollectionPath" String="Talentid_VHSet"/>
						<PropertyValue Bool="false" Property="SearchSupported"/>
						<PropertyValue Property="Parameters">
							<Collection>
								<Record Type="Common.ValueListParameterOut">
									<PropertyValue Property="LocalDataProperty" PropertyPath="Talentid"/>
									<PropertyValue Property="ValueListProperty" String="Icnum"/>
								</Record>
								<Record Type="Common.ValueListParameterDisplayOnly">
									<PropertyValue Property="ValueListProperty" String="Pernr"/>
								</Record>
									<Record Type="Common.ValueListParameterDisplayOnly">
									<PropertyValue Property="ValueListProperty" String="Nachn"/>
								</Record>
									<Record Type="Common.ValueListParameterDisplayOnly">
									<PropertyValue Property="ValueListProperty" String="Vorna"/>
								</Record>
							</Collection>
						</PropertyValue>
					</Record>
				</Annotation>
			</Annotations>
			
			<Annotations Target="Metadata.Cats_Da/Pernr">
				<Annotation Term="UI.SelectionFields">
					<Collection>
						<PropertyPath>Pernr</PropertyPath>
					</Collection>
				</Annotation>
			</Annotations>
			<Annotations Target="Metadata.Cats_Da/Pernr">
				<Annotation Term="Common.ValueList">
					<Record>
						<PropertyValue Property="Label" String="Pernr"/>
						<PropertyValue Property="CollectionPath" String="Talentid_VHSet"/>
						<PropertyValue Bool="false" Property="SearchSupported"/>
						<PropertyValue Property="Parameters">
							<Collection>
								<Record Type="Common.ValueListParameterOut">
									<PropertyValue Property="LocalDataProperty" PropertyPath="Pernr"/>
									<PropertyValue Property="ValueListProperty" String="Pernr"/>
								</Record>
								<Record Type="Common.ValueListParameterDisplayOnly">
									<PropertyValue Property="ValueListProperty" String="Icnum"/>
								</Record>
									<Record Type="Common.ValueListParameterDisplayOnly">
									<PropertyValue Property="ValueListProperty" String="Nachn"/>
								</Record>
									<Record Type="Common.ValueListParameterDisplayOnly">
									<PropertyValue Property="ValueListProperty" String="Vorna"/>
								</Record>
							</Collection>
						</PropertyValue>
					</Record>
				</Annotation>
			</Annotations>
			
			<Annotations Target="Metadata.Cats_Da/Costcenter">
				<Annotation Term="UI.SelectionFields">
					<Collection>
						<PropertyPath>Costcenter</PropertyPath>
					</Collection>
				</Annotation>
			</Annotations>
			<Annotations Target="Metadata.Cats_Da/Costcenter">
				<Annotation Term="Common.ValueList">
					<Record>
						<PropertyValue Property="Label" String="Cost Center"/>
						<PropertyValue Property="CollectionPath" String="KostnSet"/>
						<PropertyValue Bool="false" Property="SearchSupported"/>
						<PropertyValue Property="Parameters">
							<Collection>
								<Record Type="Common.ValueListParameterOut">
									<PropertyValue Property="LocalDataProperty" PropertyPath="Costcenter"/>
									<PropertyValue Property="ValueListProperty" String="Kostl"/>
								</Record>
								<Record Type="Common.ValueListParameterDisplayOnly">
									<PropertyValue Property="ValueListProperty" String="Kokrs"/>
								</Record>
							</Collection>
						</PropertyValue>
					</Record>
				</Annotation>
			</Annotations>
			
			<Annotations Target="Metadata.Cats_Da/Country">
				<Annotation Term="UI.SelectionFields">
					<Collection>
						<PropertyPath>Country</PropertyPath>
					</Collection>
				</Annotation>
			</Annotations>
			<Annotations Target="Metadata.Cats_Da/Country">
				<Annotation Term="Common.ValueList">
					<Record>
						<PropertyValue Property="Label" String="Country"/>
						<PropertyValue Property="CollectionPath" String="HT005Set"/>
						<PropertyValue Bool="false" Property="SearchSupported"/>
						<PropertyValue Property="Parameters">
							<Collection>
								<Record Type="Common.ValueListParameterOut">
									<PropertyValue Property="LocalDataProperty" PropertyPath="Country"/>
									<PropertyValue Property="ValueListProperty" String="Land1"/>
								</Record>
								<Record Type="Common.ValueListParameterDisplayOnly">
									<PropertyValue Property="ValueListProperty" String="Landx"/>
								</Record>
								<Record Type="Common.ValueListParameterDisplayOnly">
									<PropertyValue Property="ValueListProperty" String="Natio"/>
								</Record>
							</Collection>
						</PropertyValue>
					</Record>
				</Annotation>
			</Annotations>
			
			<Annotations Target="Metadata.Cats_Da/Wbselement">
				<Annotation Term="UI.SelectionFields">
					<Collection>
						<PropertyPath>Wbselement</PropertyPath>
					</Collection>
				</Annotation>
			</Annotations>
			<Annotations Target="Metadata.Cats_Da/Wbselement">
				<Annotation Term="Common.ValueList">
					<Record>
						<PropertyValue Property="Label" String="WBS Elements"/>
						<PropertyValue Property="CollectionPath" String="WBSelement_VHSet"/>
						<PropertyValue Bool="false" Property="SearchSupported"/>
						<PropertyValue Property="Parameters">
							<Collection>
								<Record Type="Common.ValueListParameterOut">
									<PropertyValue Property="LocalDataProperty" PropertyPath="Wbselement"/>
									<PropertyValue Property="ValueListProperty" String="Posid"/>
								</Record>
								<Record Type="Common.ValueListParameterDisplayOnly">
									<PropertyValue Property="ValueListProperty" String="Post1"/>
								</Record>
							</Collection>
						</PropertyValue>
					</Record>
				</Annotation>
			</Annotations>
			
			<Annotations Target="Metadata.Cats_Da/Activitytype">
				<Annotation Term="UI.SelectionFields">
					<Collection>
						<PropertyPath>Activitytype</PropertyPath>
					</Collection>
				</Annotation>
			</Annotations>
			<Annotations Target="Metadata.Cats_Da/Activitytype">
				<Annotation Term="Common.ValueList">
					<Record>
						<PropertyValue Property="Label" String="Activitytype"/>
						<PropertyValue Property="CollectionPath" String="Activity_VHSet"/>
						<PropertyValue Bool="false" Property="SearchSupported"/>
						<PropertyValue Property="Parameters">
							<Collection>
								<Record Type="Common.ValueListParameterOut">
									<PropertyValue Property="LocalDataProperty" PropertyPath="Activitytype"/>
									<PropertyValue Property="ValueListProperty" String="Lstar"/>
								</Record>
								<Record Type="Common.ValueListParameterDisplayOnly">
									<PropertyValue Property="ValueListProperty" String="Ltext"/>
								</Record>
							</Collection>
						</PropertyValue>
					</Record>
				</Annotation>
			</Annotations>
		</Schema>
	</edmx:DataServices>
</edmx:Edmx>