<?xml version="1.0" encoding="utf-8"?><edmx:Edmx Version="1.0" xmlns:edmx="http://schemas.microsoft.com/ado/2007/06/edmx" xmlns:m="http://schemas.microsoft.com/ado/2007/08/dataservices/metadata" xmlns:sap="http://www.sap.com/Protocols/SAPData"><edmx:Reference Uri="https://IERP-ZC1.PCE.IBM.COM:44391/sap/opu/odata/iwfnd/catalogservice;v=2/Vocabularies(TechnicalName='%2FIWBEP%2FVOC_AGGREGATION',Version='0001',SAP__Origin='')/$value" xmlns:edmx="http://docs.oasis-open.org/odata/ns/edmx"><edmx:Include Namespace="Org.OData.Aggregation.V1" Alias="Aggregation"/></edmx:Reference><edmx:Reference Uri="https://IERP-ZC1.PCE.IBM.COM:44391/sap/opu/odata/iwfnd/catalogservice;v=2/Vocabularies(TechnicalName='%2FIWBEP%2FVOC_ANALYTICS',Version='0001',SAP__Origin='')/$value" xmlns:edmx="http://docs.oasis-open.org/odata/ns/edmx"><edmx:Include Namespace="com.sap.vocabularies.Analytics.v1" Alias="Analytics"/></edmx:Reference><edmx:Reference Uri="https://IERP-ZC1.PCE.IBM.COM:44391/sap/opu/odata/iwfnd/catalogservice;v=2/Vocabularies(TechnicalName='%2FIWBEP%2FVOC_CAPABILITIES',Version='0001',SAP__Origin='')/$value" xmlns:edmx="http://docs.oasis-open.org/odata/ns/edmx"><edmx:Include Namespace="Org.OData.Capabilities.V1" Alias="Capabilities"/></edmx:Reference><edmx:Reference Uri="https://IERP-ZC1.PCE.IBM.COM:44391/sap/opu/odata/iwfnd/catalogservice;v=2/Vocabularies(TechnicalName='%2FIWBEP%2FVOC_CODELIST',Version='0001',SAP__Origin='')/$value" xmlns:edmx="http://docs.oasis-open.org/odata/ns/edmx"><edmx:Include Namespace="com.sap.vocabularies.CodeList.v1" Alias="SAP__CodeList"/></edmx:Reference><edmx:Reference Uri="https://IERP-ZC1.PCE.IBM.COM:44391/sap/opu/odata/iwfnd/catalogservice;v=2/Vocabularies(TechnicalName='%2FIWBEP%2FVOC_COMMON',Version='0001',SAP__Origin='')/$value" xmlns:edmx="http://docs.oasis-open.org/odata/ns/edmx"><edmx:Include Namespace="com.sap.vocabularies.Common.v1" Alias="Common"/><edmx:Include Namespace="com.sap.vocabularies.Common.v1" Alias="SAP__common"/></edmx:Reference><edmx:Reference Uri="https://IERP-ZC1.PCE.IBM.COM:44391/sap/opu/odata/iwfnd/catalogservice;v=2/Vocabularies(TechnicalName='%2FIWBEP%2FVOC_COMMUNICATION',Version='0001',SAP__Origin='')/$value" xmlns:edmx="http://docs.oasis-open.org/odata/ns/edmx"><edmx:Include Namespace="com.sap.vocabularies.Communication.v1" Alias="Communication"/></edmx:Reference><edmx:Reference Uri="https://IERP-ZC1.PCE.IBM.COM:44391/sap/opu/odata/iwfnd/catalogservice;v=2/Vocabularies(TechnicalName='%2FIWBEP%2FVOC_CORE',Version='0001',SAP__Origin='')/$value" xmlns:edmx="http://docs.oasis-open.org/odata/ns/edmx"><edmx:Include Namespace="Org.OData.Core.V1" Alias="SAP__core"/></edmx:Reference><edmx:Reference Uri="https://IERP-ZC1.PCE.IBM.COM:44391/sap/opu/odata/iwfnd/catalogservice;v=2/Vocabularies(TechnicalName='%2FIWBEP%2FVOC_MEASURES',Version='0001',SAP__Origin='')/$value" xmlns:edmx="http://docs.oasis-open.org/odata/ns/edmx"><edmx:Include Namespace="Org.OData.Measures.V1" Alias="Measures"/></edmx:Reference><edmx:Reference Uri="https://IERP-ZC1.PCE.IBM.COM:44391/sap/opu/odata/iwfnd/catalogservice;v=2/Vocabularies(TechnicalName='%2FIWBEP%2FVOC_PDF',Version='0001',SAP__Origin='')/$value" xmlns:edmx="http://docs.oasis-open.org/odata/ns/edmx"><edmx:Include Namespace="com.sap.vocabularies.PDF.v1" Alias="SAP__PDF"/></edmx:Reference><edmx:Reference Uri="https://IERP-ZC1.PCE.IBM.COM:44391/sap/opu/odata/iwfnd/catalogservice;v=2/Vocabularies(TechnicalName='%2FIWBEP%2FVOC_PERSONALDATA',Version='0001',SAP__Origin='')/$value" xmlns:edmx="http://docs.oasis-open.org/odata/ns/edmx"><edmx:Include Namespace="com.sap.vocabularies.PersonalData.v1" Alias="PersonalData"/></edmx:Reference><edmx:Reference Uri="https://IERP-ZC1.PCE.IBM.COM:44391/sap/opu/odata/iwfnd/catalogservice;v=2/Vocabularies(TechnicalName='%2FIWBEP%2FVOC_UI',Version='0001',SAP__Origin='')/$value" xmlns:edmx="http://docs.oasis-open.org/odata/ns/edmx"><edmx:Include Namespace="com.sap.vocabularies.UI.v1" Alias="UI"/></edmx:Reference><edmx:Reference Uri="https://IERP-ZC1.PCE.IBM.COM:44391/sap/opu/odata/iwfnd/catalogservice;v=2/Vocabularies(TechnicalName='%2FIWBEP%2FVOC_VALIDATION',Version='0001',SAP__Origin='')/$value" xmlns:edmx="http://docs.oasis-open.org/odata/ns/edmx"><edmx:Include Namespace="Org.OData.Validation.V1" Alias="Validation"/></edmx:Reference><edmx:Reference Uri="https://IERP-ZC1.PCE.IBM.COM:44391/sap/opu/odata/iwfnd/catalogservice;v=2/Vocabularies(TechnicalName='SAP__SELF',Version='0001',SAP__Origin='')/$value" xmlns:edmx="http://docs.oasis-open.org/odata/ns/edmx"><edmx:Include Namespace="com.sap.vocabularies.PDF.v1" Alias="SAP__PDF"/></edmx:Reference><edmx:DataServices m:DataServiceVersion="2.0"><Schema Namespace="cds_zui_managesalesorder" xml:lang="en" sap:schema-version="1" xmlns="http://schemas.microsoft.com/ado/2008/09/edm"><Annotation Term="Core.SchemaVersion" String="1.0.0" xmlns="http://docs.oasis-open.org/odata/ns/edm"/><EntityType Name="EmployeeVHType" sap:label="Employee Responsible" sap:content-version="1"><Key><PropertyRef Name="PersonnelNumber"/></Key><Property Name="PersonnelNumber" Type="Edm.String" Nullable="false" MaxLength="8" sap:display-format="NonNegative" sap:text="PersonFullName" sap:label="Personnel Number"/><Property Name="Person" Type="Edm.String" MaxLength="10" sap:display-format="UpperCase" sap:text="PersonFullName" sap:label="Business Partner" sap:quickinfo="Business Partner Number"/><Property Name="Employee" Type="Edm.String" MaxLength="60" sap:display-format="UpperCase" sap:label="ID Number" sap:quickinfo="Identification Number"/><Property Name="FirstName" Type="Edm.String" MaxLength="40" sap:label="First Name" sap:quickinfo="First name of business partner (person)"/><Property Name="LastName" Type="Edm.String" MaxLength="40" sap:label="Last Name" sap:quickinfo="Last name of business partner (person)"/><Property Name="PersonFullName" Type="Edm.String" MaxLength="80" sap:label="Full Name"/></EntityType><EntityType Name="SoldToValueHelpType" sap:label="Sold-to Party" sap:content-version="1"><Key><PropertyRef Name="Customer"/></Key><Property Name="Customer" Type="Edm.String" Nullable="false" MaxLength="10" sap:display-format="UpperCase" sap:text="CustomerName" sap:label="Customer" sap:quickinfo="Customer Number"/><Property Name="CustomerName" Type="Edm.String" MaxLength="80" sap:label="Name" sap:quickinfo="Name of Customer"/><Property Name="OrganizationBPName1" Type="Edm.String" MaxLength="35" sap:label="Name" sap:quickinfo="Name 1"/><Property Name="OrganizationBPName2" Type="Edm.String" MaxLength="35" sap:label="Name 2"/><Property Name="BusinessPartnerImageURL" Type="Edm.String" MaxLength="255"/><Property Name="PostalCode" Type="Edm.String" MaxLength="10" sap:display-format="UpperCase" sap:label="Postal Code" sap:quickinfo="City postal code"/><Property Name="CityName" Type="Edm.String" MaxLength="40" sap:label="City"/><Property Name="Country" Type="Edm.String" MaxLength="3" sap:display-format="UpperCase" sap:label="Country/Region Key"/><Property Name="StreetName" Type="Edm.String" MaxLength="60" sap:label="Street"/><Property Name="HouseNumber" Type="Edm.String" MaxLength="10" sap:label="House Number"/><Property Name="InternationalPhoneNumber" Type="Edm.String" MaxLength="30" sap:semantics="tel"/><Property Name="InternationalMobilePhoneNumber" Type="Edm.String" MaxLength="30" sap:semantics="tel"/><Property Name="EmailAddress" Type="Edm.String" MaxLength="241" sap:semantics="email"/></EntityType><EntityType Name="CustomerPaymentTermsType" sap:label="Customer Payment Terms" sap:content-version="1"><Key><PropertyRef Name="CustomerPaymentTerms"/></Key><Property Name="CustomerPaymentTerms" Type="Edm.String" Nullable="false" MaxLength="4" sap:display-format="UpperCase" sap:text="CustomerPaymentTerms_Text" sap:label="Terms of Payment" sap:quickinfo="Terms of Payment Key"/><Property Name="CustomerPaymentTerms_Text" Type="Edm.String" MaxLength="30" sap:label="Description" sap:quickinfo="Description of terms of payment" sap:creatable="false" sap:updatable="false"/></EntityType><EntityType Name="DistributionChannelType" sap:label="Distribution Channel" sap:content-version="1"><Key><PropertyRef Name="DistributionChannel"/></Key><Property Name="DistributionChannel" Type="Edm.String" Nullable="false" MaxLength="2" sap:display-format="UpperCase" sap:text="DistributionChannel_Text" sap:label="Distribution Channel"/><Property Name="DistributionChannel_Text" Type="Edm.String" MaxLength="20" sap:label="Distribution Channel Description" sap:creatable="false" sap:updatable="false"/><Property Name="DistributionChannelOID" Type="Edm.String" MaxLength="128" sap:label="Distr Channel OID" sap:quickinfo="Distribution Channel OID" sap:sortable="false" sap:filterable="false"/></EntityType><EntityType Name="OrganizationDivisionType" sap:label="Division" sap:content-version="1"><Key><PropertyRef Name="Division"/></Key><Property Name="Division" Type="Edm.String" Nullable="false" MaxLength="2" sap:display-format="UpperCase" sap:text="Division_Text" sap:label="Division"/><Property Name="Division_Text" Type="Edm.String" MaxLength="20" sap:label="Division Description" sap:creatable="false" sap:updatable="false"/><Property Name="DivisionOID" Type="Edm.String" MaxLength="128" sap:label="Division OID" sap:sortable="false" sap:filterable="false"/></EntityType><EntityType Name="IncotermsClassificationType" sap:label="Incoterms Classification" sap:content-version="1"><Key><PropertyRef Name="IncotermsClassification"/></Key><Property Name="IncotermsClassification" Type="Edm.String" Nullable="false" MaxLength="3" sap:display-format="UpperCase" sap:text="IncotermsClassification_Text" sap:label="Incoterms" sap:quickinfo="Incoterms (Part 1)"/><Property Name="IncotermsClassification_Text" Type="Edm.String" MaxLength="30" sap:label="Description" sap:creatable="false" sap:updatable="false"/><Property Name="LocationIsMandatory" Type="Edm.Boolean" sap:display-format="UpperCase" sap:label="Location Mandatory" sap:quickinfo="Location is mandatory"/></EntityType><EntityType Name="OverallBillingBlockStatusType" sap:label="Overall Billing Block Status" sap:content-version="1"><Key><PropertyRef Name="OverallBillingBlockStatus"/></Key><Property Name="OverallBillingBlockStatus" Type="Edm.String" Nullable="false" MaxLength="1" sap:text="OverallBillingBlockStatus_Text"/><Property Name="OverallBillingBlockStatus_Text" Type="Edm.String" MaxLength="20" sap:label="Description" sap:quickinfo="Status Description" sap:creatable="false" sap:updatable="false"/></EntityType><EntityType Name="OverallSDProcessStatusType" sap:label="Overall SD Process Status" sap:content-version="1"><Key><PropertyRef Name="OverallSDProcessStatus"/></Key><Property Name="OverallSDProcessStatus" Type="Edm.String" Nullable="false" MaxLength="1" sap:display-format="UpperCase" sap:text="OverallSDProcessStatus_Text" sap:label="Overall Status" sap:quickinfo="Overall Processing Status (Header/All Items)"/><Property Name="OverallSDProcessStatus_Text" Type="Edm.String" MaxLength="20" sap:label="Description" sap:quickinfo="Status Description" sap:creatable="false" sap:updatable="false"/></EntityType><EntityType Name="SalesOfficeType" sap:label="Sales Office" sap:content-version="1"><Key><PropertyRef Name="SalesOffice"/></Key><Property Name="SalesOffice" Type="Edm.String" Nullable="false" MaxLength="4" sap:display-format="UpperCase" sap:text="SalesOffice_Text" sap:label="Sales Office"/><Property Name="SalesOffice_Text" Type="Edm.String" MaxLength="20" sap:label="Sales Office Description" sap:creatable="false" sap:updatable="false"/></EntityType><EntityType Name="SalesOrderTypeType" sap:label="Sales Order Types" sap:content-version="1"><Key><PropertyRef Name="SalesOrderType"/></Key><Property Name="SalesOrderType" Type="Edm.String" Nullable="false" MaxLength="4" sap:display-format="UpperCase" sap:text="SalesOrderType_Text" sap:label="Sales Order Type"/><Property Name="SalesOrderType_Text" Type="Edm.String" MaxLength="20" sap:label="Description" sap:quickinfo="Sales Document Type Description" sap:creatable="false" sap:updatable="false"/><Property Name="SalesOrderProcessingType" Type="Edm.String" MaxLength="1" sap:display-format="UpperCase" sap:label="Indicator" sap:quickinfo="Sales document indicator (for display in TVAK only)"/><Property Name="OrderTypeForBillingRequest" Type="Edm.String" MaxLength="4" sap:display-format="UpperCase" sap:label="Billing request" sap:quickinfo="Order type for request for billing"/><Property Name="TradeComplianceIsActive" Type="Edm.Boolean" sap:display-format="UpperCase" sap:label="Trade Compliance" sap:quickinfo="Trade Compliance is active"/></EntityType><EntityType Name="SalesOrganizationType" sap:label="Sales Organization" sap:content-version="1"><Key><PropertyRef Name="SalesOrganization"/></Key><Property Name="SalesOrganization" Type="Edm.String" Nullable="false" MaxLength="4" sap:display-format="UpperCase" sap:text="SalesOrganization_Text" sap:label="Sales Organization"/><Property Name="SalesOrganization_Text" Type="Edm.String" MaxLength="20" sap:label="Sales Organization Description" sap:creatable="false" sap:updatable="false"/><Property Name="SalesOrganizationCurrency" Type="Edm.String" MaxLength="5" sap:display-format="UpperCase" sap:label="Statistics Currency" sap:quickinfo="Statistics currency" sap:semantics="currency-code"/><Property Name="CompanyCode" Type="Edm.String" MaxLength="4" sap:display-format="UpperCase" sap:label="Company Code" sap:quickinfo="Company code of the sales organization" sap:value-list="standard"/><Property Name="IntercompanyBillingCustomer" Type="Edm.String" MaxLength="10" sap:display-format="UpperCase" sap:label="Cust.Inter-Co.Bill." sap:quickinfo="Customer number for intercompany billing" sap:value-list="standard"/><Property Name="AddressID" Type="Edm.String" MaxLength="10" sap:display-format="UpperCase" sap:label="Address"/></EntityType><EntityType Name="SDDocumentReasonType" sap:label="Order Reason" sap:content-version="1"><Key><PropertyRef Name="SDDocumentReason"/></Key><Property Name="SDDocumentReason" Type="Edm.String" Nullable="false" MaxLength="3" sap:display-format="UpperCase" sap:text="SDDocumentReason_Text" sap:label="Order Reason" sap:quickinfo="Order Reason (Reason for the Business Transaction)"/><Property Name="SDDocumentReason_Text" Type="Edm.String" MaxLength="40" sap:label="Description" sap:creatable="false" sap:updatable="false"/><Property Name="RetroBillingUsage" Type="Edm.String" MaxLength="1" sap:display-format="UpperCase" sap:label="Retroactive Billing" sap:quickinfo="Use of Order Reason for Retroactive Billing"/><Property Name="SelfBillingValueItem" Type="Edm.String" MaxLength="1" sap:display-format="UpperCase" sap:label="Self-Bill.Value Item" sap:quickinfo="Value Item for Self-Billing"/></EntityType><EntityType Name="BillingBlockReasonType" sap:label="Billing Block Reason" sap:content-version="1"><Key><PropertyRef Name="BillingBlockReason"/></Key><Property Name="BillingBlockReason" Type="Edm.String" Nullable="false" MaxLength="2" sap:display-format="UpperCase" sap:text="BillingBlockReason_Text" sap:label="Billing Block"/><Property Name="BillingBlockReason_Text" Type="Edm.String" MaxLength="20" sap:label="Billing Block Desc." sap:quickinfo="Billing Block Description" sap:creatable="false" sap:updatable="false"/></EntityType><EntityType Name="BillingBlockStatusType" sap:label="Custom Billing Block Status VH" sap:content-version="1"><Key><PropertyRef Name="BillingBlockStatus"/></Key><Property Name="BillingBlockStatus" Type="Edm.String" Nullable="false" MaxLength="1" sap:text="BillingBlockStatus_Text" sap:label="Billing Block Status"/><Property Name="BillingBlockStatus_Text" Type="Edm.String" MaxLength="20" sap:label="Description" sap:quickinfo="Status Description" sap:creatable="false" sap:updatable="false"/><Property Name="DomainValue" Type="Edm.String" MaxLength="10" sap:display-format="UpperCase" sap:label="Lower Value" sap:quickinfo="Values for Domains: Single Value/Lower Limit"/></EntityType><EntityType Name="BusinessEntityVHType" sap:label="Custom Business Entity VH" sap:content-version="1"><Key><PropertyRef Name="as4local"/><PropertyRef Name="valpos"/><PropertyRef Name="as4vers"/><PropertyRef Name="BusinessEntity"/></Key><Property Name="as4local" Type="Edm.String" Nullable="false" MaxLength="1" sap:display-format="UpperCase" sap:label="Activation State" sap:quickinfo="Activation State of Repository Object"/><Property Name="valpos" Type="Edm.String" Nullable="false" MaxLength="4" sap:display-format="NonNegative" sap:label="Value key" sap:quickinfo="Domain value key"/><Property Name="as4vers" Type="Edm.String" Nullable="false" MaxLength="4" sap:display-format="NonNegative" sap:label="Version" sap:quickinfo="Version of the entry (not used)"/><Property Name="BusinessEntity" Type="Edm.String" Nullable="false" MaxLength="10" sap:display-format="UpperCase" sap:text="Description" sap:label="Business Enity" sap:quickinfo="Values for Domains: Single Value/Lower Limit"/><Property Name="Description" Type="Edm.String" MaxLength="60" sap:label="Description" sap:quickinfo="Short Text for Fixed Values"/></EntityType><EntityType Name="LeadBrandVHType" sap:label="Custom Lead Brand VH" sap:content-version="1"><Key><PropertyRef Name="LeadBrand"/></Key><Property Name="LeadBrand" Type="Edm.String" Nullable="false" MaxLength="7" sap:display-format="UpperCase" sap:text="DivisionDescription" sap:label="Lead Brand" sap:quickinfo="Leading Brand Indicator"/><Property Name="DivisionDescription" Type="Edm.String" MaxLength="40" sap:label="Division Description"/></EntityType><EntityType Name="SalesOrdersType" sap:label="Projection view of ZI_ManageSalesOrder" sap:content-version="1"><Key><PropertyRef Name="SalesDocument"/></Key><Property Name="SalesDocument" Type="Edm.String" Nullable="false" MaxLength="10" sap:display-format="UpperCase" sap:label="Sales Document"/><Property Name="SalesOrganization" Type="Edm.String" MaxLength="4" sap:display-format="UpperCase" sap:text="to_SalesOrganization/SalesOrganization_Text" sap:label="Sales Organization" sap:value-list="standard"/><Property Name="OrganizationDivision" Type="Edm.String" MaxLength="2" sap:display-format="UpperCase" sap:text="to_OrganizationDivision/Division_Text" sap:label="Division" sap:value-list="standard"/><Property Name="SalesOffice" Type="Edm.String" MaxLength="4" sap:display-format="UpperCase" sap:text="to_SalesOffice/SalesOffice_Text" sap:label="Sales Office" sap:value-list="standard"/><Property Name="BusinessEntity" Type="Edm.String" MaxLength="1" sap:display-format="UpperCase" sap:text="to_BusinessEntity/Description" sap:label="Business Entity" sap:quickinfo="Indicator to distinguish between Business Entities" sap:value-list="standard"/><Property Name="SalesDocumentType" Type="Edm.String" MaxLength="4" sap:display-format="UpperCase" sap:text="to_SalesOrderType/SalesOrderType_Text" sap:label="Sales Document Type" sap:value-list="standard"/><Property Name="OrderReason" Type="Edm.String" MaxLength="3" sap:display-format="UpperCase" sap:text="to_SDDocumentReason/SDDocumentReason_Text" sap:label="Order Reason" sap:quickinfo="Order Reason (Reason for the Business Transaction)" sap:value-list="standard"/><Property Name="SoldToParty" Type="Edm.String" MaxLength="10" sap:display-format="UpperCase" sap:label="Sold to Party" sap:quickinfo="Sold-to Party" sap:value-list="standard"/><Property Name="CustomerName" Type="Edm.String" MaxLength="80"/><Property Name="CustomerReference" Type="Edm.String" MaxLength="20" sap:label="Customer Reference"/><Property Name="LegalContractNo" Type="Edm.String" MaxLength="15" sap:display-format="UpperCase" sap:label="Legal Contract Number" sap:quickinfo="Legal Contract"/><Property Name="OpportunityNo" Type="Edm.String" MaxLength="15" sap:label="Opportunity Number"/><Property Name="CreatedOn" Type="Edm.DateTime" Precision="0" sap:display-format="Date" sap:filter-restriction="interval" sap:label="Created on Date" sap:quickinfo="Record Created On"/><Property Name="BillingDate" Type="Edm.DateTime" Precision="0" sap:display-format="Date" sap:filter-restriction="interval" sap:label="Billing Date"/><Property Name="BillingBlock" Type="Edm.String" MaxLength="2" sap:display-format="UpperCase" sap:text="to_HeaderBillingBlockReason/BillingBlockReason_Text" sap:label="Billing Block" sap:quickinfo="Billing Block in SD Document" sap:value-list="standard"/><Property Name="BillingBlockStatus" Type="Edm.String" MaxLength="1" sap:display-format="UpperCase" sap:text="to_OverallBillingBlockStatus/OverallBillingBlockStatus_Text" sap:label="Billing Block Status" sap:quickinfo="Billing Block Status (All Items)" sap:value-list="fixed-values"/><Property Name="OverallStatus" Type="Edm.String" MaxLength="1" sap:display-format="UpperCase" sap:text="to_OverallSDProcessStatus/OverallSDProcessStatus_Text" sap:label="Overall Status" sap:quickinfo="Overall Processing Status (Header/All Items)" sap:value-list="fixed-values"/><Property Name="RequestedDeliveryDate" Type="Edm.DateTime" Precision="0" sap:display-format="Date" sap:filter-restriction="interval" sap:label="Requested Delivery Date"/><Property Name="DistributionChannel" Type="Edm.String" MaxLength="2" sap:display-format="UpperCase" sap:text="to_DistributionChannel/DistributionChannel_Text" sap:label="Distribution Channel" sap:value-list="standard"/><Property Name="PaymentTerms" Type="Edm.String" MaxLength="4" sap:display-format="UpperCase" sap:text="to_CustomerPaymentTerms/CustomerPaymentTerms_Text" sap:label="Payment Terms" sap:quickinfo="Terms of Payment Key" sap:value-list="standard"/><Property Name="MasterOrderNumber" Type="Edm.String" MaxLength="10" sap:display-format="UpperCase" sap:label="Master Order Number"/><Property Name="CrmQuoteID" Type="Edm.String" MaxLength="10" sap:display-format="UpperCase" sap:label="CRM Quote ID"/><Property Name="Incoterms" Type="Edm.String" MaxLength="3" sap:display-format="UpperCase" sap:text="to_Incoterms/IncotermsClassification_Text" sap:label="Incoterms" sap:quickinfo="Incoterms (Part 1)" sap:value-list="standard"/><Property Name="LeadBrand" Type="Edm.String" MaxLength="7" sap:display-format="UpperCase" sap:text="to_LeadBrand/DivisionDescription" sap:label="Lead Brand" sap:quickinfo="Leading Brand Indicator" sap:value-list="standard"/><Property Name="LegacyContractNumber" Type="Edm.String" MaxLength="17" sap:display-format="UpperCase" sap:label="Legacy contract number" sap:quickinfo="Legacy Contract Number"/><Property Name="CpsNumber" Type="Edm.String" MaxLength="15" sap:display-format="UpperCase" sap:label="CPS Number" sap:quickinfo="Customer presentable solutions number"/><Property Name="Currency" Type="Edm.String" MaxLength="5" sap:display-format="UpperCase" sap:label="Document Currency" sap:quickinfo="SD Document Currency" sap:semantics="currency-code"/><Property Name="NetValue" Type="Edm.Decimal" Precision="15" Scale="3" sap:unit="Currency" sap:variable-scale="true" sap:label="Net Value" sap:quickinfo="Net Value of the Sales Order in Document Currency"/><Property Name="EndCustomer" Type="Edm.String" MaxLength="10" sap:display-format="UpperCase" sap:text="EndCustomerName" sap:label="End Customer" sap:quickinfo="Business Partner Number" sap:value-list="standard"/><Property Name="EndCustomerName" Type="Edm.String" MaxLength="80"/><Property Name="InstallAt" Type="Edm.String" MaxLength="10" sap:display-format="UpperCase" sap:text="InstallAtName" sap:label="Install At" sap:quickinfo="Business Partner Number" sap:value-list="standard"/><Property Name="InstallAtName" Type="Edm.String" MaxLength="80"/><Property Name="ContractSpecialist" Type="Edm.String" MaxLength="8" sap:display-format="NonNegative" sap:text="to_Person/PersonFullName" sap:label="Contract Specialist" sap:quickinfo="Personnel Number" sap:value-list="standard"/><NavigationProperty Name="to_BusinessEntity" Relationship="cds_zui_managesalesorder.assoc_99551309783EB8A42327B9D477C255AF" FromRole="FromRole_assoc_99551309783EB8A42327B9D477C255AF" ToRole="ToRole_assoc_99551309783EB8A42327B9D477C255AF"/><NavigationProperty Name="to_CustomerPaymentTerms" Relationship="cds_zui_managesalesorder.assoc_E889AABBC79DCB94B5B8FA4CFFE016F4" FromRole="FromRole_assoc_E889AABBC79DCB94B5B8FA4CFFE016F4" ToRole="ToRole_assoc_E889AABBC79DCB94B5B8FA4CFFE016F4"/><NavigationProperty Name="to_DistributionChannel" Relationship="cds_zui_managesalesorder.assoc_6C8672532EE7560DD54E166921041730" FromRole="FromRole_assoc_6C8672532EE7560DD54E166921041730" ToRole="ToRole_assoc_6C8672532EE7560DD54E166921041730"/><NavigationProperty Name="to_HeaderBillingBlockReason" Relationship="cds_zui_managesalesorder.assoc_29CFAC3A28B1708971B417615D26DB5F" FromRole="FromRole_assoc_29CFAC3A28B1708971B417615D26DB5F" ToRole="ToRole_assoc_29CFAC3A28B1708971B417615D26DB5F"/><NavigationProperty Name="to_Incoterms" Relationship="cds_zui_managesalesorder.assoc_E7D63F11712F4A73E3B7921E43CE9776" FromRole="FromRole_assoc_E7D63F11712F4A73E3B7921E43CE9776" ToRole="ToRole_assoc_E7D63F11712F4A73E3B7921E43CE9776"/><NavigationProperty Name="to_LeadBrand" Relationship="cds_zui_managesalesorder.assoc_237F6E09831C8D4CE3C34D33BB2FC196" FromRole="FromRole_assoc_237F6E09831C8D4CE3C34D33BB2FC196" ToRole="ToRole_assoc_237F6E09831C8D4CE3C34D33BB2FC196"/><NavigationProperty Name="to_OrganizationDivision" Relationship="cds_zui_managesalesorder.assoc_1B04C46A426785B7198481251493FD88" FromRole="FromRole_assoc_1B04C46A426785B7198481251493FD88" ToRole="ToRole_assoc_1B04C46A426785B7198481251493FD88"/><NavigationProperty Name="to_OverallBillingBlockStatus" Relationship="cds_zui_managesalesorder.assoc_4BB88A0A1F6FF7B491005D0288FA9416" FromRole="FromRole_assoc_4BB88A0A1F6FF7B491005D0288FA9416" ToRole="ToRole_assoc_4BB88A0A1F6FF7B491005D0288FA9416"/><NavigationProperty Name="to_OverallSDProcessStatus" Relationship="cds_zui_managesalesorder.assoc_769A5D94908B0ABCD26F60B086F954FC" FromRole="FromRole_assoc_769A5D94908B0ABCD26F60B086F954FC" ToRole="ToRole_assoc_769A5D94908B0ABCD26F60B086F954FC"/><NavigationProperty Name="to_Person" Relationship="cds_zui_managesalesorder.assoc_E27FDC3206F87D0A7629C0C892622871" FromRole="FromRole_assoc_E27FDC3206F87D0A7629C0C892622871" ToRole="ToRole_assoc_E27FDC3206F87D0A7629C0C892622871"/><NavigationProperty Name="to_SalesOffice" Relationship="cds_zui_managesalesorder.assoc_FE03EE2496DDDD14B1C6E4E2BF85609E" FromRole="FromRole_assoc_FE03EE2496DDDD14B1C6E4E2BF85609E" ToRole="ToRole_assoc_FE03EE2496DDDD14B1C6E4E2BF85609E"/><NavigationProperty Name="to_SalesOrderType" Relationship="cds_zui_managesalesorder.assoc_8ED1492A6A80F1F05EBD9BF5931C9FF4" FromRole="FromRole_assoc_8ED1492A6A80F1F05EBD9BF5931C9FF4" ToRole="ToRole_assoc_8ED1492A6A80F1F05EBD9BF5931C9FF4"/><NavigationProperty Name="to_SalesOrganization" Relationship="cds_zui_managesalesorder.assoc_B6EA4B0C5B6B48A73A98AFBA3A94A8DD" FromRole="FromRole_assoc_B6EA4B0C5B6B48A73A98AFBA3A94A8DD" ToRole="ToRole_assoc_B6EA4B0C5B6B48A73A98AFBA3A94A8DD"/><NavigationProperty Name="to_SDDocumentReason" Relationship="cds_zui_managesalesorder.assoc_C6893A412C66F84A2FBCC90CF4C4FE16" FromRole="FromRole_assoc_C6893A412C66F84A2FBCC90CF4C4FE16" ToRole="ToRole_assoc_C6893A412C66F84A2FBCC90CF4C4FE16"/></EntityType><EntityType Name="SAP__Currency" sap:content-version="1"><Key><PropertyRef Name="CurrencyCode"/></Key><Property Name="CurrencyCode" Type="Edm.String" Nullable="false" MaxLength="5" sap:label="Currency" sap:semantics="currency-code"/><Property Name="ISOCode" Type="Edm.String" Nullable="false" MaxLength="3" sap:label="ISO code"/><Property Name="Text" Type="Edm.String" Nullable="false" MaxLength="15" sap:label="Short text"/><Property Name="DecimalPlaces" Type="Edm.Byte" Nullable="false" sap:label="Decimals"/></EntityType><EntityType Name="SAP__UnitOfMeasure" sap:content-version="1"><Key><PropertyRef Name="UnitCode"/></Key><Property Name="UnitCode" Type="Edm.String" Nullable="false" MaxLength="3" sap:label="Internal UoM" sap:semantics="unit-of-measure"/><Property Name="ISOCode" Type="Edm.String" Nullable="false" MaxLength="3" sap:label="ISO Code"/><Property Name="ExternalCode" Type="Edm.String" Nullable="false" MaxLength="3" sap:label="Commercial"/><Property Name="Text" Type="Edm.String" Nullable="false" MaxLength="30" sap:label="Measurement Unit Txt"/><Property Name="DecimalPlaces" Type="Edm.Int16" sap:label="Decimal Places"/></EntityType><EntityType Name="SAP__DocumentDescription" sap:content-version="1"><Key><PropertyRef Name="Id"/></Key><Property Name="Id" Type="Edm.Guid" Nullable="false" sap:label="UUID"/><Property Name="CreatedBy" Type="Edm.String" Nullable="false" MaxLength="12"/><Property Name="CreatedAt" Type="Edm.DateTime" Nullable="false" Precision="0" sap:label="Time Stamp"/><Property Name="FileName" Type="Edm.String" Nullable="false" MaxLength="256"/><Property Name="Title" Type="Edm.String" Nullable="false" MaxLength="256"/><NavigationProperty Name="Format" Relationship="cds_zui_managesalesorder.to_format" FromRole="FromRole_to_format" ToRole="ToRole_to_format"/><NavigationProperty Name="TableColumns" Relationship="cds_zui_managesalesorder.to_tablecolumns" FromRole="FromRole_to_tablecolumns" ToRole="ToRole_to_tablecolumns"/><NavigationProperty Name="CoverPage" Relationship="cds_zui_managesalesorder.to_coverpage" FromRole="FromRole_to_coverpage" ToRole="ToRole_to_coverpage"/><NavigationProperty Name="Signature" Relationship="cds_zui_managesalesorder.to_signature" FromRole="FromRole_to_signature" ToRole="ToRole_to_signature"/><NavigationProperty Name="PDFStandard" Relationship="cds_zui_managesalesorder.to_pdfstandard" FromRole="FromRole_to_pdfstandard" ToRole="ToRole_to_pdfstandard"/></EntityType><EntityType Name="SAP__Format" sap:content-version="1"><Key><PropertyRef Name="Id"/></Key><Property Name="FitToPage" Type="cds_zui_managesalesorder.SAP__FitToPage" Nullable="false"/><Property Name="Id" Type="Edm.Guid" Nullable="false" sap:label="UUID" sap:creatable="false" sap:updatable="false" sap:sortable="false" sap:filterable="false"/><Property Name="FontSize" Type="Edm.Int32" Nullable="false" sap:creatable="false" sap:updatable="false" sap:sortable="false" sap:filterable="false"/><Property Name="Orientation" Type="Edm.String" Nullable="false" MaxLength="10" sap:creatable="false" sap:updatable="false" sap:sortable="false" sap:filterable="false"/><Property Name="PaperSize" Type="Edm.String" Nullable="false" MaxLength="10" sap:creatable="false" sap:updatable="false" sap:sortable="false" sap:filterable="false"/><Property Name="BorderSize" Type="Edm.Int32" Nullable="false" sap:creatable="false" sap:updatable="false" sap:sortable="false" sap:filterable="false"/><Property Name="MarginSize" Type="Edm.Int32" Nullable="false" sap:creatable="false" sap:updatable="false" sap:sortable="false" sap:filterable="false"/><Property Name="FontName" Type="Edm.String" Nullable="false" MaxLength="255" sap:label="Font Name" sap:creatable="false" sap:updatable="false" sap:sortable="false" sap:filterable="false"/></EntityType><EntityType Name="SAP__PDFStandard" sap:content-version="1"><Key><PropertyRef Name="Id"/></Key><Property Name="Id" Type="Edm.Guid" Nullable="false" sap:label="UUID" sap:creatable="false" sap:updatable="false" sap:sortable="false" sap:filterable="false"/><Property Name="UsePDFAConformance" Type="Edm.Boolean" Nullable="false" sap:creatable="false" sap:updatable="false" sap:sortable="false" sap:filterable="false"/><Property Name="DoEnableAccessibility" Type="Edm.Boolean" Nullable="false" sap:label="Indicator" sap:creatable="false" sap:updatable="false" sap:sortable="false" sap:filterable="false"/></EntityType><EntityType Name="SAP__TableColumns" sap:content-version="1"><Key><PropertyRef Name="Id"/><PropertyRef Name="Name"/><PropertyRef Name="Header"/></Key><Property Name="Id" Type="Edm.Guid" Nullable="false" sap:label="UUID" sap:creatable="false" sap:updatable="false" sap:sortable="false" sap:filterable="false"/><Property Name="Name" Type="Edm.String" Nullable="false" MaxLength="256" sap:creatable="false" sap:updatable="false" sap:sortable="false" sap:filterable="false"/><Property Name="Header" Type="Edm.String" Nullable="false" MaxLength="256" sap:creatable="false" sap:updatable="false" sap:sortable="false" sap:filterable="false"/><Property Name="HorizontalAlignment" Type="Edm.String" Nullable="false" MaxLength="10" sap:creatable="false" sap:updatable="false" sap:sortable="false" sap:filterable="false"/></EntityType><EntityType Name="SAP__CoverPage" sap:content-version="1"><Key><PropertyRef Name="Title"/><PropertyRef Name="Id"/><PropertyRef Name="Name"/></Key><Property Name="Title" Type="Edm.String" Nullable="false" MaxLength="256" sap:creatable="false" sap:updatable="false" sap:sortable="false" sap:filterable="false"/><Property Name="Id" Type="Edm.Guid" Nullable="false" sap:label="UUID" sap:creatable="false" sap:updatable="false" sap:sortable="false" sap:filterable="false"/><Property Name="Name" Type="Edm.String" Nullable="false" MaxLength="256" sap:creatable="false" sap:updatable="false" sap:sortable="false" sap:filterable="false"/><Property Name="Value" Type="Edm.String" Nullable="false" MaxLength="256" sap:creatable="false" sap:updatable="false" sap:sortable="false" sap:filterable="false"/></EntityType><EntityType Name="SAP__Signature" sap:content-version="1"><Key><PropertyRef Name="Id"/></Key><Property Name="Id" Type="Edm.Guid" Nullable="false" sap:label="UUID" sap:creatable="false" sap:updatable="false" sap:sortable="false" sap:filterable="false"/><Property Name="DoSign" Type="Edm.Boolean" Nullable="false" sap:label="Indicator" sap:creatable="false" sap:updatable="false" sap:sortable="false" sap:filterable="false"/><Property Name="Reason" Type="Edm.String" Nullable="false" MaxLength="256" sap:creatable="false" sap:updatable="false" sap:sortable="false" sap:filterable="false"/></EntityType><EntityType Name="SAP__ValueHelp" sap:content-version="1"><Key><PropertyRef Name="VALUEHELP"/></Key><Property Name="VALUEHELP" Type="Edm.String" Nullable="false"/><Property Name="FIELD_VALUE" Type="Edm.String" Nullable="false" MaxLength="10"/><Property Name="DESCRIPTION" Type="Edm.String"/></EntityType><ComplexType Name="SAP__FitToPage"><Property Name="ErrorRecoveryBehavior" Type="Edm.String" Nullable="false" MaxLength="8" sap:label="Error behavior" sap:creatable="false" sap:updatable="false" sap:sortable="false" sap:filterable="false"/><Property Name="IsEnabled" Type="Edm.Boolean" Nullable="false" sap:creatable="false" sap:updatable="false" sap:sortable="false" sap:filterable="false"/><Property Name="MinimumFontSize" Type="Edm.Int32" Nullable="false" sap:creatable="false" sap:updatable="false" sap:sortable="false" sap:filterable="false"/></ComplexType><Association Name="assoc_E889AABBC79DCB94B5B8FA4CFFE016F4" sap:content-version="1"><End Type="cds_zui_managesalesorder.SalesOrdersType" Multiplicity="1" Role="FromRole_assoc_E889AABBC79DCB94B5B8FA4CFFE016F4"/><End Type="cds_zui_managesalesorder.CustomerPaymentTermsType" Multiplicity="0..1" Role="ToRole_assoc_E889AABBC79DCB94B5B8FA4CFFE016F4"/><ReferentialConstraint><Principal Role="ToRole_assoc_E889AABBC79DCB94B5B8FA4CFFE016F4"><PropertyRef Name="CustomerPaymentTerms"/></Principal><Dependent Role="FromRole_assoc_E889AABBC79DCB94B5B8FA4CFFE016F4"><PropertyRef Name="PaymentTerms"/></Dependent></ReferentialConstraint></Association><Association Name="assoc_6C8672532EE7560DD54E166921041730" sap:content-version="1"><End Type="cds_zui_managesalesorder.SalesOrdersType" Multiplicity="1" Role="FromRole_assoc_6C8672532EE7560DD54E166921041730"/><End Type="cds_zui_managesalesorder.DistributionChannelType" Multiplicity="0..1" Role="ToRole_assoc_6C8672532EE7560DD54E166921041730"/><ReferentialConstraint><Principal Role="ToRole_assoc_6C8672532EE7560DD54E166921041730"><PropertyRef Name="DistributionChannel"/></Principal><Dependent Role="FromRole_assoc_6C8672532EE7560DD54E166921041730"><PropertyRef Name="DistributionChannel"/></Dependent></ReferentialConstraint></Association><Association Name="assoc_29CFAC3A28B1708971B417615D26DB5F" sap:content-version="1"><End Type="cds_zui_managesalesorder.SalesOrdersType" Multiplicity="1" Role="FromRole_assoc_29CFAC3A28B1708971B417615D26DB5F"/><End Type="cds_zui_managesalesorder.BillingBlockReasonType" Multiplicity="0..1" Role="ToRole_assoc_29CFAC3A28B1708971B417615D26DB5F"/><ReferentialConstraint><Principal Role="ToRole_assoc_29CFAC3A28B1708971B417615D26DB5F"><PropertyRef Name="BillingBlockReason"/></Principal><Dependent Role="FromRole_assoc_29CFAC3A28B1708971B417615D26DB5F"><PropertyRef Name="BillingBlock"/></Dependent></ReferentialConstraint></Association><Association Name="assoc_E7D63F11712F4A73E3B7921E43CE9776" sap:content-version="1"><End Type="cds_zui_managesalesorder.SalesOrdersType" Multiplicity="1" Role="FromRole_assoc_E7D63F11712F4A73E3B7921E43CE9776"/><End Type="cds_zui_managesalesorder.IncotermsClassificationType" Multiplicity="0..1" Role="ToRole_assoc_E7D63F11712F4A73E3B7921E43CE9776"/><ReferentialConstraint><Principal Role="ToRole_assoc_E7D63F11712F4A73E3B7921E43CE9776"><PropertyRef Name="IncotermsClassification"/></Principal><Dependent Role="FromRole_assoc_E7D63F11712F4A73E3B7921E43CE9776"><PropertyRef Name="Incoterms"/></Dependent></ReferentialConstraint></Association><Association Name="assoc_237F6E09831C8D4CE3C34D33BB2FC196" sap:content-version="1"><End Type="cds_zui_managesalesorder.SalesOrdersType" Multiplicity="1" Role="FromRole_assoc_237F6E09831C8D4CE3C34D33BB2FC196"/><End Type="cds_zui_managesalesorder.LeadBrandVHType" Multiplicity="0..1" Role="ToRole_assoc_237F6E09831C8D4CE3C34D33BB2FC196"/><ReferentialConstraint><Principal Role="ToRole_assoc_237F6E09831C8D4CE3C34D33BB2FC196"><PropertyRef Name="LeadBrand"/></Principal><Dependent Role="FromRole_assoc_237F6E09831C8D4CE3C34D33BB2FC196"><PropertyRef Name="LeadBrand"/></Dependent></ReferentialConstraint></Association><Association Name="assoc_1B04C46A426785B7198481251493FD88" sap:content-version="1"><End Type="cds_zui_managesalesorder.SalesOrdersType" Multiplicity="1" Role="FromRole_assoc_1B04C46A426785B7198481251493FD88"/><End Type="cds_zui_managesalesorder.OrganizationDivisionType" Multiplicity="0..1" Role="ToRole_assoc_1B04C46A426785B7198481251493FD88"/><ReferentialConstraint><Principal Role="ToRole_assoc_1B04C46A426785B7198481251493FD88"><PropertyRef Name="Division"/></Principal><Dependent Role="FromRole_assoc_1B04C46A426785B7198481251493FD88"><PropertyRef Name="OrganizationDivision"/></Dependent></ReferentialConstraint></Association><Association Name="assoc_4BB88A0A1F6FF7B491005D0288FA9416" sap:content-version="1"><End Type="cds_zui_managesalesorder.SalesOrdersType" Multiplicity="1" Role="FromRole_assoc_4BB88A0A1F6FF7B491005D0288FA9416"/><End Type="cds_zui_managesalesorder.OverallBillingBlockStatusType" Multiplicity="0..1" Role="ToRole_assoc_4BB88A0A1F6FF7B491005D0288FA9416"/><ReferentialConstraint><Principal Role="ToRole_assoc_4BB88A0A1F6FF7B491005D0288FA9416"><PropertyRef Name="OverallBillingBlockStatus"/></Principal><Dependent Role="FromRole_assoc_4BB88A0A1F6FF7B491005D0288FA9416"><PropertyRef Name="BillingBlockStatus"/></Dependent></ReferentialConstraint></Association><Association Name="assoc_769A5D94908B0ABCD26F60B086F954FC" sap:content-version="1"><End Type="cds_zui_managesalesorder.SalesOrdersType" Multiplicity="1" Role="FromRole_assoc_769A5D94908B0ABCD26F60B086F954FC"/><End Type="cds_zui_managesalesorder.OverallSDProcessStatusType" Multiplicity="0..1" Role="ToRole_assoc_769A5D94908B0ABCD26F60B086F954FC"/><ReferentialConstraint><Principal Role="ToRole_assoc_769A5D94908B0ABCD26F60B086F954FC"><PropertyRef Name="OverallSDProcessStatus"/></Principal><Dependent Role="FromRole_assoc_769A5D94908B0ABCD26F60B086F954FC"><PropertyRef Name="OverallStatus"/></Dependent></ReferentialConstraint></Association><Association Name="assoc_E27FDC3206F87D0A7629C0C892622871" sap:content-version="1"><End Type="cds_zui_managesalesorder.SalesOrdersType" Multiplicity="1" Role="FromRole_assoc_E27FDC3206F87D0A7629C0C892622871"/><End Type="cds_zui_managesalesorder.EmployeeVHType" Multiplicity="0..1" Role="ToRole_assoc_E27FDC3206F87D0A7629C0C892622871"/><ReferentialConstraint><Principal Role="ToRole_assoc_E27FDC3206F87D0A7629C0C892622871"><PropertyRef Name="PersonnelNumber"/></Principal><Dependent Role="FromRole_assoc_E27FDC3206F87D0A7629C0C892622871"><PropertyRef Name="ContractSpecialist"/></Dependent></ReferentialConstraint></Association><Association Name="assoc_FE03EE2496DDDD14B1C6E4E2BF85609E" sap:content-version="1"><End Type="cds_zui_managesalesorder.SalesOrdersType" Multiplicity="1" Role="FromRole_assoc_FE03EE2496DDDD14B1C6E4E2BF85609E"/><End Type="cds_zui_managesalesorder.SalesOfficeType" Multiplicity="0..1" Role="ToRole_assoc_FE03EE2496DDDD14B1C6E4E2BF85609E"/><ReferentialConstraint><Principal Role="ToRole_assoc_FE03EE2496DDDD14B1C6E4E2BF85609E"><PropertyRef Name="SalesOffice"/></Principal><Dependent Role="FromRole_assoc_FE03EE2496DDDD14B1C6E4E2BF85609E"><PropertyRef Name="SalesOffice"/></Dependent></ReferentialConstraint></Association><Association Name="assoc_8ED1492A6A80F1F05EBD9BF5931C9FF4" sap:content-version="1"><End Type="cds_zui_managesalesorder.SalesOrdersType" Multiplicity="1" Role="FromRole_assoc_8ED1492A6A80F1F05EBD9BF5931C9FF4"/><End Type="cds_zui_managesalesorder.SalesOrderTypeType" Multiplicity="0..1" Role="ToRole_assoc_8ED1492A6A80F1F05EBD9BF5931C9FF4"/><ReferentialConstraint><Principal Role="ToRole_assoc_8ED1492A6A80F1F05EBD9BF5931C9FF4"><PropertyRef Name="SalesOrderType"/></Principal><Dependent Role="FromRole_assoc_8ED1492A6A80F1F05EBD9BF5931C9FF4"><PropertyRef Name="SalesDocumentType"/></Dependent></ReferentialConstraint></Association><Association Name="assoc_B6EA4B0C5B6B48A73A98AFBA3A94A8DD" sap:content-version="1"><End Type="cds_zui_managesalesorder.SalesOrdersType" Multiplicity="1" Role="FromRole_assoc_B6EA4B0C5B6B48A73A98AFBA3A94A8DD"/><End Type="cds_zui_managesalesorder.SalesOrganizationType" Multiplicity="0..1" Role="ToRole_assoc_B6EA4B0C5B6B48A73A98AFBA3A94A8DD"/><ReferentialConstraint><Principal Role="ToRole_assoc_B6EA4B0C5B6B48A73A98AFBA3A94A8DD"><PropertyRef Name="SalesOrganization"/></Principal><Dependent Role="FromRole_assoc_B6EA4B0C5B6B48A73A98AFBA3A94A8DD"><PropertyRef Name="SalesOrganization"/></Dependent></ReferentialConstraint></Association><Association Name="assoc_C6893A412C66F84A2FBCC90CF4C4FE16" sap:content-version="1"><End Type="cds_zui_managesalesorder.SalesOrdersType" Multiplicity="1" Role="FromRole_assoc_C6893A412C66F84A2FBCC90CF4C4FE16"/><End Type="cds_zui_managesalesorder.SDDocumentReasonType" Multiplicity="0..1" Role="ToRole_assoc_C6893A412C66F84A2FBCC90CF4C4FE16"/><ReferentialConstraint><Principal Role="ToRole_assoc_C6893A412C66F84A2FBCC90CF4C4FE16"><PropertyRef Name="SDDocumentReason"/></Principal><Dependent Role="FromRole_assoc_C6893A412C66F84A2FBCC90CF4C4FE16"><PropertyRef Name="OrderReason"/></Dependent></ReferentialConstraint></Association><Association Name="assoc_99551309783EB8A42327B9D477C255AF" sap:content-version="1"><End Type="cds_zui_managesalesorder.SalesOrdersType" Multiplicity="1" Role="FromRole_assoc_99551309783EB8A42327B9D477C255AF"/><End Type="cds_zui_managesalesorder.BusinessEntityVHType" Multiplicity="0..1" Role="ToRole_assoc_99551309783EB8A42327B9D477C255AF"/></Association><Association Name="to_format" sap:content-version="1"><End Type="cds_zui_managesalesorder.SAP__DocumentDescription" Multiplicity="1" Role="FromRole_to_format"/><End Type="cds_zui_managesalesorder.SAP__Format" Multiplicity="1" Role="ToRole_to_format"/><ReferentialConstraint><Principal Role="FromRole_to_format"><PropertyRef Name="Id"/></Principal><Dependent Role="ToRole_to_format"><PropertyRef Name="Id"/></Dependent></ReferentialConstraint></Association><Association Name="to_tablecolumns" sap:content-version="1"><End Type="cds_zui_managesalesorder.SAP__DocumentDescription" Multiplicity="1" Role="FromRole_to_tablecolumns"/><End Type="cds_zui_managesalesorder.SAP__TableColumns" Multiplicity="*" Role="ToRole_to_tablecolumns"/><ReferentialConstraint><Principal Role="FromRole_to_tablecolumns"><PropertyRef Name="Id"/></Principal><Dependent Role="ToRole_to_tablecolumns"><PropertyRef Name="Id"/></Dependent></ReferentialConstraint></Association><Association Name="to_coverpage" sap:content-version="1"><End Type="cds_zui_managesalesorder.SAP__DocumentDescription" Multiplicity="1" Role="FromRole_to_coverpage"/><End Type="cds_zui_managesalesorder.SAP__CoverPage" Multiplicity="*" Role="ToRole_to_coverpage"/><ReferentialConstraint><Principal Role="FromRole_to_coverpage"><PropertyRef Name="Id"/></Principal><Dependent Role="ToRole_to_coverpage"><PropertyRef Name="Id"/></Dependent></ReferentialConstraint></Association><Association Name="to_signature" sap:content-version="1"><End Type="cds_zui_managesalesorder.SAP__DocumentDescription" Multiplicity="1" Role="FromRole_to_signature"/><End Type="cds_zui_managesalesorder.SAP__Signature" Multiplicity="1" Role="ToRole_to_signature"/><ReferentialConstraint><Principal Role="FromRole_to_signature"><PropertyRef Name="Id"/></Principal><Dependent Role="ToRole_to_signature"><PropertyRef Name="Id"/></Dependent></ReferentialConstraint></Association><Association Name="to_pdfstandard" sap:content-version="1"><End Type="cds_zui_managesalesorder.SAP__DocumentDescription" Multiplicity="1" Role="FromRole_to_pdfstandard"/><End Type="cds_zui_managesalesorder.SAP__PDFStandard" Multiplicity="1" Role="ToRole_to_pdfstandard"/><ReferentialConstraint><Principal Role="FromRole_to_pdfstandard"><PropertyRef Name="Id"/></Principal><Dependent Role="ToRole_to_pdfstandard"><PropertyRef Name="Id"/></Dependent></ReferentialConstraint></Association><EntityContainer Name="cds_zui_managesalesorder_Entities" m:IsDefaultEntityContainer="true" sap:message-scope-supported="true" sap:supported-formats="atom json xlsx pdf"><EntitySet Name="SAP__Currencies" EntityType="cds_zui_managesalesorder.SAP__Currency" sap:content-version="1"/><EntitySet Name="SAP__UnitsOfMeasure" EntityType="cds_zui_managesalesorder.SAP__UnitOfMeasure" sap:content-version="1"/><EntitySet Name="SAP__MyDocumentDescriptions" EntityType="cds_zui_managesalesorder.SAP__DocumentDescription" sap:content-version="1"/><EntitySet Name="SAP__FormatSet" EntityType="cds_zui_managesalesorder.SAP__Format" sap:creatable="false" sap:updatable="false" sap:deletable="false" sap:pageable="false" sap:addressable="false" sap:content-version="1"/><EntitySet Name="SAP__PDFStandardSet" EntityType="cds_zui_managesalesorder.SAP__PDFStandard" sap:creatable="false" sap:updatable="false" sap:deletable="false" sap:pageable="false" sap:addressable="false" sap:content-version="1"/><EntitySet Name="SAP__TableColumnsSet" EntityType="cds_zui_managesalesorder.SAP__TableColumns" sap:creatable="false" sap:updatable="false" sap:deletable="false" sap:pageable="false" sap:addressable="false" sap:content-version="1"/><EntitySet Name="SAP__CoverPageSet" EntityType="cds_zui_managesalesorder.SAP__CoverPage" sap:creatable="false" sap:updatable="false" sap:deletable="false" sap:pageable="false" sap:addressable="false" sap:content-version="1"/><EntitySet Name="SAP__SignatureSet" EntityType="cds_zui_managesalesorder.SAP__Signature" sap:creatable="false" sap:updatable="false" sap:deletable="false" sap:pageable="false" sap:addressable="false" sap:content-version="1"/><EntitySet Name="SAP__ValueHelpSet" EntityType="cds_zui_managesalesorder.SAP__ValueHelp" sap:content-version="1"/><EntitySet Name="EmployeeVH" EntityType="cds_zui_managesalesorder.EmployeeVHType" sap:creatable="false" sap:updatable="false" sap:deletable="false" sap:searchable="true" sap:content-version="1"/><EntitySet Name="SoldToValueHelp" EntityType="cds_zui_managesalesorder.SoldToValueHelpType" sap:creatable="false" sap:updatable="false" sap:deletable="false" sap:searchable="true" sap:content-version="1"/><EntitySet Name="CustomerPaymentTerms" EntityType="cds_zui_managesalesorder.CustomerPaymentTermsType" sap:creatable="false" sap:updatable="false" sap:deletable="false" sap:searchable="true" sap:content-version="1"/><EntitySet Name="DistributionChannel" EntityType="cds_zui_managesalesorder.DistributionChannelType" sap:creatable="false" sap:updatable="false" sap:deletable="false" sap:searchable="true" sap:content-version="1"/><EntitySet Name="OrganizationDivision" EntityType="cds_zui_managesalesorder.OrganizationDivisionType" sap:creatable="false" sap:updatable="false" sap:deletable="false" sap:searchable="true" sap:content-version="1"/><EntitySet Name="IncotermsClassification" EntityType="cds_zui_managesalesorder.IncotermsClassificationType" sap:creatable="false" sap:updatable="false" sap:deletable="false" sap:searchable="true" sap:content-version="1"/><EntitySet Name="OverallBillingBlockStatus" EntityType="cds_zui_managesalesorder.OverallBillingBlockStatusType" sap:creatable="false" sap:updatable="false" sap:deletable="false" sap:searchable="true" sap:content-version="1"/><EntitySet Name="OverallSDProcessStatus" EntityType="cds_zui_managesalesorder.OverallSDProcessStatusType" sap:creatable="false" sap:updatable="false" sap:deletable="false" sap:searchable="true" sap:content-version="1"/><EntitySet Name="SalesOffice" EntityType="cds_zui_managesalesorder.SalesOfficeType" sap:creatable="false" sap:updatable="false" sap:deletable="false" sap:searchable="true" sap:content-version="1"/><EntitySet Name="SalesOrderType" EntityType="cds_zui_managesalesorder.SalesOrderTypeType" sap:creatable="false" sap:updatable="false" sap:deletable="false" sap:content-version="1"/><EntitySet Name="SalesOrganization" EntityType="cds_zui_managesalesorder.SalesOrganizationType" sap:creatable="false" sap:updatable="false" sap:deletable="false" sap:searchable="true" sap:content-version="1"/><EntitySet Name="SDDocumentReason" EntityType="cds_zui_managesalesorder.SDDocumentReasonType" sap:creatable="false" sap:updatable="false" sap:deletable="false" sap:searchable="true" sap:content-version="1"/><EntitySet Name="BillingBlockReason" EntityType="cds_zui_managesalesorder.BillingBlockReasonType" sap:creatable="false" sap:updatable="false" sap:deletable="false" sap:searchable="true" sap:content-version="1"/><EntitySet Name="BillingBlockStatus" EntityType="cds_zui_managesalesorder.BillingBlockStatusType" sap:creatable="false" sap:updatable="false" sap:deletable="false" sap:searchable="true" sap:content-version="1"/><EntitySet Name="BusinessEntityVH" EntityType="cds_zui_managesalesorder.BusinessEntityVHType" sap:creatable="false" sap:updatable="false" sap:deletable="false" sap:searchable="true" sap:content-version="1"/><EntitySet Name="LeadBrandVH" EntityType="cds_zui_managesalesorder.LeadBrandVHType" sap:creatable="false" sap:updatable="false" sap:deletable="false" sap:searchable="true" sap:content-version="1"/><EntitySet Name="SalesOrders" EntityType="cds_zui_managesalesorder.SalesOrdersType" sap:creatable="false" sap:updatable="false" sap:deletable="false" sap:searchable="true" sap:content-version="1"/><AssociationSet Name="assoc_6C8672532EE7560DD54E166921041730" Association="cds_zui_managesalesorder.assoc_6C8672532EE7560DD54E166921041730" sap:creatable="false" sap:updatable="false" sap:deletable="false" sap:content-version="1"><End EntitySet="SalesOrders" Role="FromRole_assoc_6C8672532EE7560DD54E166921041730"/><End EntitySet="DistributionChannel" Role="ToRole_assoc_6C8672532EE7560DD54E166921041730"/></AssociationSet><AssociationSet Name="to_formatSet" Association="cds_zui_managesalesorder.to_format" sap:creatable="false" sap:updatable="false" sap:deletable="false" sap:content-version="1"><End EntitySet="SAP__MyDocumentDescriptions" Role="FromRole_to_format"/><End EntitySet="SAP__FormatSet" Role="ToRole_to_format"/></AssociationSet><AssociationSet Name="to_pdfstandardSet" Association="cds_zui_managesalesorder.to_pdfstandard" sap:creatable="false" sap:updatable="false" sap:deletable="false" sap:content-version="1"><End EntitySet="SAP__MyDocumentDescriptions" Role="FromRole_to_pdfstandard"/><End EntitySet="SAP__PDFStandardSet" Role="ToRole_to_pdfstandard"/></AssociationSet><AssociationSet Name="assoc_8ED1492A6A80F1F05EBD9BF5931C9FF4" Association="cds_zui_managesalesorder.assoc_8ED1492A6A80F1F05EBD9BF5931C9FF4" sap:creatable="false" sap:updatable="false" sap:deletable="false" sap:content-version="1"><End EntitySet="SalesOrders" Role="FromRole_assoc_8ED1492A6A80F1F05EBD9BF5931C9FF4"/><End EntitySet="SalesOrderType" Role="ToRole_assoc_8ED1492A6A80F1F05EBD9BF5931C9FF4"/></AssociationSet><AssociationSet Name="assoc_B6EA4B0C5B6B48A73A98AFBA3A94A8DD" Association="cds_zui_managesalesorder.assoc_B6EA4B0C5B6B48A73A98AFBA3A94A8DD" sap:creatable="false" sap:updatable="false" sap:deletable="false" sap:content-version="1"><End EntitySet="SalesOrders" Role="FromRole_assoc_B6EA4B0C5B6B48A73A98AFBA3A94A8DD"/><End EntitySet="SalesOrganization" Role="ToRole_assoc_B6EA4B0C5B6B48A73A98AFBA3A94A8DD"/></AssociationSet><AssociationSet Name="assoc_1B04C46A426785B7198481251493FD88" Association="cds_zui_managesalesorder.assoc_1B04C46A426785B7198481251493FD88" sap:creatable="false" sap:updatable="false" sap:deletable="false" sap:content-version="1"><End EntitySet="SalesOrders" Role="FromRole_assoc_1B04C46A426785B7198481251493FD88"/><End EntitySet="OrganizationDivision" Role="ToRole_assoc_1B04C46A426785B7198481251493FD88"/></AssociationSet><AssociationSet Name="assoc_769A5D94908B0ABCD26F60B086F954FC" Association="cds_zui_managesalesorder.assoc_769A5D94908B0ABCD26F60B086F954FC" sap:creatable="false" sap:updatable="false" sap:deletable="false" sap:content-version="1"><End EntitySet="SalesOrders" Role="FromRole_assoc_769A5D94908B0ABCD26F60B086F954FC"/><End EntitySet="OverallSDProcessStatus" Role="ToRole_assoc_769A5D94908B0ABCD26F60B086F954FC"/></AssociationSet><AssociationSet Name="to_tablecolumnsSet" Association="cds_zui_managesalesorder.to_tablecolumns" sap:creatable="false" sap:updatable="false" sap:deletable="false" sap:content-version="1"><End EntitySet="SAP__MyDocumentDescriptions" Role="FromRole_to_tablecolumns"/><End EntitySet="SAP__TableColumnsSet" Role="ToRole_to_tablecolumns"/></AssociationSet><AssociationSet Name="assoc_E27FDC3206F87D0A7629C0C892622871" Association="cds_zui_managesalesorder.assoc_E27FDC3206F87D0A7629C0C892622871" sap:creatable="false" sap:updatable="false" sap:deletable="false" sap:content-version="1"><End EntitySet="SalesOrders" Role="FromRole_assoc_E27FDC3206F87D0A7629C0C892622871"/><End EntitySet="EmployeeVH" Role="ToRole_assoc_E27FDC3206F87D0A7629C0C892622871"/></AssociationSet><AssociationSet Name="assoc_4BB88A0A1F6FF7B491005D0288FA9416" Association="cds_zui_managesalesorder.assoc_4BB88A0A1F6FF7B491005D0288FA9416" sap:creatable="false" sap:updatable="false" sap:deletable="false" sap:content-version="1"><End EntitySet="SalesOrders" Role="FromRole_assoc_4BB88A0A1F6FF7B491005D0288FA9416"/><End EntitySet="OverallBillingBlockStatus" Role="ToRole_assoc_4BB88A0A1F6FF7B491005D0288FA9416"/></AssociationSet><AssociationSet Name="assoc_99551309783EB8A42327B9D477C255AF" Association="cds_zui_managesalesorder.assoc_99551309783EB8A42327B9D477C255AF" sap:creatable="false" sap:updatable="false" sap:deletable="false" sap:content-version="1"><End EntitySet="SalesOrders" Role="FromRole_assoc_99551309783EB8A42327B9D477C255AF"/><End EntitySet="BusinessEntityVH" Role="ToRole_assoc_99551309783EB8A42327B9D477C255AF"/></AssociationSet><AssociationSet Name="to_signatureSet" Association="cds_zui_managesalesorder.to_signature" sap:creatable="false" sap:updatable="false" sap:deletable="false" sap:content-version="1"><End EntitySet="SAP__MyDocumentDescriptions" Role="FromRole_to_signature"/><End EntitySet="SAP__SignatureSet" Role="ToRole_to_signature"/></AssociationSet><AssociationSet Name="assoc_237F6E09831C8D4CE3C34D33BB2FC196" Association="cds_zui_managesalesorder.assoc_237F6E09831C8D4CE3C34D33BB2FC196" sap:creatable="false" sap:updatable="false" sap:deletable="false" sap:content-version="1"><End EntitySet="SalesOrders" Role="FromRole_assoc_237F6E09831C8D4CE3C34D33BB2FC196"/><End EntitySet="LeadBrandVH" Role="ToRole_assoc_237F6E09831C8D4CE3C34D33BB2FC196"/></AssociationSet><AssociationSet Name="assoc_E7D63F11712F4A73E3B7921E43CE9776" Association="cds_zui_managesalesorder.assoc_E7D63F11712F4A73E3B7921E43CE9776" sap:creatable="false" sap:updatable="false" sap:deletable="false" sap:content-version="1"><End EntitySet="SalesOrders" Role="FromRole_assoc_E7D63F11712F4A73E3B7921E43CE9776"/><End EntitySet="IncotermsClassification" Role="ToRole_assoc_E7D63F11712F4A73E3B7921E43CE9776"/></AssociationSet><AssociationSet Name="assoc_29CFAC3A28B1708971B417615D26DB5F" Association="cds_zui_managesalesorder.assoc_29CFAC3A28B1708971B417615D26DB5F" sap:creatable="false" sap:updatable="false" sap:deletable="false" sap:content-version="1"><End EntitySet="SalesOrders" Role="FromRole_assoc_29CFAC3A28B1708971B417615D26DB5F"/><End EntitySet="BillingBlockReason" Role="ToRole_assoc_29CFAC3A28B1708971B417615D26DB5F"/></AssociationSet><AssociationSet Name="to_coverpageSet" Association="cds_zui_managesalesorder.to_coverpage" sap:creatable="false" sap:updatable="false" sap:deletable="false" sap:content-version="1"><End EntitySet="SAP__MyDocumentDescriptions" Role="FromRole_to_coverpage"/><End EntitySet="SAP__CoverPageSet" Role="ToRole_to_coverpage"/></AssociationSet><AssociationSet Name="assoc_E889AABBC79DCB94B5B8FA4CFFE016F4" Association="cds_zui_managesalesorder.assoc_E889AABBC79DCB94B5B8FA4CFFE016F4" sap:creatable="false" sap:updatable="false" sap:deletable="false" sap:content-version="1"><End EntitySet="SalesOrders" Role="FromRole_assoc_E889AABBC79DCB94B5B8FA4CFFE016F4"/><End EntitySet="CustomerPaymentTerms" Role="ToRole_assoc_E889AABBC79DCB94B5B8FA4CFFE016F4"/></AssociationSet><AssociationSet Name="assoc_FE03EE2496DDDD14B1C6E4E2BF85609E" Association="cds_zui_managesalesorder.assoc_FE03EE2496DDDD14B1C6E4E2BF85609E" sap:creatable="false" sap:updatable="false" sap:deletable="false" sap:content-version="1"><End EntitySet="SalesOrders" Role="FromRole_assoc_FE03EE2496DDDD14B1C6E4E2BF85609E"/><End EntitySet="SalesOffice" Role="ToRole_assoc_FE03EE2496DDDD14B1C6E4E2BF85609E"/></AssociationSet><AssociationSet Name="assoc_C6893A412C66F84A2FBCC90CF4C4FE16" Association="cds_zui_managesalesorder.assoc_C6893A412C66F84A2FBCC90CF4C4FE16" sap:creatable="false" sap:updatable="false" sap:deletable="false" sap:content-version="1"><End EntitySet="SalesOrders" Role="FromRole_assoc_C6893A412C66F84A2FBCC90CF4C4FE16"/><End EntitySet="SDDocumentReason" Role="ToRole_assoc_C6893A412C66F84A2FBCC90CF4C4FE16"/></AssociationSet></EntityContainer><Annotations Target="cds_zui_managesalesorder.SalesOrdersType/OrganizationDivision" xmlns="http://docs.oasis-open.org/odata/ns/edm"><Annotation Term="Common.ValueList"><Record><PropertyValue Property="Label" String="Division"/><PropertyValue Property="CollectionPath" String="OrganizationDivision"/><PropertyValue Property="SearchSupported" Bool="true"/><PropertyValue Property="Parameters"><Collection><Record Type="Common.ValueListParameterInOut"><PropertyValue Property="LocalDataProperty" PropertyPath="OrganizationDivision"/><PropertyValue Property="ValueListProperty" String="Division"/></Record><Record Type="Common.ValueListParameterDisplayOnly"><PropertyValue Property="ValueListProperty" String="Division_Text"/></Record><Record Type="Common.ValueListParameterDisplayOnly"><PropertyValue Property="ValueListProperty" String="DivisionOID"/></Record></Collection></PropertyValue></Record></Annotation></Annotations><Annotations Target="cds_zui_managesalesorder.SalesOrdersType/BusinessEntity" xmlns="http://docs.oasis-open.org/odata/ns/edm"><Annotation Term="Common.ValueList"><Record><PropertyValue Property="Label" String="Business Entity"/><PropertyValue Property="CollectionPath" String="BusinessEntityVH"/><PropertyValue Property="SearchSupported" Bool="true"/><PropertyValue Property="FetchValues" Int="1"/><PropertyValue Property="Parameters"><Collection><Record Type="Common.ValueListParameterInOut"><PropertyValue Property="LocalDataProperty" PropertyPath="BusinessEntity"/><PropertyValue Property="ValueListProperty" String="BusinessEntity"/><Annotation Term="UI.Importance" EnumMember="UI.ImportanceType/High"/></Record><Record Type="Common.ValueListParameterDisplayOnly"><PropertyValue Property="ValueListProperty" String="Description"/><Annotation Term="UI.Importance" EnumMember="UI.ImportanceType/High"/></Record></Collection></PropertyValue></Record></Annotation></Annotations><Annotations Target="cds_zui_managesalesorder.SalesOrdersType/SalesDocumentType" xmlns="http://docs.oasis-open.org/odata/ns/edm"><Annotation Term="Common.ValueListForValidation" String=""/></Annotations><Annotations Target="cds_zui_managesalesorder.SalesOrdersType/SoldToParty" xmlns="http://docs.oasis-open.org/odata/ns/edm"><Annotation Term="Common.SemanticObject" String="Customer"/><Annotation Term="Common.SemanticObjectMapping"><Collection><Record><PropertyValue Property="LocalProperty" PropertyPath="SoldToParty"/><PropertyValue Property="SemanticObjectProperty" String="Customer"/></Record></Collection></Annotation></Annotations><Annotations Target="cds_zui_managesalesorder.SalesOrdersType/BillingBlock" xmlns="http://docs.oasis-open.org/odata/ns/edm"><Annotation Term="Common.ValueList"><Record><PropertyValue Property="Label" String="Billing Block"/><PropertyValue Property="CollectionPath" String="BillingBlockReason"/><PropertyValue Property="SearchSupported" Bool="true"/><PropertyValue Property="Parameters"><Collection><Record Type="Common.ValueListParameterInOut"><PropertyValue Property="LocalDataProperty" PropertyPath="BillingBlock"/><PropertyValue Property="ValueListProperty" String="BillingBlockReason"/></Record><Record Type="Common.ValueListParameterDisplayOnly"><PropertyValue Property="ValueListProperty" String="BillingBlockReason_Text"/></Record></Collection></PropertyValue></Record></Annotation></Annotations><Annotations Target="cds_zui_managesalesorder.SalesOrdersType/BillingBlockStatus" xmlns="http://docs.oasis-open.org/odata/ns/edm"><Annotation Term="Common.ValueList"><Record><PropertyValue Property="Label" String="Billing Block Status"/><PropertyValue Property="CollectionPath" String="OverallBillingBlockStatus"/><PropertyValue Property="SearchSupported" Bool="true"/><PropertyValue Property="Parameters"><Collection><Record Type="Common.ValueListParameterInOut"><PropertyValue Property="LocalDataProperty" PropertyPath="BillingBlockStatus"/><PropertyValue Property="ValueListProperty" String="OverallBillingBlockStatus"/></Record><Record Type="Common.ValueListParameterDisplayOnly"><PropertyValue Property="ValueListProperty" String="OverallBillingBlockStatus_Text"/></Record></Collection></PropertyValue></Record></Annotation></Annotations><Annotations Target="cds_zui_managesalesorder.SalesOrdersType/OverallStatus" xmlns="http://docs.oasis-open.org/odata/ns/edm"><Annotation Term="Common.ValueList"><Record><PropertyValue Property="Label" String="Overall Status"/><PropertyValue Property="CollectionPath" String="OverallSDProcessStatus"/><PropertyValue Property="SearchSupported" Bool="true"/><PropertyValue Property="Parameters"><Collection><Record Type="Common.ValueListParameterInOut"><PropertyValue Property="LocalDataProperty" PropertyPath="OverallStatus"/><PropertyValue Property="ValueListProperty" String="OverallSDProcessStatus"/></Record><Record Type="Common.ValueListParameterDisplayOnly"><PropertyValue Property="ValueListProperty" String="OverallSDProcessStatus_Text"/></Record></Collection></PropertyValue></Record></Annotation></Annotations><Annotations Target="cds_zui_managesalesorder.SalesOrdersType/PaymentTerms" xmlns="http://docs.oasis-open.org/odata/ns/edm"><Annotation Term="Common.ValueListForValidation" String=""/><Annotation Term="Common.ValueList"><Record><PropertyValue Property="Label" String="Terms of Payment"/><PropertyValue Property="CollectionPath" String="CustomerPaymentTerms"/><PropertyValue Property="SearchSupported" Bool="true"/><PropertyValue Property="Parameters"><Collection><Record Type="Common.ValueListParameterInOut"><PropertyValue Property="LocalDataProperty" PropertyPath="PaymentTerms"/><PropertyValue Property="ValueListProperty" String="CustomerPaymentTerms"/></Record><Record Type="Common.ValueListParameterDisplayOnly"><PropertyValue Property="ValueListProperty" String="CustomerPaymentTerms_Text"/></Record></Collection></PropertyValue></Record></Annotation></Annotations><Annotations Target="cds_zui_managesalesorder.SalesOrdersType/LeadBrand" xmlns="http://docs.oasis-open.org/odata/ns/edm"><Annotation Term="Common.ValueList"><Record><PropertyValue Property="Label" String="Lead Brand"/><PropertyValue Property="CollectionPath" String="LeadBrandVH"/><PropertyValue Property="SearchSupported" Bool="true"/><PropertyValue Property="FetchValues" Int="1"/><PropertyValue Property="Parameters"><Collection><Record Type="Common.ValueListParameterInOut"><PropertyValue Property="LocalDataProperty" PropertyPath="LeadBrand"/><PropertyValue Property="ValueListProperty" String="LeadBrand"/><Annotation Term="UI.Importance" EnumMember="UI.ImportanceType/High"/></Record><Record Type="Common.ValueListParameterDisplayOnly"><PropertyValue Property="ValueListProperty" String="DivisionDescription"/><Annotation Term="UI.Importance" EnumMember="UI.ImportanceType/High"/></Record></Collection></PropertyValue></Record></Annotation></Annotations><Annotations Target="cds_zui_managesalesorder.cds_zui_managesalesorder_Entities" xmlns="http://docs.oasis-open.org/odata/ns/edm"><Annotation Term="Common.ApplyMultiUnitBehaviorForSortingAndFiltering" Bool="true"/></Annotations><Annotations Target="cds_zui_managesalesorder.cds_zui_managesalesorder_Entities/DistributionChannel" xmlns="http://docs.oasis-open.org/odata/ns/edm"><Annotation Term="Capabilities.FilterRestrictions"><Record><PropertyValue Property="NonFilterableProperties"><Collection><PropertyPath>DistributionChannelOID</PropertyPath></Collection></PropertyValue></Record></Annotation><Annotation Term="Capabilities.SortRestrictions"><Record><PropertyValue Property="NonSortableProperties"><Collection><PropertyPath>DistributionChannelOID</PropertyPath></Collection></PropertyValue></Record></Annotation></Annotations><Annotations Target="cds_zui_managesalesorder.cds_zui_managesalesorder_Entities/OrganizationDivision" xmlns="http://docs.oasis-open.org/odata/ns/edm"><Annotation Term="Capabilities.FilterRestrictions"><Record><PropertyValue Property="NonFilterableProperties"><Collection><PropertyPath>DivisionOID</PropertyPath></Collection></PropertyValue></Record></Annotation><Annotation Term="Capabilities.SortRestrictions"><Record><PropertyValue Property="NonSortableProperties"><Collection><PropertyPath>DivisionOID</PropertyPath></Collection></PropertyValue></Record></Annotation></Annotations><Annotations Target="cds_zui_managesalesorder.cds_zui_managesalesorder_Entities/SalesOrders" xmlns="http://docs.oasis-open.org/odata/ns/edm"><Annotation Term="Capabilities.FilterRestrictions"><Record><PropertyValue Property="FilterExpressionRestrictions"><Collection><Record><PropertyValue Property="Property" PropertyPath="CreatedOn"/><PropertyValue Property="AllowedExpressions" String="SingleRange"/></Record><Record><PropertyValue Property="Property" PropertyPath="BillingDate"/><PropertyValue Property="AllowedExpressions" String="SingleRange"/></Record><Record><PropertyValue Property="Property" PropertyPath="RequestedDeliveryDate"/><PropertyValue Property="AllowedExpressions" String="SingleRange"/></Record></Collection></PropertyValue></Record></Annotation><Annotation Term="Capabilities.NavigationRestrictions"><Record><PropertyValue Property="RestrictedProperties"><Collection><Record><PropertyValue Property="NavigationProperty" NavigationPropertyPath="to_BusinessEntity"/><PropertyValue Property="InsertRestrictions"><Record><PropertyValue Property="Insertable" Bool="false"/></Record></PropertyValue><PropertyValue Property="SortRestrictions"><Record><PropertyValue Property="Sortable" Bool="false"/></Record></PropertyValue><PropertyValue Property="FilterRestrictions"><Record><PropertyValue Property="Filterable" Bool="false"/></Record></PropertyValue></Record><Record><PropertyValue Property="NavigationProperty" NavigationPropertyPath="to_CustomerPaymentTerms"/><PropertyValue Property="InsertRestrictions"><Record><PropertyValue Property="Insertable" Bool="false"/></Record></PropertyValue><PropertyValue Property="SortRestrictions"><Record><PropertyValue Property="Sortable" Bool="false"/></Record></PropertyValue><PropertyValue Property="FilterRestrictions"><Record><PropertyValue Property="Filterable" Bool="false"/></Record></PropertyValue></Record><Record><PropertyValue Property="NavigationProperty" NavigationPropertyPath="to_DistributionChannel"/><PropertyValue Property="InsertRestrictions"><Record><PropertyValue Property="Insertable" Bool="false"/></Record></PropertyValue><PropertyValue Property="SortRestrictions"><Record><PropertyValue Property="Sortable" Bool="false"/></Record></PropertyValue><PropertyValue Property="FilterRestrictions"><Record><PropertyValue Property="Filterable" Bool="false"/></Record></PropertyValue></Record><Record><PropertyValue Property="NavigationProperty" NavigationPropertyPath="to_HeaderBillingBlockReason"/><PropertyValue Property="InsertRestrictions"><Record><PropertyValue Property="Insertable" Bool="false"/></Record></PropertyValue><PropertyValue Property="SortRestrictions"><Record><PropertyValue Property="Sortable" Bool="false"/></Record></PropertyValue><PropertyValue Property="FilterRestrictions"><Record><PropertyValue Property="Filterable" Bool="false"/></Record></PropertyValue></Record><Record><PropertyValue Property="NavigationProperty" NavigationPropertyPath="to_Incoterms"/><PropertyValue Property="InsertRestrictions"><Record><PropertyValue Property="Insertable" Bool="false"/></Record></PropertyValue><PropertyValue Property="SortRestrictions"><Record><PropertyValue Property="Sortable" Bool="false"/></Record></PropertyValue><PropertyValue Property="FilterRestrictions"><Record><PropertyValue Property="Filterable" Bool="false"/></Record></PropertyValue></Record><Record><PropertyValue Property="NavigationProperty" NavigationPropertyPath="to_LeadBrand"/><PropertyValue Property="InsertRestrictions"><Record><PropertyValue Property="Insertable" Bool="false"/></Record></PropertyValue><PropertyValue Property="SortRestrictions"><Record><PropertyValue Property="Sortable" Bool="false"/></Record></PropertyValue><PropertyValue Property="FilterRestrictions"><Record><PropertyValue Property="Filterable" Bool="false"/></Record></PropertyValue></Record><Record><PropertyValue Property="NavigationProperty" NavigationPropertyPath="to_OrganizationDivision"/><PropertyValue Property="InsertRestrictions"><Record><PropertyValue Property="Insertable" Bool="false"/></Record></PropertyValue><PropertyValue Property="SortRestrictions"><Record><PropertyValue Property="Sortable" Bool="false"/></Record></PropertyValue><PropertyValue Property="FilterRestrictions"><Record><PropertyValue Property="Filterable" Bool="false"/></Record></PropertyValue></Record><Record><PropertyValue Property="NavigationProperty" NavigationPropertyPath="to_OverallBillingBlockStatus"/><PropertyValue Property="InsertRestrictions"><Record><PropertyValue Property="Insertable" Bool="false"/></Record></PropertyValue><PropertyValue Property="SortRestrictions"><Record><PropertyValue Property="Sortable" Bool="false"/></Record></PropertyValue><PropertyValue Property="FilterRestrictions"><Record><PropertyValue Property="Filterable" Bool="false"/></Record></PropertyValue></Record><Record><PropertyValue Property="NavigationProperty" NavigationPropertyPath="to_OverallSDProcessStatus"/><PropertyValue Property="InsertRestrictions"><Record><PropertyValue Property="Insertable" Bool="false"/></Record></PropertyValue><PropertyValue Property="SortRestrictions"><Record><PropertyValue Property="Sortable" Bool="false"/></Record></PropertyValue><PropertyValue Property="FilterRestrictions"><Record><PropertyValue Property="Filterable" Bool="false"/></Record></PropertyValue></Record><Record><PropertyValue Property="NavigationProperty" NavigationPropertyPath="to_Person"/><PropertyValue Property="InsertRestrictions"><Record><PropertyValue Property="Insertable" Bool="false"/></Record></PropertyValue><PropertyValue Property="SortRestrictions"><Record><PropertyValue Property="Sortable" Bool="false"/></Record></PropertyValue><PropertyValue Property="FilterRestrictions"><Record><PropertyValue Property="Filterable" Bool="false"/></Record></PropertyValue></Record><Record><PropertyValue Property="NavigationProperty" NavigationPropertyPath="to_SDDocumentReason"/><PropertyValue Property="InsertRestrictions"><Record><PropertyValue Property="Insertable" Bool="false"/></Record></PropertyValue><PropertyValue Property="SortRestrictions"><Record><PropertyValue Property="Sortable" Bool="false"/></Record></PropertyValue><PropertyValue Property="FilterRestrictions"><Record><PropertyValue Property="Filterable" Bool="false"/></Record></PropertyValue></Record><Record><PropertyValue Property="NavigationProperty" NavigationPropertyPath="to_SalesOffice"/><PropertyValue Property="InsertRestrictions"><Record><PropertyValue Property="Insertable" Bool="false"/></Record></PropertyValue><PropertyValue Property="SortRestrictions"><Record><PropertyValue Property="Sortable" Bool="false"/></Record></PropertyValue><PropertyValue Property="FilterRestrictions"><Record><PropertyValue Property="Filterable" Bool="false"/></Record></PropertyValue></Record><Record><PropertyValue Property="NavigationProperty" NavigationPropertyPath="to_SalesOrderType"/><PropertyValue Property="InsertRestrictions"><Record><PropertyValue Property="Insertable" Bool="false"/></Record></PropertyValue><PropertyValue Property="SortRestrictions"><Record><PropertyValue Property="Sortable" Bool="false"/></Record></PropertyValue><PropertyValue Property="FilterRestrictions"><Record><PropertyValue Property="Filterable" Bool="false"/></Record></PropertyValue></Record><Record><PropertyValue Property="NavigationProperty" NavigationPropertyPath="to_SalesOrganization"/><PropertyValue Property="InsertRestrictions"><Record><PropertyValue Property="Insertable" Bool="false"/></Record></PropertyValue><PropertyValue Property="SortRestrictions"><Record><PropertyValue Property="Sortable" Bool="false"/></Record></PropertyValue><PropertyValue Property="FilterRestrictions"><Record><PropertyValue Property="Filterable" Bool="false"/></Record></PropertyValue></Record></Collection></PropertyValue></Record></Annotation></Annotations><Annotations Target="cds_zui_managesalesorder.BillingBlockReasonType" xmlns="http://docs.oasis-open.org/odata/ns/edm"><Annotation Term="Common.SAPObjectNodeType"><Record><PropertyValue Property="Name" String="BillingBlockReason"/></Record></Annotation></Annotations><Annotations Target="cds_zui_managesalesorder.BillingBlockStatusType" xmlns="http://docs.oasis-open.org/odata/ns/edm"><Annotation Term="Common.SAPObjectNodeType"><Record><PropertyValue Property="Name" String="BillingBlockStatus"/></Record></Annotation></Annotations><Annotations Target="cds_zui_managesalesorder.DistributionChannelType" xmlns="http://docs.oasis-open.org/odata/ns/edm"><Annotation Term="Common.SAPObjectNodeType"><Record><PropertyValue Property="Name" String="DistributionChannel"/></Record></Annotation></Annotations><Annotations Target="cds_zui_managesalesorder.IncotermsClassificationType" xmlns="http://docs.oasis-open.org/odata/ns/edm"><Annotation Term="Common.SAPObjectNodeType"><Record><PropertyValue Property="Name" String="IncotermsClassification"/></Record></Annotation></Annotations><Annotations Target="cds_zui_managesalesorder.OrganizationDivisionType" xmlns="http://docs.oasis-open.org/odata/ns/edm"><Annotation Term="Common.SAPObjectNodeType"><Record><PropertyValue Property="Name" String="Division"/></Record></Annotation></Annotations><Annotations Target="cds_zui_managesalesorder.OverallSDProcessStatusType" xmlns="http://docs.oasis-open.org/odata/ns/edm"><Annotation Term="Common.SAPObjectNodeType"><Record><PropertyValue Property="Name" String="OverallSDProcessStatus"/></Record></Annotation></Annotations><Annotations Target="cds_zui_managesalesorder.SDDocumentReasonType" xmlns="http://docs.oasis-open.org/odata/ns/edm"><Annotation Term="Common.SAPObjectNodeType"><Record><PropertyValue Property="Name" String="SalesDocumentReason"/></Record></Annotation></Annotations><Annotations Target="cds_zui_managesalesorder.SalesOrderTypeType" xmlns="http://docs.oasis-open.org/odata/ns/edm"><Annotation Term="Common.SAPObjectNodeType"><Record><PropertyValue Property="Name" String="SalesOrderType"/></Record></Annotation></Annotations><Annotations Target="cds_zui_managesalesorder.C_SoldToSalesAreaVHType" xmlns="http://docs.oasis-open.org/odata/ns/edm"><Annotation Term="Communication.Contact"><Record><PropertyValue Property="fn" Path="CustomerName"/><PropertyValue Property="adr"><Collection><Record><PropertyValue Property="type" EnumMember="Communication.ContactInformationType/preferred"/><PropertyValue Property="locality" Path="CityName"/><PropertyValue Property="street" Path="StreetName"/><PropertyValue Property="country" Path="Country"/><PropertyValue Property="code" Path="PostalCode"/></Record></Collection></PropertyValue></Record></Annotation><Annotation Term="Communication.Address" Qualifier="pref"><Record><PropertyValue Property="type" EnumMember="Communication.ContactInformationType/preferred"/><PropertyValue Property="locality" Path="CityName"/><PropertyValue Property="street" Path="StreetName"/><PropertyValue Property="country" Path="Country"/><PropertyValue Property="code" Path="PostalCode"/></Record></Annotation></Annotations><Annotations Target="cds_zui_managesalesorder.SoldToValueHelpType" xmlns="http://docs.oasis-open.org/odata/ns/edm"><Annotation Term="Communication.Contact"><Record><PropertyValue Property="fn" Path="CustomerName"/><PropertyValue Property="adr"><Collection><Record><PropertyValue Property="type" EnumMember="Communication.ContactInformationType/preferred"/><PropertyValue Property="locality" Path="CityName"/><PropertyValue Property="street" Path="StreetName"/><PropertyValue Property="country" Path="Country"/><PropertyValue Property="code" Path="PostalCode"/></Record></Collection></PropertyValue><PropertyValue Property="tel"><Collection><Record><PropertyValue Property="type" EnumMember="Communication.PhoneType/cell"/><PropertyValue Property="uri" Path="InternationalMobilePhoneNumber"/></Record><Record><PropertyValue Property="type" EnumMember="Communication.PhoneType/work Communication.PhoneType/preferred"/><PropertyValue Property="uri" Path="InternationalPhoneNumber"/></Record></Collection></PropertyValue><PropertyValue Property="email"><Collection><Record><PropertyValue Property="type" EnumMember="Communication.ContactInformationType/work"/><PropertyValue Property="address" Path="EmailAddress"/></Record></Collection></PropertyValue></Record></Annotation><Annotation Term="Communication.Address" Qualifier="pref"><Record><PropertyValue Property="type" EnumMember="Communication.ContactInformationType/preferred"/><PropertyValue Property="locality" Path="CityName"/><PropertyValue Property="street" Path="StreetName"/><PropertyValue Property="country" Path="Country"/><PropertyValue Property="code" Path="PostalCode"/></Record></Annotation></Annotations><Annotations Target="cds_zui_managesalesorder.ZC_EndCustomerVHType" xmlns="http://docs.oasis-open.org/odata/ns/edm"><Annotation Term="Communication.Contact"><Record><PropertyValue Property="fn" Path="CustomerName"/><PropertyValue Property="adr"><Collection><Record><PropertyValue Property="type" EnumMember="Communication.ContactInformationType/preferred"/><PropertyValue Property="locality" Path="CityName"/><PropertyValue Property="street" Path="StreetName"/><PropertyValue Property="country" Path="Country"/><PropertyValue Property="code" Path="PostalCode"/></Record></Collection></PropertyValue></Record></Annotation><Annotation Term="Communication.Address" Qualifier="pref"><Record><PropertyValue Property="type" EnumMember="Communication.ContactInformationType/preferred"/><PropertyValue Property="locality" Path="CityName"/><PropertyValue Property="street" Path="StreetName"/><PropertyValue Property="country" Path="Country"/><PropertyValue Property="code" Path="PostalCode"/></Record></Annotation></Annotations><Annotations Target="cds_zui_managesalesorder.ZC_INSTALLATVHType" xmlns="http://docs.oasis-open.org/odata/ns/edm"><Annotation Term="Communication.Contact"><Record><PropertyValue Property="fn" Path="CustomerName"/><PropertyValue Property="adr"><Collection><Record><PropertyValue Property="type" EnumMember="Communication.ContactInformationType/preferred"/><PropertyValue Property="locality" Path="CityName"/><PropertyValue Property="street" Path="StreetName"/><PropertyValue Property="country" Path="Country"/><PropertyValue Property="code" Path="PostalCode"/></Record></Collection></PropertyValue></Record></Annotation><Annotation Term="Communication.Address" Qualifier="pref"><Record><PropertyValue Property="type" EnumMember="Communication.ContactInformationType/preferred"/><PropertyValue Property="locality" Path="CityName"/><PropertyValue Property="street" Path="StreetName"/><PropertyValue Property="country" Path="Country"/><PropertyValue Property="code" Path="PostalCode"/></Record></Annotation></Annotations><Annotations Target="cds_zui_managesalesorder.SoldToValueHelpType/EmailAddress" xmlns="http://docs.oasis-open.org/odata/ns/edm"><Annotation Term="Communication.IsEmailAddress"/></Annotations><Annotations Target="cds_zui_managesalesorder.SoldToValueHelpType/InternationalPhoneNumber" xmlns="http://docs.oasis-open.org/odata/ns/edm"><Annotation Term="Communication.IsPhoneNumber"/></Annotations><Annotations Target="cds_zui_managesalesorder.SoldToValueHelpType/InternationalMobilePhoneNumber" xmlns="http://docs.oasis-open.org/odata/ns/edm"><Annotation Term="Communication.IsPhoneNumber"/></Annotations><Annotations Target="cds_zui_managesalesorder.SalesOrdersType/SalesDocument" xmlns="http://docs.oasis-open.org/odata/ns/edm"><Annotation Term="Common.SemanticObject" String="SalesDocument"/></Annotations><Annotations Target="cds_zui_managesalesorder.cds_zui_managesalesorder_Entities" xmlns="http://docs.oasis-open.org/odata/ns/edm"><Annotation Term="Org.OData.Capabilities.V1.BatchSupport"><Record Type="Org.OData.Capabilities.V1.BatchSupportType"><PropertyValue Property="ReferencesAcrossChangeSetsSupported" Bool="true"/></Record></Annotation><Annotation Term="SAP__CodeList.CurrencyCodes"><Record><PropertyValue Property="Url" String="./$metadata"/><PropertyValue Property="CollectionPath" String="SAP__Currencies"/></Record></Annotation><Annotation Term="SAP__CodeList.UnitsOfMeasure"><Record><PropertyValue Property="Url" String="./$metadata"/><PropertyValue Property="CollectionPath" String="SAP__UnitsOfMeasure"/></Record></Annotation><Annotation Term="SAP__PDF.Features"><Record><PropertyValue Property="DocumentDescriptionReference" String="./$metadata"/><PropertyValue Property="DocumentDescriptionCollection" String="SAP__MyDocumentDescriptions"/><PropertyValue Property="ArchiveFormat" Bool="true"/><PropertyValue Property="CoverPage" Bool="true"/><PropertyValue Property="Signature" Bool="true"/><PropertyValue Property="FitToPage" Bool="true"/><PropertyValue Property="FontName" Bool="true"/><PropertyValue Property="FontSize" Bool="true"/><PropertyValue Property="Margin" Bool="true"/><PropertyValue Property="Border" Bool="true"/><PropertyValue Property="ResultSizeDefault" Int="20000"/><PropertyValue Property="ResultSizeMaximum" Int="20000"/></Record></Annotation><Annotation Term="SAP__CodeList.SAP__DocumentDescription"><Record><PropertyValue Property="Url" String="./$metadata"/><PropertyValue Property="CollectionPath" String="SAP__MyDocumentDescriptions"/></Record></Annotation></Annotations><Annotations Target="cds_zui_managesalesorder.SAP__Currency/CurrencyCode" xmlns="http://docs.oasis-open.org/odata/ns/edm"><Annotation Term="SAP__common.Text" Path="Text"/><Annotation Term="SAP__common.UnitSpecificScale" Path="DecimalPlaces"/><Annotation Term="SAP__CodeList.StandardCode" Path="ISOCode"/></Annotations><Annotations Target="cds_zui_managesalesorder.SAP__UnitOfMeasure/UnitCode" xmlns="http://docs.oasis-open.org/odata/ns/edm"><Annotation Term="SAP__common.Text" Path="Text"/><Annotation Term="SAP__common.UnitSpecificScale" Path="DecimalPlaces"/><Annotation Term="SAP__CodeList.StandardCode" Path="ISOCode"/><Annotation Term="SAP__CodeList.ExternalCode" Path="ExternalCode"/></Annotations><Annotations Target="cds_zui_managesalesorder.SAP__UnitOfMeasure" xmlns="http://docs.oasis-open.org/odata/ns/edm"><Annotation Term="SAP__core.AlternateKeys"><Collection><Record><PropertyValue Property="Key"><Collection><Record><PropertyValue Property="Name" Path="ExternalCode"/><PropertyValue Property="Alias" String="ExternalCode"/></Record></Collection></PropertyValue></Record></Collection></Annotation></Annotations><Annotations Target="cds_zui_managesalesorder.SAP__DocumentDescription/CreatedBy" xmlns="http://docs.oasis-open.org/odata/ns/edm"><Annotation Term="SAP__core.Computed"/></Annotations><Annotations Target="cds_zui_managesalesorder.SAP__DocumentDescription/CreatedAt" xmlns="http://docs.oasis-open.org/odata/ns/edm"><Annotation Term="SAP__core.Computed"/></Annotations><Annotations Target="cds_zui_managesalesorder.SAP__DocumentDescription" xmlns="http://docs.oasis-open.org/odata/ns/edm"><Annotation Term="SAP__capabilties.InsertRestrictions"><Record><PropertyValue Property="Insertable" Bool="false"/></Record></Annotation><Annotation Term="SAP__capabilties.UpdateRestrictions"><Record><PropertyValue Property="Updatable" Bool="false"/><PropertyValue Property="QueryOptions"><Record><PropertyValue Property="SelectSupported" Bool="true"/></Record></PropertyValue></Record></Annotation><Annotation Term="SAP__capabilties.DeleteRestrictions"><Record><PropertyValue Property="Deletable" Bool="false"/></Record></Annotation><Annotation Term="SAP__capabilties.FilterRestrictions"><Record><PropertyValue Property="FilterExpressionRestrictions"><Collection><Record><PropertyValue Property="Property" PropertyPath="Format/Orientation"/><PropertyValue Property="AllowedExpressions" String="Multivalue"/></Record><Record><PropertyValue Property="Property" PropertyPath="Format/PaperSize"/><PropertyValue Property="AllowedExpressions" String="Multivalue"/></Record></Collection></PropertyValue></Record></Annotation></Annotations><Annotations Target="cds_zui_managesalesorder.SAP__Format/FitToPage/ErrorRecoveryBehavior" xmlns="http://docs.oasis-open.org/odata/ns/edm"><Annotation Term="SAP__common.ValueListReferences"><Record><PropertyValue Property="Url" String="./$metadata"/><PropertyValue Property="CollectionPath" String="../../../../SAP__ValueHelpSet?$filter=VALUEHELP%20eq%20%27ErrorRecoveryBehaviour%27"/></Record></Annotation><Annotation Term="SAP__common.ValueListWithFixedValues"/></Annotations><Annotations Target="cds_zui_managesalesorder.SAP__Format/FontName" xmlns="http://docs.oasis-open.org/odata/ns/edm"><Annotation Term="SAP__common.ValueListReferences"><Record><PropertyValue Property="Url" String="./$metadata"/><PropertyValue Property="CollectionPath" String="SAP__ValueHelpSet?$filter=VALUEHELP%20eq%20%27FontName%27"/></Record></Annotation><Annotation Term="SAP__common.ValueListWithFixedValues"/></Annotations><Annotations Target="cds_zui_managesalesorder.SAP__Format/PaperSize" xmlns="http://docs.oasis-open.org/odata/ns/edm"><Annotation Term="SAP__common.ValueListReferences"><Record><PropertyValue Property="Url" String="./$metadata"/><PropertyValue Property="CollectionPath" String="SAP__ValueHelpSet?$filter=VALUEHELP%20eq%20%27PaperSize%27"/></Record></Annotation><Annotation Term="SAP__common.ValueListWithFixedValues"/></Annotations><Annotations Target="cds_zui_managesalesorder.SAP__Format/Orientation" xmlns="http://docs.oasis-open.org/odata/ns/edm"><Annotation Term="SAP__common.ValueListReferences"><Record><PropertyValue Property="Url" String="./$metadata"/><PropertyValue Property="CollectionPath" String="SAP__ValueHelpSet?$filter=VALUEHELP%20eq%20%27FontName%27"/></Record></Annotation><Annotation Term="SAP__common.ValueListWithFixedValues"/></Annotations><Annotations Target="cds_zui_managesalesorder.SAP__TableColumns/HorizontalAlignment" xmlns="http://docs.oasis-open.org/odata/ns/edm"><Annotation Term="SAP__common.ValueListReferences"><Record><PropertyValue Property="Url" String="./$metadata"/><PropertyValue Property="CollectionPath" String="SAP__ValueHelpSet?$filter=VALUEHELP%20eq%20%27HorizontalAlignment%27"/></Record></Annotation><Annotation Term="SAP__common.ValueListWithFixedValues"/></Annotations><atom:link rel="self" href="https://IERP-ZC1.PCE.IBM.COM:44391/sap/opu/odata/sap/ZUI_MANAGESALESORDER/$metadata" xmlns:atom="http://www.w3.org/2005/Atom"/><atom:link rel="latest-version" href="https://IERP-ZC1.PCE.IBM.COM:44391/sap/opu/odata/sap/ZUI_MANAGESALESORDER/$metadata" xmlns:atom="http://www.w3.org/2005/Atom"/></Schema></edmx:DataServices></edmx:Edmx>