<?xml version="1.0" encoding="utf-8"?><edmx:Edmx Version="1.0" xmlns:edmx="http://schemas.microsoft.com/ado/2007/06/edmx" xmlns:m="http://schemas.microsoft.com/ado/2007/08/dataservices/metadata" xmlns:sap="http://www.sap.com/Protocols/SAPData"><edmx:Reference Uri="https://IERP-YC4.PCE.IBM.COM:44391/sap/opu/odata/iwfnd/catalogservice;v=2/Vocabularies(TechnicalName='%2FIWBEP%2FVOC_AGGREGATION',Version='0001',SAP__Origin='')/$value" xmlns:edmx="http://docs.oasis-open.org/odata/ns/edmx"><edmx:Include Namespace="Org.OData.Aggregation.V1" Alias="Aggregation"/></edmx:Reference><edmx:Reference Uri="https://IERP-YC4.PCE.IBM.COM:44391/sap/opu/odata/iwfnd/catalogservice;v=2/Vocabularies(TechnicalName='%2FIWBEP%2FVOC_ANALYTICS',Version='0001',SAP__Origin='')/$value" xmlns:edmx="http://docs.oasis-open.org/odata/ns/edmx"><edmx:Include Namespace="com.sap.vocabularies.Analytics.v1" Alias="Analytics"/></edmx:Reference><edmx:Reference Uri="https://IERP-YC4.PCE.IBM.COM:44391/sap/opu/odata/iwfnd/catalogservice;v=2/Vocabularies(TechnicalName='%2FIWBEP%2FVOC_CAPABILITIES',Version='0001',SAP__Origin='')/$value" xmlns:edmx="http://docs.oasis-open.org/odata/ns/edmx"><edmx:Include Namespace="Org.OData.Capabilities.V1" Alias="Capabilities"/></edmx:Reference><edmx:Reference Uri="https://IERP-YC4.PCE.IBM.COM:44391/sap/opu/odata/iwfnd/catalogservice;v=2/Vocabularies(TechnicalName='%2FIWBEP%2FVOC_CODELIST',Version='0001',SAP__Origin='')/$value" xmlns:edmx="http://docs.oasis-open.org/odata/ns/edmx"><edmx:Include Namespace="com.sap.vocabularies.CodeList.v1" Alias="SAP__CodeList"/></edmx:Reference><edmx:Reference Uri="https://IERP-YC4.PCE.IBM.COM:44391/sap/opu/odata/iwfnd/catalogservice;v=2/Vocabularies(TechnicalName='%2FIWBEP%2FVOC_COMMON',Version='0001',SAP__Origin='')/$value" xmlns:edmx="http://docs.oasis-open.org/odata/ns/edmx"><edmx:Include Namespace="com.sap.vocabularies.Common.v1" Alias="Common"/><edmx:Include Namespace="com.sap.vocabularies.Common.v1" Alias="SAP__common"/></edmx:Reference><edmx:Reference Uri="https://IERP-YC4.PCE.IBM.COM:44391/sap/opu/odata/iwfnd/catalogservice;v=2/Vocabularies(TechnicalName='%2FIWBEP%2FVOC_COMMUNICATION',Version='0001',SAP__Origin='')/$value" xmlns:edmx="http://docs.oasis-open.org/odata/ns/edmx"><edmx:Include Namespace="com.sap.vocabularies.Communication.v1" Alias="Communication"/></edmx:Reference><edmx:Reference Uri="https://IERP-YC4.PCE.IBM.COM:44391/sap/opu/odata/iwfnd/catalogservice;v=2/Vocabularies(TechnicalName='%2FIWBEP%2FVOC_CORE',Version='0001',SAP__Origin='')/$value" xmlns:edmx="http://docs.oasis-open.org/odata/ns/edmx"><edmx:Include Namespace="Org.OData.Core.V1" Alias="SAP__core"/></edmx:Reference><edmx:Reference Uri="https://IERP-YC4.PCE.IBM.COM:44391/sap/opu/odata/iwfnd/catalogservice;v=2/Vocabularies(TechnicalName='%2FIWBEP%2FVOC_MEASURES',Version='0001',SAP__Origin='')/$value" xmlns:edmx="http://docs.oasis-open.org/odata/ns/edmx"><edmx:Include Namespace="Org.OData.Measures.V1" Alias="Measures"/></edmx:Reference><edmx:Reference Uri="https://IERP-YC4.PCE.IBM.COM:44391/sap/opu/odata/iwfnd/catalogservice;v=2/Vocabularies(TechnicalName='%2FIWBEP%2FVOC_PDF',Version='0001',SAP__Origin='')/$value" xmlns:edmx="http://docs.oasis-open.org/odata/ns/edmx"><edmx:Include Namespace="com.sap.vocabularies.PDF.v1" Alias="SAP__PDF"/></edmx:Reference><edmx:Reference Uri="https://IERP-YC4.PCE.IBM.COM:44391/sap/opu/odata/iwfnd/catalogservice;v=2/Vocabularies(TechnicalName='%2FIWBEP%2FVOC_PERSONALDATA',Version='0001',SAP__Origin='')/$value" xmlns:edmx="http://docs.oasis-open.org/odata/ns/edmx"><edmx:Include Namespace="com.sap.vocabularies.PersonalData.v1" Alias="PersonalData"/></edmx:Reference><edmx:Reference Uri="https://IERP-YC4.PCE.IBM.COM:44391/sap/opu/odata/iwfnd/catalogservice;v=2/Vocabularies(TechnicalName='%2FIWBEP%2FVOC_UI',Version='0001',SAP__Origin='')/$value" xmlns:edmx="http://docs.oasis-open.org/odata/ns/edmx"><edmx:Include Namespace="com.sap.vocabularies.UI.v1" Alias="UI"/></edmx:Reference><edmx:Reference Uri="https://IERP-YC4.PCE.IBM.COM:44391/sap/opu/odata/iwfnd/catalogservice;v=2/Vocabularies(TechnicalName='%2FIWBEP%2FVOC_VALIDATION',Version='0001',SAP__Origin='')/$value" xmlns:edmx="http://docs.oasis-open.org/odata/ns/edmx"><edmx:Include Namespace="Org.OData.Validation.V1" Alias="Validation"/></edmx:Reference><edmx:Reference Uri="https://IERP-YC4.PCE.IBM.COM:44391/sap/opu/odata/iwfnd/catalogservice;v=2/Vocabularies(TechnicalName='SAP__SELF',Version='0001',SAP__Origin='')/$value" xmlns:edmx="http://docs.oasis-open.org/odata/ns/edmx"><edmx:Include Namespace="com.sap.vocabularies.PDF.v1" Alias="SAP__PDF"/></edmx:Reference><edmx:DataServices m:DataServiceVersion="2.0"><Schema Namespace="cds_zui_managesalesorder" xml:lang="en" sap:schema-version="1" xmlns="http://schemas.microsoft.com/ado/2008/09/edm"><Annotation Term="Core.SchemaVersion" String="1.0.0" xmlns="http://docs.oasis-open.org/odata/ns/edm"/><EntityType Name="ZC_DistChannelVHType" sap:label="Custom Distribution Channel VH" sap:value-list="true" sap:content-version="1"><Key><PropertyRef Name="SalesOrganization"/><PropertyRef Name="DistributionChannel"/></Key><Property Name="SalesOrganization" Type="Edm.String" Nullable="false" MaxLength="4" sap:display-format="UpperCase" sap:text="SalesOrganizationName" sap:label="Sales Organization"/><Property Name="DistributionChannel" Type="Edm.String" Nullable="false" MaxLength="2" sap:display-format="UpperCase" sap:text="DistributionChannelName" sap:label="Distribution Channel"/><Property Name="DistributionChannelName" Type="Edm.String" MaxLength="20" sap:label="Distribution Channel Description"/><Property Name="SalesOrganizationName" Type="Edm.String" MaxLength="20" sap:label="Sales Organization" sap:quickinfo="Sales Organization Description"/></EntityType><EntityType Name="ZC_OrderReasonVHType" sap:label="Custom Order Reason Value help" sap:value-list="true" sap:content-version="1"><Key><PropertyRef Name="SDDocumentReason"/><PropertyRef Name="Language"/></Key><Property Name="SDDocumentReason" Type="Edm.String" Nullable="false" MaxLength="3" sap:display-format="UpperCase" sap:label="Order Reason" sap:quickinfo="Order Reason (Reason for the Business Transaction)"/><Property Name="Language" Type="Edm.String" Nullable="false" MaxLength="2" sap:label="Language Key"/><Property Name="SDDocumentReasonText" Type="Edm.String" MaxLength="40" sap:label="Description"/></EntityType><EntityType Name="ZC_SalesOfficeVHType" sap:label="Custom Sales Office VH" sap:value-list="true" sap:content-version="1"><Key><PropertyRef Name="SalesOrganization"/><PropertyRef Name="DistributionChannel"/><PropertyRef Name="OrganizationDivision"/><PropertyRef Name="SalesOffice"/></Key><Property Name="SalesOrganization" Type="Edm.String" Nullable="false" MaxLength="4" sap:display-format="UpperCase" sap:label="Sales Organization"/><Property Name="DistributionChannel" Type="Edm.String" Nullable="false" MaxLength="2" sap:display-format="UpperCase" sap:label="Distribution Channel"/><Property Name="OrganizationDivision" Type="Edm.String" Nullable="false" MaxLength="2" sap:display-format="UpperCase" sap:label="Division"/><Property Name="SalesOffice" Type="Edm.String" Nullable="false" MaxLength="4" sap:display-format="UpperCase" sap:text="SalesOfficeName" sap:label="Sales Office"/><Property Name="SalesOfficeName" Type="Edm.String" MaxLength="20" sap:label="Sales Office Description"/><Property Name="SalesOrganizationName" Type="Edm.String" MaxLength="20" sap:label="Sales Organization" sap:quickinfo="Sales Organization Description"/><Property Name="DivisionName" Type="Edm.String" MaxLength="20" sap:label="Division" sap:quickinfo="Division Description"/><Property Name="DistributionChannelName" Type="Edm.String" MaxLength="20" sap:label="Distribution Channel" sap:quickinfo="Distribution Channel Description"/></EntityType><EntityType Name="ZC_SalesOrgVHType" sap:label="Custom Sales Org VH" sap:value-list="true" sap:content-version="1"><Key><PropertyRef Name="SalesOrganization"/></Key><Property Name="SalesOrganization" Type="Edm.String" Nullable="false" MaxLength="4" sap:display-format="UpperCase" sap:text="SalesOrganizationName" sap:label="Sales Organization"/><Property Name="SalesOrganizationName" Type="Edm.String" MaxLength="20" sap:label="Sales Organization Description"/></EntityType><EntityContainer Name="cds_zui_managesalesorder_Entities" m:IsDefaultEntityContainer="true" sap:message-scope-supported="true" sap:supported-formats="atom json xlsx pdf"><EntitySet Name="ZC_DistChannelVH" EntityType="cds_zui_managesalesorder.ZC_DistChannelVHType" sap:creatable="false" sap:updatable="false" sap:deletable="false" sap:searchable="true" sap:content-version="1"/><EntitySet Name="ZC_OrderReasonVH" EntityType="cds_zui_managesalesorder.ZC_OrderReasonVHType" sap:creatable="false" sap:updatable="false" sap:deletable="false" sap:searchable="true" sap:content-version="1"/><EntitySet Name="ZC_SalesOfficeVH" EntityType="cds_zui_managesalesorder.ZC_SalesOfficeVHType" sap:creatable="false" sap:updatable="false" sap:deletable="false" sap:searchable="true" sap:content-version="1"/><EntitySet Name="ZC_SalesOrgVH" EntityType="cds_zui_managesalesorder.ZC_SalesOrgVHType" sap:creatable="false" sap:updatable="false" sap:deletable="false" sap:searchable="true" sap:content-version="1"/></EntityContainer><Annotations Target="cds_zui_managesalesorder.SalesOrdersType/SalesOrganization" xmlns="http://docs.oasis-open.org/odata/ns/edm"><Annotation Term="Common.ValueList"><Record><PropertyValue Property="Label" String="Sales Organization"/><PropertyValue Property="CollectionPath" String="ZC_SalesOrgVH"/><PropertyValue Property="SearchSupported" Bool="true"/><PropertyValue Property="Parameters"><Collection><Record Type="Common.ValueListParameterInOut"><PropertyValue Property="LocalDataProperty" PropertyPath="SalesOrganization"/><PropertyValue Property="ValueListProperty" String="SalesOrganization"/><Annotation Term="UI.Importance" EnumMember="UI.ImportanceType/High"/></Record><Record Type="Common.ValueListParameterDisplayOnly"><PropertyValue Property="ValueListProperty" String="SalesOrganizationName"/><Annotation Term="UI.Importance" EnumMember="UI.ImportanceType/High"/></Record></Collection></PropertyValue></Record></Annotation></Annotations><Annotations Target="cds_zui_managesalesorder.SalesOrdersType/SalesOffice" xmlns="http://docs.oasis-open.org/odata/ns/edm"><Annotation Term="Common.ValueList"><Record><PropertyValue Property="Label" String="Sales Office"/><PropertyValue Property="CollectionPath" String="ZC_SalesOfficeVH"/><PropertyValue Property="SearchSupported" Bool="true"/><PropertyValue Property="FetchValues" Int="1"/><PropertyValue Property="Parameters"><Collection><Record Type="Common.ValueListParameterInOut"><PropertyValue Property="LocalDataProperty" PropertyPath="SalesOffice"/><PropertyValue Property="ValueListProperty" String="SalesOffice"/><Annotation Term="UI.Importance" EnumMember="UI.ImportanceType/High"/></Record><Record Type="Common.ValueListParameterDisplayOnly"><PropertyValue Property="ValueListProperty" String="SalesOfficeName"/><Annotation Term="UI.Importance" EnumMember="UI.ImportanceType/High"/></Record><Record Type="Common.ValueListParameterDisplayOnly"><PropertyValue Property="ValueListProperty" String="SalesOrganizationName"/><Annotation Term="UI.Importance" EnumMember="UI.ImportanceType/High"/></Record><Record Type="Common.ValueListParameterDisplayOnly"><PropertyValue Property="ValueListProperty" String="DistributionChannelName"/><Annotation Term="UI.Importance" EnumMember="UI.ImportanceType/High"/></Record><Record Type="Common.ValueListParameterDisplayOnly"><PropertyValue Property="ValueListProperty" String="DivisionName"/><Annotation Term="UI.Importance" EnumMember="UI.ImportanceType/High"/></Record><Record Type="Common.ValueListParameterInOut"><PropertyValue Property="LocalDataProperty" PropertyPath="SalesOrganization"/><PropertyValue Property="ValueListProperty" String="SalesOrganization"/></Record><Record Type="Common.ValueListParameterInOut"><PropertyValue Property="LocalDataProperty" PropertyPath="DistributionChannel"/><PropertyValue Property="ValueListProperty" String="DistributionChannel"/></Record></Collection></PropertyValue></Record></Annotation></Annotations><Annotations Target="cds_zui_managesalesorder.SalesOrdersType/OrderReason" xmlns="http://docs.oasis-open.org/odata/ns/edm"><Annotation Term="Common.ValueList"><Record><PropertyValue Property="Label" String="Order Reason"/><PropertyValue Property="DistinctValuesSupported" Bool="true"/><PropertyValue Property="CollectionPath" String="ZC_OrderReasonVH"/><PropertyValue Property="SearchSupported" Bool="true"/><PropertyValue Property="FetchValues" Int="1"/><PropertyValue Property="Parameters"><Collection><Record Type="Common.ValueListParameterInOut"><PropertyValue Property="LocalDataProperty" PropertyPath="OrderReason"/><PropertyValue Property="ValueListProperty" String="SDDocumentReason"/><Annotation Term="UI.Importance" EnumMember="UI.ImportanceType/High"/></Record><Record Type="Common.ValueListParameterDisplayOnly"><PropertyValue Property="ValueListProperty" String="SDDocumentReasonText"/><Annotation Term="UI.Importance" EnumMember="UI.ImportanceType/High"/></Record></Collection></PropertyValue></Record></Annotation></Annotations><Annotations Target="cds_zui_managesalesorder.SalesOrdersType/DistributionChannel" xmlns="http://docs.oasis-open.org/odata/ns/edm"><Annotation Term="Common.ValueList"><Record><PropertyValue Property="Label" String="Distribution Channel"/><PropertyValue Property="CollectionPath" String="ZC_DistChannelVH"/><PropertyValue Property="SearchSupported" Bool="true"/><PropertyValue Property="FetchValues" Int="1"/><PropertyValue Property="Parameters"><Collection><Record Type="Common.ValueListParameterDisplayOnly"><PropertyValue Property="ValueListProperty" String="SalesOrganizationName"/><Annotation Term="UI.Importance" EnumMember="UI.ImportanceType/High"/></Record><Record Type="Common.ValueListParameterInOut"><PropertyValue Property="LocalDataProperty" PropertyPath="DistributionChannel"/><PropertyValue Property="ValueListProperty" String="DistributionChannel"/><Annotation Term="UI.Importance" EnumMember="UI.ImportanceType/High"/></Record><Record Type="Common.ValueListParameterDisplayOnly"><PropertyValue Property="ValueListProperty" String="DistributionChannelName"/><Annotation Term="UI.Importance" EnumMember="UI.ImportanceType/High"/></Record><Record Type="Common.ValueListParameterInOut"><PropertyValue Property="LocalDataProperty" PropertyPath="SalesOrganization"/><PropertyValue Property="ValueListProperty" String="SalesOrganization"/></Record></Collection></PropertyValue></Record></Annotation></Annotations><atom:link rel="self" href="https://IERP-YC4.PCE.IBM.COM:44391/sap/opu/odata/sap/ZUI_MANAGESALESORDER/$metadata" xmlns:atom="http://www.w3.org/2005/Atom"/><atom:link rel="latest-version" href="https://IERP-YC4.PCE.IBM.COM:44391/sap/opu/odata/sap/ZUI_MANAGESALESORDER/$metadata" xmlns:atom="http://www.w3.org/2005/Atom"/></Schema></edmx:DataServices></edmx:Edmx>