<updates><delta-update windowid="sapwd_main_window"><control-update id="sapwd_main_window_hiddenArea_"><content><![CDATA[<div id="sapwd_main_window_hiddenArea_" ct="CO" lsdata='{}' class=""><div id="WD63" ct="LIB_PJS" lsdata='{"8":true,"19":"014","20":false,"22":"&#x5b;&#x7b;&#x5c;&#x22;Label&#x5c;&#x22;&#x3a;&#x5c;&#x22;&#x5c;&#x22;,&#x5c;&#x22;Length&#x5c;&#x22;&#x3a;3,&#x5c;&#x22;Type&#x5c;&#x22;&#x3a;&#x5c;&#x22;Key&#x5c;&#x22;,&#x5c;&#x22;Visibility&#x5c;&#x22;&#x3a;&#x5c;&#x22;NONE&#x5c;&#x22;&#x7d;,&#x7b;&#x5c;&#x22;Label&#x5c;&#x22;&#x3a;&#x5c;&#x22;Company&#x20;Code&#x5c;&#x22;,&#x5c;&#x22;Length&#x5c;&#x22;&#x3a;&#x5c;&#x22;100&#x5c;&#x22;,&#x5c;&#x22;Type&#x5c;&#x22;&#x3a;&#x5c;&#x22;Value&#x5c;&#x22;&#x7d;&#x5d;","24":"&#x5b;&#x5b;&#x5c;&#x22;&#x40;001_0147&#x5c;&#x22;,&#x5c;&#x22;0147&#x5c;&#x22;&#x5d;&#x5d;"}' class="lsListbox&#x20;lsListbox--popup&#x20;lsListbox--jsonpopup&#x20;lsListbox--suggest" tabindex="-1" ti="-1" role="listbox" aria-labelledby="&#x20;WD63-ariaempty"><span id="WD63-aria" title="" class="lsControl--invisible"></span><span class="lsControl--invisible" id="WD63-ariaempty">Empty</span><div id="WD63-scrl" class="lsListbox__items" tabindex="-1" ti="-1" data-sap-ls-style="height:10em;"></div></div></div>]]></content></control-update><script-call><![CDATA[application.exec("integrationSetDirtyFlag",{"dirtyFlag":"TRUE","controlId":"IHUB_WORKPROTECT","pluginId":"integration","windowId":"sapwd_main_window"});]]></script-call><script-call><![CDATA[application.exec("setSuggestFilterCondition",{"controlId":"WD62","filterCondition":"VALUE1"});]]></script-call><script-call><![CDATA[application.exec("openComboBox",{"controlId":"WD62"});]]></script-call><script-call><![CDATA[application.exec("applyCustomStyles",{"styleBlockId":"_WD_CF_BFA163E5F6E501ED4A8988110671400B5","customStyle":"\x5b\x5d"});]]></script-call><initialize-ids><![CDATA[<span id="UCF_InitializeIDs" data-sap-ls-style="display:none">[]</span>]]></initialize-ids></delta-update></updates>