<?xml version="1.0" encoding="utf-8"?><edmx:Edmx Version="4.0" xmlns:edmx="http://docs.oasis-open.org/odata/ns/edmx"><edmx:Reference Uri="../../catalogservice;v=2/Vocabularies(TechnicalName='%2FIWBEP%2FVOC_COMMON',Version='0001',SAP__Origin='')/$value"><edmx:Include Namespace="com.sap.vocabularies.Common.v1" Alias="Common"/></edmx:Reference><edmx:Reference Uri="../../catalogservice;v=2/Vocabularies(TechnicalName='%2FIWBEP%2FVOC_UI',Version='0001',SAP__Origin='')/$value"><edmx:Include Namespace="com.sap.vocabularies.UI.v1" Alias="UI"/></edmx:Reference><edmx:Reference Uri="../../catalogservice;v=2/Vocabularies(TechnicalName='%2FIWBEP%2FVOC_COMMUNICATION',Version='0001',SAP__Origin='')/$value"><edmx:Include Namespace="com.sap.vocabularies.Communication.v1" Alias="Communication"/></edmx:Reference><edmx:Reference Uri="../../catalogservice;v=2/Vocabularies(TechnicalName='%2FIWBEP%2FVOC_PERSONALDATA',Version='0001',SAP__Origin='')/$value"><edmx:Include Namespace="com.sap.vocabularies.PersonalData.v1" Alias="PersonalData"/></edmx:Reference><edmx:Reference Uri="../../catalogservice;v=2/Vocabularies(TechnicalName='%2FIWBEP%2FVOC_VALIDATION',Version='0001',SAP__Origin='')/$value"><edmx:Include Namespace="Org.OData.Validation.V1" Alias="Validation"/></edmx:Reference><edmx:Reference Uri="../../catalogservice;v=2/Vocabularies(TechnicalName='%2FIWBEP%2FVOC_ANALYTICS',Version='0001',SAP__Origin='')/$value"><edmx:Include Namespace="com.sap.vocabularies.Analytics.v1" Alias="Analytics"/></edmx:Reference><edmx:Reference Uri="../../catalogservice;v=2/Vocabularies(TechnicalName='%2FIWBEP%2FVOC_HTML5',Version='0001',SAP__Origin='')/$value"><edmx:Include Namespace="com.sap.vocabularies.HTML5.v1" Alias="HTML5"/></edmx:Reference><edmx:Reference Uri="../../../sap/sd_customer_invoices_manage/$metadata"><edmx:Include Namespace="SD_CUSTOMER_INVOICES_MANAGE" Alias="SAP"/></edmx:Reference><edmx:DataServices><Schema Namespace="sd_customer_invoices_ma_anno_mdl.v1" xmlns="http://docs.oasis-open.org/odata/ns/edm"><Annotations Target="SD_CUSTOMER_INVOICES_MANAGE.C_BillgSalesDocCatVHType"><Annotation Term="UI.HeaderInfo"><Record><PropertyValue Property="TypeName" String="Sales Document Category"/><PropertyValue Property="TypeNamePlural" String="Sales Document Categories"/></Record></Annotation></Annotations><Annotations Target="SD_CUSTOMER_INVOICES_MANAGE.C_BillingDocumentItem_F0797Type/BillingDocument"><Annotation Term="UI.Hidden"/></Annotations><Annotations Target="SD_CUSTOMER_INVOICES_MANAGE.C_BillingDocumentItem_F0797Type/OrganizationDivision"><Annotation Term="UI.Hidden"/></Annotations><Annotations Target="SD_CUSTOMER_INVOICES_MANAGE.C_BillingDocumentItem_F0797Type/MaterialGroup_Text"><Annotation Term="UI.Hidden"/></Annotations><Annotations Target="SD_CUSTOMER_INVOICES_MANAGE.C_BillingDocumentItem_F0797Type/Material"><Annotation Term="Common.SemanticObject" String="Material"/><Annotation Term="Common.SemanticObjectMapping"><Collection><Record><PropertyValue Property="LocalProperty" PropertyPath="Material"/><PropertyValue Property="SemanticObjectProperty" String="Material"/></Record></Collection></Annotation><Annotation Term="Common.Text" Path="to_Material/Material_Text"><Annotation Term="UI.TextArrangement" EnumMember="UI.TextArrangementType/TextFirst"/></Annotation></Annotations><Annotations Target="SD_CUSTOMER_INVOICES_MANAGE.C_BillingDocumentItem_F0797Type/BusinessSolutionOrder"><Annotation Term="Common.SemanticObject" String="BusinessSolutionOrder"/></Annotations><Annotations Target="SD_CUSTOMER_INVOICES_MANAGE.C_BillingDocumentItem_F0797Type/OriginallyRequestedMaterial"><Annotation Term="Common.SemanticObject" String="Material"/><Annotation Term="Common.SemanticObjectMapping"><Collection><Record><PropertyValue Property="LocalProperty" PropertyPath="OriginallyRequestedMaterial"/><PropertyValue Property="SemanticObjectProperty" String="Material"/></Record></Collection></Annotation></Annotations><Annotations Target="SD_CUSTOMER_INVOICES_MANAGE.C_BillingDocumentItem_F0797Type/PricingReferenceMaterial"><Annotation Term="Common.SemanticObject" String="Material"/><Annotation Term="Common.SemanticObjectMapping"><Collection><Record><PropertyValue Property="LocalProperty" PropertyPath="PricingReferenceMaterial"/><PropertyValue Property="SemanticObjectProperty" String="Material"/></Record></Collection></Annotation></Annotations><Annotations Target="SD_CUSTOMER_INVOICES_MANAGE.C_BillingDocumentItem_F0797Type/SubscrpnBillgSubscription"><Annotation Term="Common.SemanticObject" String="SbscrBilgSubscription"/></Annotations><Annotations Target="SD_CUSTOMER_INVOICES_MANAGE.C_BillingDocumentItem_F0797Type/BillingDocumentItem"><Annotation Term="Common.Text" Path="BillingDocumentItemText"><Annotation Term="UI.TextArrangement" EnumMember="UI.TextArrangementType/TextSeparate"/></Annotation></Annotations><Annotations Target="SD_CUSTOMER_INVOICES_MANAGE.C_BillingDocumentItem_F0797Type/MaterialGroup"><Annotation Term="Common.Text" Path="MaterialGroup_Text"><Annotation Term="UI.TextArrangement" EnumMember="UI.TextArrangementType/TextFirst"/></Annotation></Annotations><Annotations Target="SD_CUSTOMER_INVOICES_MANAGE.C_BillingDocumentItem_F0797Type"><Annotation Term="UI.QuickViewFacets"><Collection><Record Type="UI.ReferenceFacet"><PropertyValue Property="Target" AnnotationPath="@UI.FieldGroup#QuickView"/><Annotation Term="UI.Importance" EnumMember="UI.ImportanceType/High"/></Record></Collection></Annotation><Annotation Term="UI.FieldGroup" Qualifier="QuickView"><Record><PropertyValue Property="Data"><Collection><Record Type="UI.DataField"><PropertyValue Property="Value" Path="Material"/><Annotation Term="UI.Importance" EnumMember="UI.ImportanceType/High"/></Record><Record Type="UI.DataField"><PropertyValue Property="Value" Path="BillingDocumentItemText"/><Annotation Term="UI.Importance" EnumMember="UI.ImportanceType/High"/></Record><Record Type="UI.DataField"><PropertyValue Property="Value" Path="BillingQuantity"/><Annotation Term="UI.Importance" EnumMember="UI.ImportanceType/High"/></Record><Record Type="UI.DataField"><PropertyValue Property="Value" Path="ItemNetAmountOfBillingDoc"/><Annotation Term="UI.Importance" EnumMember="UI.ImportanceType/High"/></Record><Record Type="UI.DataField"><PropertyValue Property="Value" Path="TaxAmount"/><Annotation Term="UI.Importance" EnumMember="UI.ImportanceType/High"/></Record></Collection></PropertyValue></Record></Annotation><Annotation Term="UI.HeaderInfo"><Record><PropertyValue Property="TypeName" String="Billing Document Item"/><PropertyValue Property="TypeNamePlural" String="Billing Document Items"/><PropertyValue Property="Title"><Record Type="UI.DataField"><PropertyValue Property="Value" Path="BillingDocumentItemText"/></Record></PropertyValue><PropertyValue Property="Description"><Record Type="UI.DataField"><PropertyValue Property="Value" Path="BillingDocumentItem"/></Record></PropertyValue></Record></Annotation><Annotation Term="UI.LineItem"><Collection><Record Type="UI.DataField"><PropertyValue Property="Value" Path="BillingDocumentItem"/><Annotation Term="UI.Importance" EnumMember="UI.ImportanceType/High"/></Record><Record Type="UI.DataField"><PropertyValue Property="Value" Path="Material"/></Record><Record Type="UI.DataField"><PropertyValue Property="Value" Path="BillingQuantity"/></Record><Record Type="UI.DataField"><PropertyValue Property="Value" Path="ItemNetAmountOfBillingDoc"/></Record><Record Type="UI.DataField"><PropertyValue Property="Value" Path="TaxAmount"/></Record></Collection></Annotation><Annotation Term="UI.LineItem" Qualifier="QuickView"><Collection><Record Type="UI.DataField"><PropertyValue Property="Value" Path="BillingDocumentItemText"/><Annotation Term="UI.Importance" EnumMember="UI.ImportanceType/High"/></Record><Record Type="UI.DataField"><PropertyValue Property="Value" Path="BillingQuantity"/><Annotation Term="UI.Importance" EnumMember="UI.ImportanceType/High"/></Record><Record Type="UI.DataField"><PropertyValue Property="Value" Path="ItemNetAmountOfBillingDoc"/><Annotation Term="UI.Importance" EnumMember="UI.ImportanceType/High"/></Record></Collection></Annotation><Annotation Term="UI.PresentationVariant"><Record><PropertyValue Property="SortOrder"><Collection><Record Type="Common.SortOrderType"><PropertyValue Property="Property" PropertyPath="BillingDocument"/><PropertyValue Property="Descending" Bool="false"/></Record><Record Type="Common.SortOrderType"><PropertyValue Property="Property" PropertyPath="BillingDocumentItem"/><PropertyValue Property="Descending" Bool="false"/></Record></Collection></PropertyValue><PropertyValue Property="RequestAtLeast"><Collection><PropertyPath>BillingDocumentItemText</PropertyPath><PropertyPath>BillingDocumentItem</PropertyPath></Collection></PropertyValue></Record></Annotation></Annotations><Annotations Target="SD_CUSTOMER_INVOICES_MANAGE.C_BillingDocumentUserVHType"><Annotation Term="UI.PresentationVariant"><Record><PropertyValue Property="SortOrder"><Collection><Record Type="Common.SortOrderType"><PropertyValue Property="Property" PropertyPath="UserID"/><PropertyValue Property="Descending" Bool="false"/></Record><Record Type="Common.SortOrderType"><PropertyValue Property="Property" PropertyPath="UserDescription"/><PropertyValue Property="Descending" Bool="false"/></Record></Collection></PropertyValue></Record></Annotation></Annotations><Annotations Target="SD_CUSTOMER_INVOICES_MANAGE.C_BillingDocument_F0797Type/BillingDocumentTypeName"><Annotation Term="UI.HiddenFilter"/></Annotations><Annotations Target="SD_CUSTOMER_INVOICES_MANAGE.C_BillingDocument_F0797Type/SoldToPartyName"><Annotation Term="UI.HiddenFilter"/><Annotation Term="UI.Hidden"/></Annotations><Annotations Target="SD_CUSTOMER_INVOICES_MANAGE.C_BillingDocument_F0797Type/SoldToPartyAdditionalName"><Annotation Term="UI.HiddenFilter"/><Annotation Term="UI.Hidden"/></Annotations><Annotations Target="SD_CUSTOMER_INVOICES_MANAGE.C_BillingDocument_F0797Type/PayerPartyName"><Annotation Term="UI.HiddenFilter"/><Annotation Term="UI.Hidden"/></Annotations><Annotations Target="SD_CUSTOMER_INVOICES_MANAGE.C_BillingDocument_F0797Type/PayerPartyAdditionalName"><Annotation Term="UI.HiddenFilter"/><Annotation Term="UI.Hidden"/></Annotations><Annotations Target="SD_CUSTOMER_INVOICES_MANAGE.C_BillingDocument_F0797Type/LastChangeDateTime"><Annotation Term="UI.HiddenFilter"/></Annotations><Annotations Target="SD_CUSTOMER_INVOICES_MANAGE.C_BillingDocument_F0797Type/CreationDate"><Annotation Term="UI.HiddenFilter"/></Annotations><Annotations Target="SD_CUSTOMER_INVOICES_MANAGE.C_BillingDocument_F0797Type/CreationTime"><Annotation Term="UI.HiddenFilter"/></Annotations><Annotations Target="SD_CUSTOMER_INVOICES_MANAGE.C_BillingDocument_F0797Type/BillingDocumentIsTemporary"><Annotation Term="UI.HiddenFilter"/></Annotations><Annotations Target="SD_CUSTOMER_INVOICES_MANAGE.C_BillingDocument_F0797Type/SystemMessageIdentification"><Annotation Term="UI.HiddenFilter"/></Annotations><Annotations Target="SD_CUSTOMER_INVOICES_MANAGE.C_BillingDocument_F0797Type/SystemMessageNumber"><Annotation Term="UI.HiddenFilter"/></Annotations><Annotations Target="SD_CUSTOMER_INVOICES_MANAGE.C_BillingDocument_F0797Type/SystemMessageType"><Annotation Term="UI.HiddenFilter"/></Annotations><Annotations Target="SD_CUSTOMER_INVOICES_MANAGE.C_BillingDocument_F0797Type/SystemMessageVariable1"><Annotation Term="UI.HiddenFilter"/></Annotations><Annotations Target="SD_CUSTOMER_INVOICES_MANAGE.C_BillingDocument_F0797Type/SystemMessageVariable2"><Annotation Term="UI.HiddenFilter"/></Annotations><Annotations Target="SD_CUSTOMER_INVOICES_MANAGE.C_BillingDocument_F0797Type/SystemMessageVariable3"><Annotation Term="UI.HiddenFilter"/></Annotations><Annotations Target="SD_CUSTOMER_INVOICES_MANAGE.C_BillingDocument_F0797Type/SystemMessageVariable4"><Annotation Term="UI.HiddenFilter"/></Annotations><Annotations Target="SD_CUSTOMER_INVOICES_MANAGE.C_BillingDocument_F0797Type/SystemMessageText"><Annotation Term="UI.HiddenFilter"/></Annotations><Annotations Target="SD_CUSTOMER_INVOICES_MANAGE.C_BillingDocument_F0797Type/FiscalYear"><Annotation Term="Common.IsFiscalYear"/></Annotations><Annotations Target="SD_CUSTOMER_INVOICES_MANAGE.C_BillingDocument_F0797Type/SitnNumberOfInstances"><Annotation Term="UI.Hidden"/></Annotations><Annotations Target="SD_CUSTOMER_INVOICES_MANAGE.C_BillingDocument_F0797Type/PricingDocument"><Annotation Term="UI.Hidden"/></Annotations><Annotations Target="SD_CUSTOMER_INVOICES_MANAGE.C_BillingDocument_F0797Type/BillingDocumentDate_fc"><Annotation Term="UI.Hidden"/></Annotations><Annotations Target="SD_CUSTOMER_INVOICES_MANAGE.C_BillingDocument_F0797Type/Update_mc"><Annotation Term="UI.Hidden"/></Annotations><Annotations Target="SD_CUSTOMER_INVOICES_MANAGE.C_BillingDocument_F0797Type/DunningArea_Text"><Annotation Term="UI.Hidden"/></Annotations><Annotations Target="SD_CUSTOMER_INVOICES_MANAGE.C_BillingDocument_F0797Type/BillingDocument"><Annotation Term="Common.SemanticObject" String="BillingDocument"/></Annotations><Annotations Target="SD_CUSTOMER_INVOICES_MANAGE.C_BillingDocument_F0797Type/PayerParty"><Annotation Term="Common.SemanticObject" String="Customer"/><Annotation Term="Common.SemanticObjectMapping"><Collection><Record><PropertyValue Property="LocalProperty" PropertyPath="PayerParty"/><PropertyValue Property="SemanticObjectProperty" String="Customer"/></Record></Collection></Annotation><Annotation Term="Common.Text" Path="to_PayerParty/CustomerName"><Annotation Term="UI.TextArrangement" EnumMember="UI.TextArrangementType/TextFirst"/></Annotation></Annotations><Annotations Target="SD_CUSTOMER_INVOICES_MANAGE.C_BillingDocument_F0797Type/SoldToParty"><Annotation Term="Common.SemanticObject" String="Customer"/><Annotation Term="Common.SemanticObjectMapping"><Collection><Record><PropertyValue Property="LocalProperty" PropertyPath="SoldToParty"/><PropertyValue Property="SemanticObjectProperty" String="Customer"/></Record></Collection></Annotation><Annotation Term="Common.Text" Path="to_SoldToParty/CustomerName"><Annotation Term="UI.TextArrangement" EnumMember="UI.TextArrangementType/TextFirst"/></Annotation></Annotations><Annotations Target="SD_CUSTOMER_INVOICES_MANAGE.C_BillingDocument_F0797Type/CancelledBillingDocument"><Annotation Term="Common.SemanticObject" String="BillingDocument"/></Annotations><Annotations Target="SD_CUSTOMER_INVOICES_MANAGE.C_BillingDocument_F0797Type/AccountingDocument"><Annotation Term="Common.SemanticObject" String="AccountingDocument"/></Annotations><Annotations Target="SD_CUSTOMER_INVOICES_MANAGE.C_BillingDocument_F0797Type/BillingDocumentType"><Annotation Term="Common.Text" Path="to_BillingDocumentType/BillingDocumentType_Text"><Annotation Term="UI.TextArrangement" EnumMember="UI.TextArrangementType/TextFirst"/></Annotation></Annotations><Annotations Target="SD_CUSTOMER_INVOICES_MANAGE.C_BillingDocument_F0797Type/OverallBillingStatus"><Annotation Term="Common.Text" Path="to_OverallBillingStatus/OverallBillingStatus_Text"><Annotation Term="UI.TextArrangement" EnumMember="UI.TextArrangementType/TextOnly"/></Annotation></Annotations><Annotations Target="SD_CUSTOMER_INVOICES_MANAGE.C_BillingDocument_F0797Type/BillingIssueType"><Annotation Term="Common.Text" Path="to_BillingIssueType/BillingIssueType_Text"><Annotation Term="UI.TextArrangement" EnumMember="UI.TextArrangementType/TextOnly"/></Annotation></Annotations><Annotations Target="SD_CUSTOMER_INVOICES_MANAGE.C_BillingDocument_F0797Type/SDDocumentCategory"><Annotation Term="Common.Text" Path="to_SDDocumentCategory/SDDocumentCategory_Text"><Annotation Term="UI.TextArrangement" EnumMember="UI.TextArrangementType/TextOnly"/></Annotation></Annotations><Annotations Target="SD_CUSTOMER_INVOICES_MANAGE.C_BillingDocument_F0797Type/AccountingTransferStatus"><Annotation Term="Common.Text" Path="to_AccountingTransferStatus/AccountingTransferStatus_Text"><Annotation Term="UI.TextArrangement" EnumMember="UI.TextArrangementType/TextOnly"/></Annotation></Annotations><Annotations Target="SD_CUSTOMER_INVOICES_MANAGE.C_BillingDocument_F0797Type/PaymentMethod"><Annotation Term="Common.Text" Path="to_PaymentMethod/PaymentMethodDescription"><Annotation Term="UI.TextArrangement" EnumMember="UI.TextArrangementType/TextOnly"/></Annotation></Annotations><Annotations Target="SD_CUSTOMER_INVOICES_MANAGE.C_BillingDocument_F0797Type/InvoiceClearingStatus"><Annotation Term="Common.Text" Path="to_InvoiceClearingStatus/InvoiceClearingStatus_Text"><Annotation Term="UI.TextArrangement" EnumMember="UI.TextArrangementType/TextOnly"/></Annotation></Annotations><Annotations Target="SD_CUSTOMER_INVOICES_MANAGE.C_BillingDocument_F0797Type"><Annotation Term="UI.DataPoint" Qualifier="TaxAmount"><Record><PropertyValue Property="Value" Path="TaxAmount"/><PropertyValue Property="Title" String="Tax Amount"/></Record></Annotation><Annotation Term="UI.DataPoint" Qualifier="TotalGrossAmount"><Record><PropertyValue Property="Value" Path="TotalGrossAmount"/><PropertyValue Property="Title" String="Total Amount"/></Record></Annotation><Annotation Term="UI.DataPoint" Qualifier="TotalNetAmount"><Record><PropertyValue Property="Value" Path="TotalNetAmount"/><PropertyValue Property="Title" String="Total Net Amount"/></Record></Annotation><Annotation Term="UI.QuickViewFacets"><Collection><Record Type="UI.ReferenceFacet"><PropertyValue Property="Label" String="Quick View"/><PropertyValue Property="Target" AnnotationPath="@UI.FieldGroup#QuickView"/><Annotation Term="UI.Importance" EnumMember="UI.ImportanceType/High"/></Record><Record Type="UI.ReferenceFacet"><PropertyValue Property="Label" String="Quick View"/><PropertyValue Property="Target" AnnotationPath="to_Item/@UI.LineItem#QuickView"/><Annotation Term="UI.Importance" EnumMember="UI.ImportanceType/High"/></Record></Collection></Annotation><Annotation Term="UI.HeaderFacets"><Collection><Record Type="UI.ReferenceFacet"><PropertyValue Property="Target" AnnotationPath="@UI.FieldGroup#HeaderPartner"/><Annotation Term="UI.Importance" EnumMember="UI.ImportanceType/High"/></Record><Record Type="UI.ReferenceFacet"><PropertyValue Property="Target" AnnotationPath="@UI.FieldGroup#HeaderStatus"/><Annotation Term="UI.Importance" EnumMember="UI.ImportanceType/High"/></Record><Record Type="UI.ReferenceFacet"><PropertyValue Property="Target" AnnotationPath="@UI.DataPoint#TotalNetAmount"/><Annotation Term="UI.Importance" EnumMember="UI.ImportanceType/High"/></Record><Record Type="UI.ReferenceFacet"><PropertyValue Property="Target" AnnotationPath="@UI.DataPoint#TaxAmount"/><Annotation Term="UI.Importance" EnumMember="UI.ImportanceType/High"/></Record><Record Type="UI.ReferenceFacet"><PropertyValue Property="Target" AnnotationPath="@UI.DataPoint#TotalGrossAmount"/><Annotation Term="UI.Importance" EnumMember="UI.ImportanceType/High"/></Record></Collection></Annotation><Annotation Term="UI.Facets"><Collection><Record Type="UI.CollectionFacet"><PropertyValue Property="Label" String="General Information"/><PropertyValue Property="ID" String="GeneralInfoID"/><PropertyValue Property="Facets"><Collection><Record Type="UI.ReferenceFacet"><PropertyValue Property="Label" String="Document Data"/><PropertyValue Property="ID" String="DocumentDataID"/><PropertyValue Property="Target" AnnotationPath="@UI.FieldGroup#DocumentData"/><Annotation Term="UI.Importance" EnumMember="UI.ImportanceType/High"/></Record><Record Type="UI.ReferenceFacet"><PropertyValue Property="Label" String="Organizational Data"/><PropertyValue Property="ID" String="OrganizationalDataID"/><PropertyValue Property="Target" AnnotationPath="@UI.FieldGroup#OrganizationalData"/><Annotation Term="UI.Importance" EnumMember="UI.ImportanceType/High"/></Record><Record Type="UI.ReferenceFacet"><PropertyValue Property="Label" String="Additional Data"/><PropertyValue Property="ID" String="AdditionalDataID"/><PropertyValue Property="Target" AnnotationPath="@UI.FieldGroup#AdditionalData"/><Annotation Term="UI.Importance" EnumMember="UI.ImportanceType/High"/></Record></Collection></PropertyValue></Record><Record Type="UI.CollectionFacet"><PropertyValue Property="Label" String="Terms and Conditions"/><PropertyValue Property="ID" String="TermsAndConditionsID"/><PropertyValue Property="Facets"><Collection><Record Type="UI.ReferenceFacet"><PropertyValue Property="Label" String="Incoterms"/><PropertyValue Property="ID" String="IncotermsID"/><PropertyValue Property="Target" AnnotationPath="@UI.FieldGroup#Incoterms"/><Annotation Term="UI.Importance" EnumMember="UI.ImportanceType/High"/></Record><Record Type="UI.ReferenceFacet"><PropertyValue Property="Label" String="Payment"/><PropertyValue Property="ID" String="PaymentID"/><PropertyValue Property="Target" AnnotationPath="@UI.FieldGroup#Payment"/><Annotation Term="UI.Importance" EnumMember="UI.ImportanceType/High"/></Record></Collection></PropertyValue></Record><Record Type="UI.ReferenceFacet"><PropertyValue Property="Label" String="Items"/><PropertyValue Property="ID" String="ItemsID"/><PropertyValue Property="Target" AnnotationPath="to_Item/@UI.LineItem"/><Annotation Term="UI.Importance" EnumMember="UI.ImportanceType/High"/></Record><Record Type="UI.CollectionFacet"><PropertyValue Property="Label" String="Partners"/><PropertyValue Property="ID" String="PartnerID"/><PropertyValue Property="Facets"><Collection/></PropertyValue></Record><Record Type="UI.CollectionFacet"><PropertyValue Property="Label" String="Process Flow"/><PropertyValue Property="ID" String="ProcessFlowID"/><PropertyValue Property="Facets"><Collection/></PropertyValue></Record><Record Type="UI.CollectionFacet"><PropertyValue Property="Label" String="Pricing Elements"/><PropertyValue Property="ID" String="PricingElementsID"/><PropertyValue Property="Facets"><Collection/></PropertyValue></Record><Record Type="UI.CollectionFacet"><PropertyValue Property="Label" String="Pricing Data"/><PropertyValue Property="ID" String="PricingDataID"/><PropertyValue Property="Facets"><Collection/></PropertyValue></Record><Record Type="UI.CollectionFacet"><PropertyValue Property="Label" String="Texts"/><PropertyValue Property="ID" String="TextsID"/><PropertyValue Property="Facets"><Collection/></PropertyValue></Record></Collection></Annotation><Annotation Term="UI.FieldGroup" Qualifier="Accounting"><Record><PropertyValue Property="Data"><Collection><Record Type="UI.DataField"><PropertyValue Property="Value" Path="InvoiceClearingStatus"/><Annotation Term="UI.Importance" EnumMember="UI.ImportanceType/High"/></Record><Record Type="UI.DataField"><PropertyValue Property="Value" Path="DunningKey"/><Annotation Term="UI.Importance" EnumMember="UI.ImportanceType/Low"/></Record><Record Type="UI.DataField"><PropertyValue Property="Value" Path="DunningBlockingReason"/><Annotation Term="UI.Importance" EnumMember="UI.ImportanceType/Low"/></Record><Record Type="UI.DataField"><PropertyValue Property="Value" Path="DunningArea"/><Annotation Term="UI.Importance" EnumMember="UI.ImportanceType/Low"/></Record><Record Type="UI.DataField"><PropertyValue Property="Value" Path="AcctgExchangeRateIsIndrctQtan"/><Annotation Term="UI.Importance" EnumMember="UI.ImportanceType/High"/></Record><Record Type="UI.DataField"><PropertyValue Property="Value" Path="AbsltAccountingExchangeRate"/><Annotation Term="UI.Importance" EnumMember="UI.ImportanceType/High"/></Record><Record Type="UI.DataField"><PropertyValue Property="Value" Path="AccountingExchangeRateIsSet"/><Annotation Term="UI.Importance" EnumMember="UI.ImportanceType/High"/></Record><Record Type="UI.DataField"><PropertyValue Property="Value" Path="AccountingTransferStatus"/><Annotation Term="UI.Importance" EnumMember="UI.ImportanceType/High"/></Record><Record Type="UI.DataField"><PropertyValue Property="Value" Path="Currency"/><Annotation Term="UI.Importance" EnumMember="UI.ImportanceType/High"/></Record><Record Type="UI.DataField"><PropertyValue Property="Value" Path="TransactionCurrency"/><Annotation Term="UI.Importance" EnumMember="UI.ImportanceType/High"/></Record><Record Type="UI.DataField"><PropertyValue Property="Value" Path="CustomerAccountAssignmentGroup"/><Annotation Term="UI.Importance" EnumMember="UI.ImportanceType/High"/></Record><Record Type="UI.DataField"><PropertyValue Property="Value" Path="AssignmentReference"/><Annotation Term="UI.Importance" EnumMember="UI.ImportanceType/High"/></Record><Record Type="UI.DataField"><PropertyValue Property="Value" Path="FixedValueDate"/><Annotation Term="UI.Importance" EnumMember="UI.ImportanceType/High"/></Record><Record Type="UI.DataField"><PropertyValue Property="Value" Path="AdditionalValueDays"/><Annotation Term="UI.Importance" EnumMember="UI.ImportanceType/High"/></Record></Collection></PropertyValue><PropertyValue Property="Label" String="Accounting"/></Record></Annotation><Annotation Term="UI.FieldGroup" Qualifier="AdditionalData"><Record><PropertyValue Property="Data"><Collection><Record Type="UI.DataField"><PropertyValue Property="Value" Path="InvoiceListType"/><Annotation Term="UI.Importance" EnumMember="UI.ImportanceType/Low"/></Record><Record Type="UI.DataField"><PropertyValue Property="Value" Path="ShippingCondition"/><Annotation Term="UI.Importance" EnumMember="UI.ImportanceType/Low"/></Record><Record Type="UI.DataField"><PropertyValue Property="Value" Path="IsIntrastatReportingRelevant"/><Annotation Term="UI.Importance" EnumMember="UI.ImportanceType/Low"/></Record><Record Type="UI.DataField"><PropertyValue Property="Value" Path="IsIntrastatReportingExcluded"/><Annotation Term="UI.Importance" EnumMember="UI.ImportanceType/Low"/></Record><Record Type="UI.DataField"><PropertyValue Property="Value" Path="BillingDocumentHasSituations"/><Annotation Term="UI.Importance" EnumMember="UI.ImportanceType/Low"/></Record></Collection></PropertyValue><PropertyValue Property="Label" String="Additional Data"/></Record></Annotation><Annotation Term="UI.FieldGroup" Qualifier="Amount"><Record><PropertyValue Property="Data"><Collection><Record Type="UI.DataField"><PropertyValue Property="Value" Path="TotalNetAmount"/><Annotation Term="UI.Importance" EnumMember="UI.ImportanceType/High"/></Record><Record Type="UI.DataField"><PropertyValue Property="Value" Path="TaxAmount"/><Annotation Term="UI.Importance" EnumMember="UI.ImportanceType/High"/></Record><Record Type="UI.DataField"><PropertyValue Property="Value" Path="TotalGrossAmount"/><Annotation Term="UI.Importance" EnumMember="UI.ImportanceType/High"/></Record></Collection></PropertyValue></Record></Annotation><Annotation Term="UI.FieldGroup" Qualifier="DocumentData"><Record><PropertyValue Property="Data"><Collection><Record Type="UI.DataField"><PropertyValue Property="Value" Path="BillingDocumentDate"/><Annotation Term="UI.Importance" EnumMember="UI.ImportanceType/High"/></Record><Record Type="UI.DataField"><PropertyValue Property="Value" Path="BillingDocumentType"/><Annotation Term="UI.Importance" EnumMember="UI.ImportanceType/High"/></Record><Record Type="UI.DataField"><PropertyValue Property="Value" Path="DocumentReferenceID"/><Annotation Term="UI.Importance" EnumMember="UI.ImportanceType/High"/></Record><Record Type="UI.DataField"><PropertyValue Property="Value" Path="ManualInvoiceMaintIsRelevant"/><Annotation Term="UI.Importance" EnumMember="UI.ImportanceType/Low"/></Record><Record Type="UI.DataField"><PropertyValue Property="Value" Path="PurchaseOrderByCustomer"/><Annotation Term="UI.Importance" EnumMember="UI.ImportanceType/Low"/></Record></Collection></PropertyValue><PropertyValue Property="Label" String="Document Data"/></Record></Annotation><Annotation Term="UI.FieldGroup" Qualifier="HeaderPartner"><Record><PropertyValue Property="Data"><Collection><Record Type="UI.DataField"><PropertyValue Property="Value" Path="PayerParty"/><Annotation Term="UI.Importance" EnumMember="UI.ImportanceType/High"/></Record><Record Type="UI.DataField"><PropertyValue Property="Value" Path="SoldToParty"/><Annotation Term="UI.Importance" EnumMember="UI.ImportanceType/High"/></Record></Collection></PropertyValue></Record></Annotation><Annotation Term="UI.FieldGroup" Qualifier="HeaderStatus"><Record><PropertyValue Property="Data"><Collection><Record Type="UI.DataField"><PropertyValue Property="Value" Path="OverallBillingStatus"/><Annotation Term="UI.Importance" EnumMember="UI.ImportanceType/High"/></Record></Collection></PropertyValue></Record></Annotation><Annotation Term="UI.FieldGroup" Qualifier="Incoterms"><Record><PropertyValue Property="Data"><Collection><Record Type="UI.DataField"><PropertyValue Property="Value" Path="IncotermsVersion"/><Annotation Term="UI.Importance" EnumMember="UI.ImportanceType/High"/></Record><Record Type="UI.DataField"><PropertyValue Property="Value" Path="IncotermsClassification"/><Annotation Term="UI.Importance" EnumMember="UI.ImportanceType/High"/></Record><Record Type="UI.DataField"><PropertyValue Property="Value" Path="IncotermsLocation1"/><Annotation Term="UI.Importance" EnumMember="UI.ImportanceType/High"/></Record><Record Type="UI.DataField"><PropertyValue Property="Value" Path="IncotermsLocation2"/><Annotation Term="UI.Importance" EnumMember="UI.ImportanceType/High"/></Record></Collection></PropertyValue><PropertyValue Property="Label" String="Incoterms"/></Record></Annotation><Annotation Term="UI.FieldGroup" Qualifier="OrganizationalData"><Record><PropertyValue Property="Data"><Collection><Record Type="UI.DataField"><PropertyValue Property="Value" Path="CompanyCode"/><Annotation Term="UI.Importance" EnumMember="UI.ImportanceType/High"/></Record><Record Type="UI.DataField"><PropertyValue Property="Value" Path="SalesOrganization"/><Annotation Term="UI.Importance" EnumMember="UI.ImportanceType/High"/></Record><Record Type="UI.DataField"><PropertyValue Property="Value" Path="DistributionChannel"/><Annotation Term="UI.Importance" EnumMember="UI.ImportanceType/High"/></Record><Record Type="UI.DataField"><PropertyValue Property="Value" Path="SalesDistrict"/><Annotation Term="UI.Importance" EnumMember="UI.ImportanceType/High"/></Record><Record Type="UI.DataField"><PropertyValue Property="Value" Path="Division"/><Annotation Term="UI.Importance" EnumMember="UI.ImportanceType/High"/></Record></Collection></PropertyValue><PropertyValue Property="Label" String="Organizational Data"/></Record></Annotation><Annotation Term="UI.FieldGroup" Qualifier="Payment"><Record><PropertyValue Property="Data"><Collection><Record Type="UI.DataField"><PropertyValue Property="Value" Path="PaymentMethod"/><Annotation Term="UI.Importance" EnumMember="UI.ImportanceType/High"/></Record><Record Type="UI.DataField"><PropertyValue Property="Value" Path="CustomerPaymentTerms"/><Annotation Term="UI.Importance" EnumMember="UI.ImportanceType/High"/></Record></Collection></PropertyValue><PropertyValue Property="Label" String="Payment"/></Record></Annotation><Annotation Term="UI.FieldGroup" Qualifier="PricingData"><Record><PropertyValue Property="Data"><Collection><Record Type="UI.DataField"><PropertyValue Property="Value" Path="PriceListType"/><Annotation Term="UI.Importance" EnumMember="UI.ImportanceType/High"/></Record><Record Type="UI.DataField"><PropertyValue Property="Value" Path="CustomerPriceGroup"/><Annotation Term="UI.Importance" EnumMember="UI.ImportanceType/High"/></Record><Record Type="UI.DataField"><PropertyValue Property="Value" Path="CustomerRebateAgreement"/><Annotation Term="UI.Importance" EnumMember="UI.ImportanceType/High"/></Record><Record Type="UI.DataField"><PropertyValue Property="Value" Path="CustomerGroup"/><Annotation Term="UI.Importance" EnumMember="UI.ImportanceType/High"/></Record><Record Type="UI.DataField"><PropertyValue Property="Value" Path="SDPricingProcedure"/><Annotation Term="UI.Importance" EnumMember="UI.ImportanceType/High"/></Record></Collection></PropertyValue><PropertyValue Property="Label" String="Pricing Data"/></Record></Annotation><Annotation Term="UI.FieldGroup" Qualifier="QuickView"><Record><PropertyValue Property="Data"><Collection><Record Type="UI.DataField"><PropertyValue Property="Value" Path="BillingDocument"/><Annotation Term="UI.Importance" EnumMember="UI.ImportanceType/High"/></Record><Record Type="UI.DataField"><PropertyValue Property="Value" Path="PayerParty"/><Annotation Term="UI.Importance" EnumMember="UI.ImportanceType/High"/></Record><Record Type="UI.DataField"><PropertyValue Property="Value" Path="SoldToParty"/><Annotation Term="UI.Importance" EnumMember="UI.ImportanceType/High"/></Record><Record Type="UI.DataField"><PropertyValue Property="Value" Path="BillingDocumentDate"/><Annotation Term="UI.Importance" EnumMember="UI.ImportanceType/High"/></Record><Record Type="UI.DataField"><PropertyValue Property="Value" Path="OverallBillingStatus"/><Annotation Term="UI.Importance" EnumMember="UI.ImportanceType/High"/></Record><Record Type="UI.DataField"><PropertyValue Property="Value" Path="TotalNetAmount"/><Annotation Term="UI.Importance" EnumMember="UI.ImportanceType/High"/></Record><Record Type="UI.DataField"><PropertyValue Property="Value" Path="TaxAmount"/><Annotation Term="UI.Importance" EnumMember="UI.ImportanceType/High"/></Record><Record Type="UI.DataField"><PropertyValue Property="Value" Path="TotalGrossAmount"/><Annotation Term="UI.Importance" EnumMember="UI.ImportanceType/High"/></Record></Collection></PropertyValue><PropertyValue Property="Label" String="Quick View"/></Record></Annotation><Annotation Term="UI.FieldGroup" Qualifier="Taxes"><Record><PropertyValue Property="Data"><Collection><Record Type="UI.DataField"><PropertyValue Property="Value" Path="IsEUTriangularDeal"/><Annotation Term="UI.Importance" EnumMember="UI.ImportanceType/High"/></Record><Record Type="UI.DataField"><PropertyValue Property="Value" Path="VATRegistrationOrigin"/><Annotation Term="UI.Importance" EnumMember="UI.ImportanceType/High"/></Record><Record Type="UI.DataField"><PropertyValue Property="Value" Path="VATRegistrationCountry"/><Annotation Term="UI.Importance" EnumMember="UI.ImportanceType/High"/></Record><Record Type="UI.DataField"><PropertyValue Property="Value" Path="Region"/><Annotation Term="UI.Importance" EnumMember="UI.ImportanceType/High"/></Record><Record Type="UI.DataField"><PropertyValue Property="Value" Path="County"/><Annotation Term="UI.Importance" EnumMember="UI.ImportanceType/High"/></Record><Record Type="UI.DataField"><PropertyValue Property="Value" Path="CityCode"/><Annotation Term="UI.Importance" EnumMember="UI.ImportanceType/High"/></Record><Record Type="UI.DataField"><PropertyValue Property="Value" Path="VATRegistration"/><Annotation Term="UI.Importance" EnumMember="UI.ImportanceType/High"/></Record><Record Type="UI.DataField"><PropertyValue Property="Value" Path="CustomerTaxClassification9"/><Annotation Term="UI.Importance" EnumMember="UI.ImportanceType/High"/></Record><Record Type="UI.DataField"><PropertyValue Property="Value" Path="CustomerTaxClassification8"/><Annotation Term="UI.Importance" EnumMember="UI.ImportanceType/High"/></Record><Record Type="UI.DataField"><PropertyValue Property="Value" Path="CustomerTaxClassification7"/><Annotation Term="UI.Importance" EnumMember="UI.ImportanceType/High"/></Record><Record Type="UI.DataField"><PropertyValue Property="Value" Path="CustomerTaxClassification6"/><Annotation Term="UI.Importance" EnumMember="UI.ImportanceType/High"/></Record><Record Type="UI.DataField"><PropertyValue Property="Value" Path="CustomerTaxClassification5"/><Annotation Term="UI.Importance" EnumMember="UI.ImportanceType/High"/></Record><Record Type="UI.DataField"><PropertyValue Property="Value" Path="CustomerTaxClassification4"/><Annotation Term="UI.Importance" EnumMember="UI.ImportanceType/High"/></Record><Record Type="UI.DataField"><PropertyValue Property="Value" Path="CustomerTaxClassification3"/><Annotation Term="UI.Importance" EnumMember="UI.ImportanceType/High"/></Record><Record Type="UI.DataField"><PropertyValue Property="Value" Path="CustomerTaxClassification2"/><Annotation Term="UI.Importance" EnumMember="UI.ImportanceType/High"/></Record><Record Type="UI.DataField"><PropertyValue Property="Value" Path="CustomerTaxClassification1"/><Annotation Term="UI.Importance" EnumMember="UI.ImportanceType/High"/></Record><Record Type="UI.DataField"><PropertyValue Property="Value" Path="TaxDepartureCountry"/><Annotation Term="UI.Importance" EnumMember="UI.ImportanceType/High"/></Record><Record Type="UI.DataField"><PropertyValue Property="Value" Path="Country"/><Annotation Term="UI.Importance" EnumMember="UI.ImportanceType/High"/></Record></Collection></PropertyValue><PropertyValue Property="Label" String="Taxes"/></Record></Annotation><Annotation Term="UI.HeaderInfo"><Record><PropertyValue Property="TypeName" String="Billing Document"/><PropertyValue Property="TypeNamePlural" String="Billing Documents"/><PropertyValue Property="Title"><Record Type="UI.DataField"><PropertyValue Property="Value" Path="BillingDocumentTypeName"/></Record></PropertyValue><PropertyValue Property="Description"><Record Type="UI.DataField"><PropertyValue Property="Value" Path="BillingDocument"/></Record></PropertyValue></Record></Annotation><Annotation Term="UI.LineItem"><Collection><Record Type="UI.DataField"><PropertyValue Property="Value" Path="BillingDocument"/><Annotation Term="UI.Importance" EnumMember="UI.ImportanceType/High"/></Record><Record Type="UI.DataField"><PropertyValue Property="Value" Path="BillingDocumentType"/></Record><Record Type="UI.DataField"><PropertyValue Property="Value" Path="SoldToParty"/></Record><Record Type="UI.DataField"><PropertyValue Property="Value" Path="OverallBillingStatus"/></Record><Record Type="UI.DataField"><PropertyValue Property="Value" Path="BillingDocumentDate"/></Record><Record Type="UI.DataField"><PropertyValue Property="Value" Path="TotalNetAmount"/></Record></Collection></Annotation><Annotation Term="UI.PresentationVariant"><Record><PropertyValue Property="SortOrder"><Collection><Record Type="Common.SortOrderType"><PropertyValue Property="Property" PropertyPath="BillingDocumentDate"/><PropertyValue Property="Descending" Bool="true"/></Record><Record Type="Common.SortOrderType"><PropertyValue Property="Property" PropertyPath="BillingDocument"/><PropertyValue Property="Descending" Bool="true"/></Record></Collection></PropertyValue><PropertyValue Property="RequestAtLeast"><Collection><PropertyPath>BillingDocumentTypeName</PropertyPath><PropertyPath>BillingDocument</PropertyPath></Collection></PropertyValue></Record></Annotation><Annotation Term="UI.SelectionFields"><Collection><PropertyPath>BillingDocument</PropertyPath><PropertyPath>BillingDocumentType</PropertyPath><PropertyPath>SoldToParty</PropertyPath><PropertyPath>OverallBillingStatus</PropertyPath><PropertyPath>BillingDocumentDate</PropertyPath></Collection></Annotation><Annotation Term="Common.SemanticObject" String="BillingDocument"/></Annotations><Annotations Target="SD_CUSTOMER_INVOICES_MANAGE.C_ConditionQuantityUnit_VHType"><Annotation Term="UI.LineItem"><Collection><Record Type="UI.DataField"><PropertyValue Property="Value" Path="ConditionQuantityUnit"/></Record><Record Type="UI.DataField"><PropertyValue Property="Value" Path="UnitOfMeasure_E"/></Record><Record Type="UI.DataField"><PropertyValue Property="Value" Path="UnitOfMeasureLongName"/></Record></Collection></Annotation><Annotation Term="UI.SelectionFields"><Collection><PropertyPath>ConditionQuantityUnit</PropertyPath><PropertyPath>UnitOfMeasure_E</PropertyPath><PropertyPath>UnitOfMeasureLongName</PropertyPath></Collection></Annotation></Annotations><Annotations Target="SD_CUSTOMER_INVOICES_MANAGE.C_ConditionRateValueUnit_VHType"><Annotation Term="UI.LineItem"><Collection><Record Type="UI.DataField"><PropertyValue Property="Value" Path="ConditionRateValueUnit"/></Record><Record Type="UI.DataField"><PropertyValue Property="Value" Path="ConditionRateValueUnitName"/></Record></Collection></Annotation><Annotation Term="UI.SelectionFields"><Collection><PropertyPath>ConditionRateValueUnit</PropertyPath><PropertyPath>ConditionRateValueUnitName</PropertyPath></Collection></Annotation></Annotations><Annotations Target="SD_CUSTOMER_INVOICES_MANAGE.C_DischannelvaluehelpType"><Annotation Term="UI.HeaderInfo"><Record><PropertyValue Property="TypeName" String="Distribution Channel"/><PropertyValue Property="TypeNamePlural" String="Distribution Channels"/></Record></Annotation><Annotation Term="UI.LineItem"><Collection><Record Type="UI.DataField"><PropertyValue Property="Value" Path="DistributionChannel"/><Annotation Term="UI.Importance" EnumMember="UI.ImportanceType/High"/></Record><Record Type="UI.DataField"><PropertyValue Property="Value" Path="DistributionChannelName"/><Annotation Term="UI.Importance" EnumMember="UI.ImportanceType/High"/></Record><Record Type="UI.DataField"><PropertyValue Property="Value" Path="SalesOrganization"/><Annotation Term="UI.Importance" EnumMember="UI.ImportanceType/High"/></Record></Collection></Annotation><Annotation Term="UI.SelectionFields"><Collection><PropertyPath>DistributionChannel</PropertyPath><PropertyPath>DistributionChannelName</PropertyPath><PropertyPath>SalesOrganization</PropertyPath></Collection></Annotation></Annotations><Annotations Target="SD_CUSTOMER_INVOICES_MANAGE.C_OrgDivisionValueHelpType"><Annotation Term="UI.HeaderInfo"><Record><PropertyValue Property="TypeName" String="Division"/><PropertyValue Property="TypeNamePlural" String="Divisions"/></Record></Annotation><Annotation Term="UI.LineItem"><Collection><Record Type="UI.DataField"><PropertyValue Property="Value" Path="Division"/><Annotation Term="UI.Importance" EnumMember="UI.ImportanceType/High"/></Record><Record Type="UI.DataField"><PropertyValue Property="Value" Path="DivisionName"/><Annotation Term="UI.Importance" EnumMember="UI.ImportanceType/High"/></Record><Record Type="UI.DataField"><PropertyValue Property="Value" Path="SalesOrganization"/><Annotation Term="UI.Importance" EnumMember="UI.ImportanceType/High"/></Record><Record Type="UI.DataField"><PropertyValue Property="Value" Path="DistributionChannel"/><Annotation Term="UI.Importance" EnumMember="UI.ImportanceType/High"/></Record></Collection></Annotation><Annotation Term="UI.SelectionFields"><Collection><PropertyPath>Division</PropertyPath><PropertyPath>DivisionName</PropertyPath><PropertyPath>SalesOrganization</PropertyPath><PropertyPath>DistributionChannel</PropertyPath></Collection></Annotation></Annotations><Annotations Target="SD_CUSTOMER_INVOICES_MANAGE.C_PricingConditionTypeName_VHType/ConditionApplication"><Annotation Term="UI.Hidden"/></Annotations><Annotations Target="SD_CUSTOMER_INVOICES_MANAGE.C_PricingConditionTypeName_VHType"><Annotation Term="UI.LineItem"><Collection><Record Type="UI.DataField"><PropertyValue Property="Value" Path="ConditionType"/></Record><Record Type="UI.DataField"><PropertyValue Property="Value" Path="ConditionTypeName"/></Record></Collection></Annotation><Annotation Term="UI.SelectionFields"><Collection><PropertyPath>ConditionType</PropertyPath><PropertyPath>ConditionTypeName</PropertyPath></Collection></Annotation></Annotations><Annotations Target="SD_CUSTOMER_INVOICES_MANAGE.C_PricingConditionType_VHType/ConditionApplication"><Annotation Term="UI.Hidden"/></Annotations><Annotations Target="SD_CUSTOMER_INVOICES_MANAGE.C_PricingConditionType_VHType"><Annotation Term="UI.LineItem"><Collection><Record Type="UI.DataField"><PropertyValue Property="Value" Path="ConditionType"/></Record><Record Type="UI.DataField"><PropertyValue Property="Value" Path="ConditionTypeName"/></Record></Collection></Annotation><Annotation Term="UI.SelectionFields"><Collection><PropertyPath>ConditionType</PropertyPath><PropertyPath>ConditionTypeName</PropertyPath></Collection></Annotation></Annotations><Annotations Target="SD_CUSTOMER_INVOICES_MANAGE.C_PricingElementType/ConditionAmount_fc"><Annotation Term="UI.Hidden"/></Annotations><Annotations Target="SD_CUSTOMER_INVOICES_MANAGE.C_PricingElementType/ConditionQuantity_fc"><Annotation Term="UI.Hidden"/></Annotations><Annotations Target="SD_CUSTOMER_INVOICES_MANAGE.C_PricingElementType/ConditionQuantityUnit_fc"><Annotation Term="UI.Hidden"/></Annotations><Annotations Target="SD_CUSTOMER_INVOICES_MANAGE.C_PricingElementType/ConditionRateValue_fc"><Annotation Term="UI.Hidden"/></Annotations><Annotations Target="SD_CUSTOMER_INVOICES_MANAGE.C_PricingElementType/ConditionRateValueUnit_fc"><Annotation Term="UI.Hidden"/></Annotations><Annotations Target="SD_CUSTOMER_INVOICES_MANAGE.C_PricingElementType/ConditionType_fc"><Annotation Term="UI.Hidden"/></Annotations><Annotations Target="SD_CUSTOMER_INVOICES_MANAGE.C_PricingElementType/ConditionTypeName_fc"><Annotation Term="UI.Hidden"/></Annotations><Annotations Target="SD_CUSTOMER_INVOICES_MANAGE.C_PricingElementType"><Annotation Term="UI.Identification"><Collection><Record Type="UI.DataField"><PropertyValue Property="Value" Path="ConditionInactiveReason"/></Record><Record Type="UI.DataField"><PropertyValue Property="Value" Path="ConditionType"/></Record><Record Type="UI.DataField"><PropertyValue Property="Value" Path="ConditionTypeName"/></Record><Record Type="UI.DataField"><PropertyValue Property="Value" Path="ConditionRateValue"/></Record><Record Type="UI.DataField"><PropertyValue Property="Value" Path="ConditionRateValueUnit"/></Record><Record Type="UI.DataField"><PropertyValue Property="Value" Path="ConditionQuantity"/></Record><Record Type="UI.DataField"><PropertyValue Property="Value" Path="ConditionQuantityUnit"/></Record><Record Type="UI.DataField"><PropertyValue Property="Value" Path="ConditionBaseValue"/></Record><Record Type="UI.DataField"><PropertyValue Property="Value" Path="ConditionBaseValueUnit"/></Record><Record Type="UI.DataField"><PropertyValue Property="Value" Path="ConditionAmount"/></Record><Record Type="UI.DataField"><PropertyValue Property="Value" Path="TransactionCurrency"/></Record><Record Type="UI.DataField"><PropertyValue Property="Value" Path="TaxCode"/></Record><Record Type="UI.DataField"><PropertyValue Property="Value" Path="TaxCodeName"/></Record><Record Type="UI.DataField"><PropertyValue Property="Value" Path="ConditionIsForStatistics"/></Record><Record Type="UI.DataField"><PropertyValue Property="Value" Path="ConditionIsManuallyChanged"/></Record><Record Type="UI.DataField"><PropertyValue Property="Value" Path="ConditionIsDeletable"/></Record></Collection></Annotation><Annotation Term="UI.LineItem"><Collection><Record Type="UI.DataField"><PropertyValue Property="Value" Path="ConditionInactiveReason"/><Annotation Term="UI.Importance" EnumMember="UI.ImportanceType/High"/></Record><Record Type="UI.DataField"><PropertyValue Property="Value" Path="ConditionType"/><Annotation Term="UI.Importance" EnumMember="UI.ImportanceType/High"/></Record><Record Type="UI.DataField"><PropertyValue Property="Value" Path="ConditionTypeName"/><Annotation Term="UI.Importance" EnumMember="UI.ImportanceType/High"/></Record><Record Type="UI.DataField"><PropertyValue Property="Value" Path="ConditionRateValue"/><Annotation Term="UI.Importance" EnumMember="UI.ImportanceType/High"/></Record><Record Type="UI.DataField"><PropertyValue Property="Value" Path="ConditionRateValueUnit"/><Annotation Term="UI.Importance" EnumMember="UI.ImportanceType/High"/></Record><Record Type="UI.DataField"><PropertyValue Property="Value" Path="ConditionQuantity"/><Annotation Term="UI.Importance" EnumMember="UI.ImportanceType/High"/></Record><Record Type="UI.DataField"><PropertyValue Property="Value" Path="ConditionQuantityUnit"/><Annotation Term="UI.Importance" EnumMember="UI.ImportanceType/High"/></Record><Record Type="UI.DataField"><PropertyValue Property="Value" Path="ConditionBaseValue"/><Annotation Term="UI.Importance" EnumMember="UI.ImportanceType/High"/></Record><Record Type="UI.DataField"><PropertyValue Property="Value" Path="ConditionBaseValueUnit"/><Annotation Term="UI.Importance" EnumMember="UI.ImportanceType/High"/></Record><Record Type="UI.DataField"><PropertyValue Property="Value" Path="ConditionAmount"/><Annotation Term="UI.Importance" EnumMember="UI.ImportanceType/High"/></Record><Record Type="UI.DataField"><PropertyValue Property="Value" Path="TransactionCurrency"/><Annotation Term="UI.Importance" EnumMember="UI.ImportanceType/High"/></Record><Record Type="UI.DataField"><PropertyValue Property="Value" Path="TaxCode"/><Annotation Term="UI.Importance" EnumMember="UI.ImportanceType/High"/></Record><Record Type="UI.DataField"><PropertyValue Property="Value" Path="TaxCodeName"/><Annotation Term="UI.Importance" EnumMember="UI.ImportanceType/High"/></Record><Record Type="UI.DataField"><PropertyValue Property="Value" Path="ConditionIsForStatistics"/><Annotation Term="UI.Importance" EnumMember="UI.ImportanceType/High"/></Record><Record Type="UI.DataField"><PropertyValue Property="Value" Path="ConditionIsManuallyChanged"/><Annotation Term="UI.Importance" EnumMember="UI.ImportanceType/High"/></Record><Record Type="UI.DataField"><PropertyValue Property="Value" Path="ConditionIsDeletable"/><Annotation Term="UI.Importance" EnumMember="UI.ImportanceType/High"/></Record></Collection></Annotation><Annotation Term="UI.SelectionFields"><Collection><PropertyPath>ConditionTypeName</PropertyPath></Collection></Annotation></Annotations><Annotations Target="SD_CUSTOMER_INVOICES_MANAGE.C_PricingProcedureVHType"><Annotation Term="UI.LineItem"><Collection><Record Type="UI.DataField"><PropertyValue Property="Value" Path="PricingProcedure"/></Record><Record Type="UI.DataField"><PropertyValue Property="Value" Path="PricingProcedureName"/></Record></Collection></Annotation><Annotation Term="UI.SelectionFields"><Collection><PropertyPath>PricingProcedure</PropertyPath><PropertyPath>PricingProcedureName</PropertyPath></Collection></Annotation></Annotations><Annotations Target="SD_CUSTOMER_INVOICES_MANAGE.C_SalesDocPaymentMethodVHType"><Annotation Term="UI.LineItem"><Collection><Record Type="UI.DataField"><PropertyValue Property="Value" Path="PaymentMethod"/><Annotation Term="UI.Importance" EnumMember="UI.ImportanceType/High"/></Record><Record Type="UI.DataField"><PropertyValue Property="Value" Path="PaymentMethodDescription"/><Annotation Term="UI.Importance" EnumMember="UI.ImportanceType/High"/></Record><Record Type="UI.DataField"><PropertyValue Property="Value" Path="PaymentMethodName"/><Annotation Term="UI.Importance" EnumMember="UI.ImportanceType/High"/></Record></Collection></Annotation></Annotations><Annotations Target="SD_CUSTOMER_INVOICES_MANAGE.C_SoldToValueHelpType/EmailAddress"><Annotation Term="Communication.IsEmailAddress"/><Annotation Term="UI.Hidden"/></Annotations><Annotations Target="SD_CUSTOMER_INVOICES_MANAGE.C_SoldToValueHelpType/OrganizationBPName1"><Annotation Term="UI.Hidden"/></Annotations><Annotations Target="SD_CUSTOMER_INVOICES_MANAGE.C_SoldToValueHelpType/OrganizationBPName2"><Annotation Term="UI.Hidden"/></Annotations><Annotations Target="SD_CUSTOMER_INVOICES_MANAGE.C_SoldToValueHelpType/BusinessPartnerImageURL"><Annotation Term="UI.Hidden"/><Annotation Term="UI.IsImageURL"/></Annotations><Annotations Target="SD_CUSTOMER_INVOICES_MANAGE.C_SoldToValueHelpType/HouseNumber"><Annotation Term="UI.Hidden"/></Annotations><Annotations Target="SD_CUSTOMER_INVOICES_MANAGE.C_SoldToValueHelpType/InternationalPhoneNumber"><Annotation Term="UI.Hidden"/><Annotation Term="Communication.IsPhoneNumber"/></Annotations><Annotations Target="SD_CUSTOMER_INVOICES_MANAGE.C_SoldToValueHelpType/InternationalMobilePhoneNumber"><Annotation Term="UI.Hidden"/><Annotation Term="Communication.IsPhoneNumber"/></Annotations><Annotations Target="SD_CUSTOMER_INVOICES_MANAGE.C_SoldToValueHelpType"><Annotation Term="UI.QuickViewFacets"><Collection><Record Type="UI.ReferenceFacet"><PropertyValue Property="Label" String="Standard Address"/><PropertyValue Property="Target" AnnotationPath="@UI.FieldGroup#SoldToQuickView"/></Record></Collection></Annotation><Annotation Term="UI.FieldGroup" Qualifier="SoldToQuickView"><Record><PropertyValue Property="Data"><Collection><Record Type="UI.DataField"><PropertyValue Property="Value" Path="PostalCode"/></Record><Record Type="UI.DataField"><PropertyValue Property="Value" Path="CityName"/></Record><Record Type="UI.DataField"><PropertyValue Property="Value" Path="Country"/></Record></Collection></PropertyValue></Record></Annotation><Annotation Term="UI.HeaderInfo"><Record><PropertyValue Property="TypeName" String="Sold-To Party"/><PropertyValue Property="TypeNamePlural" String="Sold-To Parties"/><PropertyValue Property="ImageUrl" Path="BusinessPartnerImageURL"/><PropertyValue Property="Title"><Record Type="UI.DataField"><PropertyValue Property="Value" Path="CustomerName"/></Record></PropertyValue><PropertyValue Property="Description"><Record Type="UI.DataField"><PropertyValue Property="Value" Path="Customer"/></Record></PropertyValue></Record></Annotation><Annotation Term="UI.Identification"><Collection><Record Type="UI.DataField"><PropertyValue Property="Value" Path="CustomerName"/><Annotation Term="UI.Importance" EnumMember="UI.ImportanceType/High"/></Record><Record Type="UI.DataField"><PropertyValue Property="Value" Path="PostalCode"/><Annotation Term="UI.Importance" EnumMember="UI.ImportanceType/High"/></Record><Record Type="UI.DataField"><PropertyValue Property="Value" Path="CityName"/><Annotation Term="UI.Importance" EnumMember="UI.ImportanceType/High"/></Record><Record Type="UI.DataField"><PropertyValue Property="Value" Path="Country"/><Annotation Term="UI.Importance" EnumMember="UI.ImportanceType/High"/></Record></Collection></Annotation><Annotation Term="UI.LineItem"><Collection><Record Type="UI.DataField"><PropertyValue Property="Value" Path="Customer"/><Annotation Term="UI.Importance" EnumMember="UI.ImportanceType/High"/></Record><Record Type="UI.DataField"><PropertyValue Property="Value" Path="CustomerName"/><Annotation Term="UI.Importance" EnumMember="UI.ImportanceType/High"/></Record><Record Type="UI.DataField"><PropertyValue Property="Value" Path="PostalCode"/><Annotation Term="UI.Importance" EnumMember="UI.ImportanceType/Low"/></Record><Record Type="UI.DataField"><PropertyValue Property="Value" Path="CityName"/><Annotation Term="UI.Importance" EnumMember="UI.ImportanceType/Low"/></Record><Record Type="UI.DataField"><PropertyValue Property="Value" Path="Country"/><Annotation Term="UI.Importance" EnumMember="UI.ImportanceType/Low"/></Record></Collection></Annotation><Annotation Term="UI.SelectionFields"><Collection><PropertyPath>Customer</PropertyPath><PropertyPath>CustomerName</PropertyPath><PropertyPath>PostalCode</PropertyPath><PropertyPath>CityName</PropertyPath><PropertyPath>Country</PropertyPath></Collection></Annotation><Annotation Term="Communication.Contact"><Record><PropertyValue Property="fn" Path="CustomerName"/><PropertyValue Property="adr"><Collection><Record><PropertyValue Property="type" EnumMember="Communication.ContactInformationType/preferred"/><PropertyValue Property="locality" Path="CityName"/><PropertyValue Property="street" Path="StreetName"/><PropertyValue Property="country" Path="Country"/><PropertyValue Property="code" Path="PostalCode"/></Record></Collection></PropertyValue><PropertyValue Property="tel"><Collection><Record><PropertyValue Property="type" EnumMember="Communication.PhoneType/cell"/><PropertyValue Property="uri" Path="InternationalMobilePhoneNumber"/></Record><Record><PropertyValue Property="type" EnumMember="Communication.PhoneType/work Communication.PhoneType/preferred"/><PropertyValue Property="uri" Path="InternationalPhoneNumber"/></Record></Collection></PropertyValue><PropertyValue Property="email"><Collection><Record><PropertyValue Property="type" EnumMember="Communication.ContactInformationType/work"/><PropertyValue Property="address" Path="EmailAddress"/></Record></Collection></PropertyValue></Record></Annotation><Annotation Term="Communication.Address" Qualifier="pref"><Record><PropertyValue Property="type" EnumMember="Communication.ContactInformationType/preferred"/><PropertyValue Property="locality" Path="CityName"/><PropertyValue Property="street" Path="StreetName"/><PropertyValue Property="country" Path="Country"/><PropertyValue Property="code" Path="PostalCode"/></Record></Annotation></Annotations><Annotations Target="SD_CUSTOMER_INVOICES_MANAGE.I_CostCenterStdVHType"><Annotation Term="UI.LineItem"><Collection><Record Type="UI.DataField"><PropertyValue Property="Value" Path="CostCenter"/><Annotation Term="UI.Importance" EnumMember="UI.ImportanceType/High"/></Record><Record Type="UI.DataField"><PropertyValue Property="Value" Path="ControllingArea"/><Annotation Term="UI.Importance" EnumMember="UI.ImportanceType/High"/></Record></Collection></Annotation></Annotations><Annotations Target="SD_CUSTOMER_INVOICES_MANAGE.I_CountryVHType/Description"><Annotation Term="UI.Hidden"/></Annotations><Annotations Target="SD_CUSTOMER_INVOICES_MANAGE.I_Customer_VHType/CustomerAccountGroup"><Annotation Term="UI.HiddenFilter"/><Annotation Term="UI.Hidden"/></Annotations><Annotations Target="SD_CUSTOMER_INVOICES_MANAGE.I_Customer_VHType/AuthorizationGroup"><Annotation Term="UI.HiddenFilter"/><Annotation Term="UI.Hidden"/></Annotations><Annotations Target="SD_CUSTOMER_INVOICES_MANAGE.I_Customer_VHType/IsBusinessPurposeCompleted"><Annotation Term="UI.HiddenFilter"/><Annotation Term="UI.Hidden"/></Annotations><Annotations Target="SD_CUSTOMER_INVOICES_MANAGE.I_Customer_VHType/BusinessPartnerType"><Annotation Term="UI.HiddenFilter"/><Annotation Term="UI.Hidden"/></Annotations><Annotations Target="SD_CUSTOMER_INVOICES_MANAGE.I_Customer_VHType/IsCompetitor"><Annotation Term="UI.Hidden"/></Annotations><Annotations Target="SD_CUSTOMER_INVOICES_MANAGE.I_DunningKeyType/MaximumDunningLevel"><Annotation Term="UI.HiddenFilter"/></Annotations><Annotations Target="SD_CUSTOMER_INVOICES_MANAGE.I_MaterialType/ProdCharc1InternalNumber"><Annotation Term="UI.HiddenFilter"/><Annotation Term="UI.Hidden"/></Annotations><Annotations Target="SD_CUSTOMER_INVOICES_MANAGE.I_MaterialType/ProdCharc2InternalNumber"><Annotation Term="UI.HiddenFilter"/><Annotation Term="UI.Hidden"/></Annotations><Annotations Target="SD_CUSTOMER_INVOICES_MANAGE.I_MaterialType/ProdCharc3InternalNumber"><Annotation Term="UI.HiddenFilter"/><Annotation Term="UI.Hidden"/></Annotations><Annotations Target="SD_CUSTOMER_INVOICES_MANAGE.I_ProfitCenterStdVHType"><Annotation Term="UI.LineItem"><Collection><Record Type="UI.DataField"><PropertyValue Property="Value" Path="ProfitCenter"/></Record><Record Type="UI.DataField"><PropertyValue Property="Value" Path="ControllingArea"/></Record></Collection></Annotation></Annotations><Annotations Target="SD_CUSTOMER_INVOICES_MANAGE.I_SalesOrganizationType/AddressID"><Annotation Term="UI.HiddenFilter"/></Annotations><Annotations Target="SD_CUSTOMER_INVOICES_MANAGE.I_ServiceDocumentItemEnhcdType/ID"><Annotation Term="UI.Hidden"/></Annotations><Annotations Target="SD_CUSTOMER_INVOICES_MANAGE.I_ShippingPointStdVHType/ShippingPointName"><Annotation Term="UI.Hidden"/></Annotations><Annotations Target="SD_CUSTOMER_INVOICES_MANAGE.I_Supplier_VHType/AuthorizationGroup"><Annotation Term="UI.HiddenFilter"/><Annotation Term="UI.Hidden"/></Annotations><Annotations Target="SD_CUSTOMER_INVOICES_MANAGE.I_Supplier_VHType/SupplierAccountGroup"><Annotation Term="UI.HiddenFilter"/><Annotation Term="UI.Hidden"/></Annotations><Annotations Target="SD_CUSTOMER_INVOICES_MANAGE.I_Supplier_VHType/IsBusinessPurposeCompleted"><Annotation Term="UI.HiddenFilter"/><Annotation Term="UI.Hidden"/></Annotations></Schema></edmx:DataServices></edmx:Edmx>