<?xml version="1.0" encoding="utf-8"?>
<!--

    Copyright (C) 2009-2022 SAP SE or an SAP affiliate company. All rights reserved.

-->
<edmx:Edmx xmlns:edmx="http://docs.oasis-open.org/odata/ns/edmx" Version="4.0">
	<edmx:Reference Uri="/sap/bc/ui5_ui5/ui2/ushell/resources/sap/ushell/components/factsheet/vocabularies/UI.xml">
		<edmx:Include Alias="UI" Namespace="com.sap.vocabularies.UI.v1"/>
	</edmx:Reference>
	<edmx:Reference Uri="/sap/opu/odata/sap/SD_CUSTOMER_INVOICES_MANAGE/$metadata">
		<edmx:Include Alias="SD_CUSTOMER_INVOICES_MANAGE" Namespace="SD_CUSTOMER_INVOICES_MANAGE"/>
	</edmx:Reference>
	<edmx:DataServices>
		<Schema xmlns="http://docs.oasis-open.org/odata/ns/edm" Namespace="cus.sd.customerinvoices.manage.SD_CUSTOMER_INVOICES_MANAGE">
			<Annotations Target="SD_CUSTOMER_INVOICES_MANAGE.C_BillingDocument_F0797Type/CreationDate">
				<Annotation Term="UI.ExcludeFromNavigationContext"/>
			</Annotations>
			<Annotations Target="SD_CUSTOMER_INVOICES_MANAGE.C_BillingDocument_F0797Type/CreationTime">
				<Annotation Term="UI.ExcludeFromNavigationContext"/>
			</Annotations>
		</Schema>
	</edmx:DataServices>
</edmx:Edmx>