<?xml version="1.0" encoding="utf-8"?><edmx:Edmx Version="1.0" xmlns:edmx="http://schemas.microsoft.com/ado/2007/06/edmx" xmlns:m="http://schemas.microsoft.com/ado/2007/08/dataservices/metadata" xmlns:sap="http://www.sap.com/Protocols/SAPData"><edmx:Reference Uri="https://IERP-ZC1.PCE.IBM.COM:44391/sap/opu/odata/iwfnd/catalogservice;v=2/Vocabularies(TechnicalName='%2FIWBEP%2FVOC_AGGREGATION',Version='0001',SAP__Origin='')/$value" xmlns:edmx="http://docs.oasis-open.org/odata/ns/edmx"><edmx:Include Namespace="Org.OData.Aggregation.V1" Alias="Aggregation"/></edmx:Reference><edmx:Reference Uri="https://IERP-ZC1.PCE.IBM.COM:44391/sap/opu/odata/iwfnd/catalogservice;v=2/Vocabularies(TechnicalName='%2FIWBEP%2FVOC_ANALYTICS',Version='0001',SAP__Origin='')/$value" xmlns:edmx="http://docs.oasis-open.org/odata/ns/edmx"><edmx:Include Namespace="com.sap.vocabularies.Analytics.v1" Alias="Analytics"/></edmx:Reference><edmx:Reference Uri="https://IERP-ZC1.PCE.IBM.COM:44391/sap/opu/odata/iwfnd/catalogservice;v=2/Vocabularies(TechnicalName='%2FIWBEP%2FVOC_CAPABILITIES',Version='0001',SAP__Origin='')/$value" xmlns:edmx="http://docs.oasis-open.org/odata/ns/edmx"><edmx:Include Namespace="Org.OData.Capabilities.V1" Alias="Capabilities"/></edmx:Reference><edmx:Reference Uri="https://IERP-ZC1.PCE.IBM.COM:44391/sap/opu/odata/iwfnd/catalogservice;v=2/Vocabularies(TechnicalName='%2FIWBEP%2FVOC_CODELIST',Version='0001',SAP__Origin='')/$value" xmlns:edmx="http://docs.oasis-open.org/odata/ns/edmx"><edmx:Include Namespace="com.sap.vocabularies.CodeList.v1" Alias="SAP__CodeList"/></edmx:Reference><edmx:Reference Uri="https://IERP-ZC1.PCE.IBM.COM:44391/sap/opu/odata/iwfnd/catalogservice;v=2/Vocabularies(TechnicalName='%2FIWBEP%2FVOC_COMMON',Version='0001',SAP__Origin='')/$value" xmlns:edmx="http://docs.oasis-open.org/odata/ns/edmx"><edmx:Include Namespace="com.sap.vocabularies.Common.v1" Alias="Common"/><edmx:Include Namespace="com.sap.vocabularies.Common.v1" Alias="SAP__common"/></edmx:Reference><edmx:Reference Uri="https://IERP-ZC1.PCE.IBM.COM:44391/sap/opu/odata/iwfnd/catalogservice;v=2/Vocabularies(TechnicalName='%2FIWBEP%2FVOC_COMMUNICATION',Version='0001',SAP__Origin='')/$value" xmlns:edmx="http://docs.oasis-open.org/odata/ns/edmx"><edmx:Include Namespace="com.sap.vocabularies.Communication.v1" Alias="Communication"/></edmx:Reference><edmx:Reference Uri="https://IERP-ZC1.PCE.IBM.COM:44391/sap/opu/odata/iwfnd/catalogservice;v=2/Vocabularies(TechnicalName='%2FIWBEP%2FVOC_CORE',Version='0001',SAP__Origin='')/$value" xmlns:edmx="http://docs.oasis-open.org/odata/ns/edmx"><edmx:Include Namespace="Org.OData.Core.V1" Alias="SAP__core"/></edmx:Reference><edmx:Reference Uri="https://IERP-ZC1.PCE.IBM.COM:44391/sap/opu/odata/iwfnd/catalogservice;v=2/Vocabularies(TechnicalName='%2FIWBEP%2FVOC_MEASURES',Version='0001',SAP__Origin='')/$value" xmlns:edmx="http://docs.oasis-open.org/odata/ns/edmx"><edmx:Include Namespace="Org.OData.Measures.V1" Alias="Measures"/></edmx:Reference><edmx:Reference Uri="https://IERP-ZC1.PCE.IBM.COM:44391/sap/opu/odata/iwfnd/catalogservice;v=2/Vocabularies(TechnicalName='%2FIWBEP%2FVOC_PDF',Version='0001',SAP__Origin='')/$value" xmlns:edmx="http://docs.oasis-open.org/odata/ns/edmx"><edmx:Include Namespace="com.sap.vocabularies.PDF.v1" Alias="SAP__PDF"/></edmx:Reference><edmx:Reference Uri="https://IERP-ZC1.PCE.IBM.COM:44391/sap/opu/odata/iwfnd/catalogservice;v=2/Vocabularies(TechnicalName='%2FIWBEP%2FVOC_PERSONALDATA',Version='0001',SAP__Origin='')/$value" xmlns:edmx="http://docs.oasis-open.org/odata/ns/edmx"><edmx:Include Namespace="com.sap.vocabularies.PersonalData.v1" Alias="PersonalData"/></edmx:Reference><edmx:Reference Uri="https://IERP-ZC1.PCE.IBM.COM:44391/sap/opu/odata/iwfnd/catalogservice;v=2/Vocabularies(TechnicalName='%2FIWBEP%2FVOC_UI',Version='0001',SAP__Origin='')/$value" xmlns:edmx="http://docs.oasis-open.org/odata/ns/edmx"><edmx:Include Namespace="com.sap.vocabularies.UI.v1" Alias="UI"/></edmx:Reference><edmx:Reference Uri="https://IERP-ZC1.PCE.IBM.COM:44391/sap/opu/odata/iwfnd/catalogservice;v=2/Vocabularies(TechnicalName='%2FIWBEP%2FVOC_VALIDATION',Version='0001',SAP__Origin='')/$value" xmlns:edmx="http://docs.oasis-open.org/odata/ns/edmx"><edmx:Include Namespace="Org.OData.Validation.V1" Alias="Validation"/></edmx:Reference><edmx:Reference Uri="https://IERP-ZC1.PCE.IBM.COM:44391/sap/opu/odata/iwfnd/catalogservice;v=2/Vocabularies(TechnicalName='SAP__SELF',Version='0001',SAP__Origin='')/$value" xmlns:edmx="http://docs.oasis-open.org/odata/ns/edmx"><edmx:Include Namespace="com.sap.vocabularies.PDF.v1" Alias="SAP__PDF"/></edmx:Reference><edmx:DataServices m:DataServiceVersion="2.0"><Schema Namespace="SD_CUSTOMER_INVOICES_MANAGE" xml:lang="en" sap:schema-version="1" xmlns="http://schemas.microsoft.com/ado/2008/09/edm"><Annotation Term="Core.SchemaVersion" String="1.0.0" xmlns="http://docs.oasis-open.org/odata/ns/edm"/><EntityType Name="C_BillingDocumentTypeVHType" sap:label="Billing Document Type Value Help" sap:value-list="true" sap:content-version="1"><Key><PropertyRef Name="BillingDocumentType"/></Key><Property Name="BillingDocumentType" Type="Edm.String" Nullable="false" MaxLength="4" sap:display-format="UpperCase" sap:text="BillingDocumentType_Text" sap:label="Billing Type"/><Property Name="BillingDocumentType_Text" Type="Edm.String" MaxLength="40" sap:label="Description" sap:creatable="false" sap:updatable="false"/><NavigationProperty Name="to_Text" Relationship="SD_CUSTOMER_INVOICES_MANAGE.assoc_69CD7CEA18EA5DAA43933EE7D3A060AC" FromRole="FromRole_assoc_69CD7CEA18EA5DAA43933EE7D3A060AC" ToRole="ToRole_assoc_69CD7CEA18EA5DAA43933EE7D3A060AC"/></EntityType><EntityType Name="C_SalesDocSalesOrganizationVHType" sap:label="Sales Organization" sap:value-list="true" sap:content-version="1"><Key><PropertyRef Name="SalesOrganization"/></Key><Property Name="SalesOrganization" Type="Edm.String" Nullable="false" MaxLength="4" sap:display-format="UpperCase" sap:text="SalesOrganization_Text" sap:label="Sales Organization"/><Property Name="SalesOrganization_Text" Type="Edm.String" MaxLength="20" sap:label="Sales Organization Description" sap:creatable="false" sap:updatable="false"/></EntityType><EntityType Name="I_BillingDocumentStdVHType" sap:label="Billing Document" sap:value-list="true" sap:content-version="1"><Key><PropertyRef Name="BillingDocument"/></Key><Property Name="BillingDocument" Type="Edm.String" Nullable="false" MaxLength="10" sap:display-format="UpperCase" sap:label="Billing Document"/></EntityType><EntityContainer Name="SD_CUSTOMER_INVOICES_MANAGE_Entities" m:IsDefaultEntityContainer="true" sap:message-scope-supported="true" sap:supported-formats="atom json xlsx pdf"><EntitySet Name="C_BillingDocumentTypeVH" EntityType="SD_CUSTOMER_INVOICES_MANAGE.C_BillingDocumentTypeVHType" sap:creatable="false" sap:updatable="false" sap:deletable="false" sap:searchable="true" sap:content-version="1"/><EntitySet Name="C_SalesDocSalesOrganizationVH" EntityType="SD_CUSTOMER_INVOICES_MANAGE.C_SalesDocSalesOrganizationVHType" sap:creatable="false" sap:updatable="false" sap:deletable="false" sap:searchable="true" sap:content-version="1"/><EntitySet Name="I_BillingDocumentStdVH" EntityType="SD_CUSTOMER_INVOICES_MANAGE.I_BillingDocumentStdVHType" sap:creatable="false" sap:updatable="false" sap:deletable="false" sap:searchable="true" sap:content-version="1"/></EntityContainer><Annotations Target="SD_CUSTOMER_INVOICES_MANAGE.C_BillingDocument_F0797Type/BillingDocument" xmlns="http://docs.oasis-open.org/odata/ns/edm"><Annotation Term="Common.ValueList"><Record><PropertyValue Property="Label" String="Billing Document"/><PropertyValue Property="CollectionPath" String="I_BillingDocumentStdVH"/><PropertyValue Property="SearchSupported" Bool="true"/><PropertyValue Property="Parameters"><Collection><Record Type="Common.ValueListParameterInOut"><PropertyValue Property="LocalDataProperty" PropertyPath="BillingDocument"/><PropertyValue Property="ValueListProperty" String="BillingDocument"/></Record></Collection></PropertyValue></Record></Annotation></Annotations><Annotations Target="SD_CUSTOMER_INVOICES_MANAGE.C_BillingDocument_F0797Type/BillingDocumentType" xmlns="http://docs.oasis-open.org/odata/ns/edm"><Annotation Term="Common.ValueList"><Record><PropertyValue Property="Label" String="Billing Document Type Value Help"/><PropertyValue Property="CollectionPath" String="C_BillingDocumentTypeVH"/><PropertyValue Property="SearchSupported" Bool="true"/><PropertyValue Property="Parameters"><Collection><Record Type="Common.ValueListParameterInOut"><PropertyValue Property="LocalDataProperty" PropertyPath="BillingDocumentType"/><PropertyValue Property="ValueListProperty" String="BillingDocumentType"/></Record><Record Type="Common.ValueListParameterDisplayOnly"><PropertyValue Property="ValueListProperty" String="BillingDocumentType_Text"/></Record></Collection></PropertyValue></Record></Annotation></Annotations><Annotations Target="SD_CUSTOMER_INVOICES_MANAGE.C_BillingDocument_F0797Type/SalesOrganization" xmlns="http://docs.oasis-open.org/odata/ns/edm"><Annotation Term="Common.ValueList"><Record><PropertyValue Property="Label" String="Sales Organization"/><PropertyValue Property="CollectionPath" String="C_SalesDocSalesOrganizationVH"/><PropertyValue Property="SearchSupported" Bool="true"/><PropertyValue Property="FetchValues" Int="1"/><PropertyValue Property="Parameters"><Collection><Record Type="Common.ValueListParameterInOut"><PropertyValue Property="LocalDataProperty" PropertyPath="SalesOrganization"/><PropertyValue Property="ValueListProperty" String="SalesOrganization"/></Record><Record Type="Common.ValueListParameterDisplayOnly"><PropertyValue Property="ValueListProperty" String="SalesOrganization_Text"/></Record></Collection></PropertyValue></Record></Annotation></Annotations><atom:link rel="self" href="https://IERP-ZC1.PCE.IBM.COM:44391/sap/opu/odata/sap/SD_CUSTOMER_INVOICES_MANAGE/$metadata" xmlns:atom="http://www.w3.org/2005/Atom"/><atom:link rel="latest-version" href="https://IERP-ZC1.PCE.IBM.COM:44391/sap/opu/odata/sap/SD_CUSTOMER_INVOICES_MANAGE/$metadata" xmlns:atom="http://www.w3.org/2005/Atom"/></Schema></edmx:DataServices></edmx:Edmx>