Sales Doc,Order_Type,Line_Item_Count
7510659117,ZCDM,
7510659118,ZCDM,
7510659119,ZCDM,
7510659121,ZCDM,
7510659124,ZCDM,
7510659128,ZCDM,
7510659129,ZCDM,
7510659131,ZCDM,
7510659132,ZCDM,
7510659133,ZCDM,
7510659138,ZCDM,
7510659142,ZCDM,
7510659144,ZCDM,
7510659151,ZCDM,
7510659152,ZCDM,
7510659153,ZCDM,
7510659154,ZCDM,
7510659157,ZCDM,
7510659161,ZCDM,
7510659164,ZCDM,
7510659167,ZCDM,
7510659181,ZCDM,
7510659186,ZCDM,
7510659188,ZCDM,
7510659192,ZCDM,
7510659193,ZCDM,
7510659194,ZCDM,
7510659201,ZCDM,
7510659212,ZCDM,
7510659213,ZCDM,
7510659218,ZCDM,
7510659234,ZCDM,
7510659237,ZCDM,
7510659239,ZCDM,
7510659240,ZCDM,
7510659241,ZCDM,
7510659248,ZCDM,
7510659251,ZCDM,
7510659252,ZCDM,
7510659255,ZCDM,
7510659257,ZCDM,
7510659258,ZCDM,
7510659264,ZCDM,
7510659269,ZCDM,
7510659270,ZCDM,
7510659272,ZCDM,
7510659273,ZCDM,
7510659275,ZCDM,
7510659277,ZCDM,
7510659278,ZCDM,
7510659279,ZCDM,
7510659280,ZCDM,
7510659282,ZCDM,
7510659287,ZCDM,
7510659290,ZCDM,
7510659293,ZCDM,
7510659296,ZCDM,
7510659297,ZCDM,
7510659303,ZCDM,
7510659304,ZCDM,
7510659305,ZCDM,
7510659312,ZCDM,
7510659313,ZCDM,
7510659314,ZCDM,
7510659316,ZCDM,
7510659317,ZCDM,
7510659319,ZCDM,
7510659320,ZCDM,
7510659323,ZCDM,
7510659324,ZCDM,
7510659328,ZCDM,
7510659329,ZCDM,
7510659333,ZCDM,
7510659335,ZCDM,
7510659336,ZCDM,
7510659337,ZCDM,
7510659339,ZCDM,
7510659342,ZCDM,
7510659343,ZCDM,
7510659344,ZCDM,
7510659347,ZCDM,
7510659348,ZCDM,
7510659350,ZCDM,
7510659352,ZCDM,
7510659353,ZCDM,
7510659354,ZCDM,
7510659357,ZCDM,
7510659360,ZCDM,
7510659361,ZCDM,
7510659362,ZCDM,
7510659366,ZCDM,
7510659367,ZCDM,
7510659368,ZCDM,
7510659371,ZCDM,
7510659374,ZCDM,
7510659375,ZCDM,
7510659376,ZCDM,
7510659377,ZCDM,
7510659383,ZCDM,
7510659386,ZCDM,
7510659387,ZCDM,
7510659388,ZCDM,
7510659389,ZCDM,
7510659390,ZCDM,
7510659392,ZCDM,
7510659394,ZCDM,
7510659395,ZCDM,
7510659396,ZCDM,
7510659398,ZCDM,
7510659399,ZCDM,
7510659400,ZCDM,
7510659401,ZCDM,
7510659402,ZCDM,
7510659403,ZCDM,
7510659404,ZCDM,
7510659405,ZCDM,
7510659407,ZCDM,
7510659409,ZCDM,
7510659410,ZCDM,
7510659413,ZCDM,
7510659417,ZCDM,
7510659418,ZCDM,
7510659419,ZCDM,
7510659420,ZCDM,
7510659425,ZCDM,
7510659426,ZCDM,
7510659428,ZCDM,
7510659430,ZCDM,
7510659435,ZCDM,
7510659437,ZCDM,
7510659440,ZCDM,
7510659441,ZCDM,
7510659447,ZCDM,
7510659448,ZCDM,
7510659452,ZCDM,
7510659453,ZCDM,
7510659457,ZCDM,
7510659463,ZCDM,
7510659465,ZCDM,
7510659467,ZCDM,
7510659477,ZCDM,
7510659485,ZCDM,
7510659486,ZCDM,
7510659487,ZCDM,
7510659489,ZCDM,
7510659491,ZCDM,
7510659492,ZCDM,
7510659497,ZCDM,
7510659498,ZCDM,
7510659500,ZCDM,
7510659501,ZCDM,
7510659502,ZCDM,
7510659503,ZCDM,
7510659504,ZCDM,
7510659507,ZCDM,
7510659509,ZCDM,
7510659511,ZCDM,
7510659514,ZCDM,
7510659516,ZCDM,
7510659517,ZCDM,
7510659518,ZCDM,
7510659519,ZCDM,
7510659520,ZCDM,
7510659524,ZCDM,
7510659525,ZCDM,
7510659530,ZCDM,
7510659531,ZCDM,
7510659532,ZCDM,
7510659533,ZCDM,
7510659536,ZCDM,
7510659539,ZCDM,
7510659542,ZCDM,
7510659545,ZCDM,
7510659548,ZCDM,
7510659550,ZCDM,
7510659554,ZCDM,
7510659555,ZCDM,
7510659563,ZCDM,
7510659568,ZCDM,
7510659570,ZCDM,
7510659573,ZCDM,
7510659574,ZCDM,
7510659575,ZCDM,
7510659579,ZCDM,
7510659580,ZCDM,
7510659584,ZCDM,
7510659586,ZCDM,
7510659588,ZCDM,
7510659591,ZCDM,
7510659592,ZCDM,
7510659594,ZCDM,
7510659595,ZCDM,
7510659599,ZCDM,
7510659602,ZCDM,
7510659603,ZCDM,
7510659606,ZCDM,
7510659608,ZCDM,
7510659611,ZCDM,
7510659613,ZCDM,
7510659618,ZCDM,
7510659620,ZCDM,
7510659621,ZCDM,
7510659624,ZCDM,
7510659626,ZCDM,
7510659627,ZCDM,
7510659628,ZCDM,
7510659630,ZCDM,
7510659632,ZCDM,
7510659633,ZCDM,
7510659636,ZCDM,
7510659640,ZCDM,
7510659641,ZCDM,
7510659644,ZCDM,
7510659645,ZCDM,
7510659646,ZCDM,
7510659647,ZCDM,
7510659651,ZCDM,
7510659654,ZCDM,
7510659656,ZCDM,
7510659658,ZCDM,
7510659659,ZCDM,
7510659661,ZCDM,
7510659662,ZCDM,
7510659665,ZCDM,
7510659666,ZCDM,
7510659668,ZCDM,
7510659669,ZCDM,
7510659670,ZCDM,
7510659672,ZCDM,
7510659674,ZCDM,
7510659676,ZCDM,
7510659678,ZCDM,
7510659680,ZCDM,
7510659685,ZCDM,
7510659687,ZCDM,
7510659689,ZCDM,
7510659690,ZCDM,
7510659696,ZCDM,
7510659704,ZCDM,
7510659705,ZCDM,
7510659706,ZCDM,
7510659707,ZCDM,
7510659709,ZCDM,
7510659710,ZCDM,
7510659711,ZCDM,
7510659714,ZCDM,
7510659715,ZCDM,
7510659719,ZCDM,
7510659720,ZCDM,
7510659721,ZCDM,
7510659722,ZCDM,
7510659726,ZCDM,
7510659730,ZCDM,
7510659735,ZCDM,
7510659741,ZCDM,
7510659743,ZCDM,
7510659747,ZCDM,
7510659748,ZCDM,
7510659752,ZCDM,
7510659753,ZCDM,
7510659754,ZCDM,
7510659755,ZCDM,
7510659758,ZCDM,
7510659759,ZCDM,
7510659760,ZCDM,
7510659761,ZCDM,
7510659762,ZCDM,
7510659765,ZCDM,
7510659766,ZCDM,
7510659767,ZCDM,
7510659768,ZCDM,
7510659771,ZCDM,
7510659772,ZCDM,
7510659773,ZCDM,
7510659775,ZCDM,
7510659776,ZCDM,
7510659777,ZCDM,
7510659778,ZCDM,
7510659779,ZCDM,
7510659780,ZCDM,
7510659783,ZCDM,
7510659790,ZCDM,
7510659791,ZCDM,
7510659792,ZCDM,
7510659794,ZCDM,
7510659800,ZCDM,
7510659803,ZCDM,
7510659804,ZCDM,
7510659805,ZCDM,
7510659806,ZCDM,
7510659807,ZCDM,
7510659811,ZCDM,
7510659813,ZCDM,
7510659815,ZCDM,
7510659820,ZCDM,
7510659821,ZCDM,
7510659822,ZCDM,
7510659825,ZCDM,
7510659830,ZCDM,
7510659835,ZCDM,
7510659836,ZCDM,
7510659838,ZCDM,
7510659841,ZCDM,
7510659843,ZCDM,
7510659845,ZCDM,
7510659849,ZCDM,
7510659850,ZCDM,
7510659851,ZCDM,
7510659854,ZCDM,
7510659857,ZCDM,
7510659860,ZCDM,
7510659864,ZCDM,
7510659865,ZCDM,
7510659866,ZCDM,
7510659871,ZCDM,
7510659874,ZCDM,
7510659881,ZCDM,
7510659884,ZCDM,
7510659889,ZCDM,
7510659892,ZCDM,
7510659893,ZCDM,
7510659896,ZCDM,
7510659899,ZCDM,
7510659905,ZCDM,
7510659907,ZCDM,
7510659910,ZCDM,
7510659915,ZCDM,
7510659919,ZCDM,
7510659920,ZCDM,
7510659922,ZCDM,
7510659926,ZCDM,
7510659927,ZCDM,
7510659932,ZCDM,
7510659934,ZCDM,
7510659936,ZCDM,
7510659937,ZCDM,
7510659939,ZCDM,
7510659943,ZCDM,
7510659947,ZCDM,
7510659948,ZCDM,
7510659949,ZCDM,
7510659952,ZCDM,
7510659955,ZCDM,
7510659957,ZCDM,
7510659958,ZCDM,
7510659963,ZCDM,
7510659964,ZCDM,
7510659965,ZCDM,
7510659966,ZCDM,
7510659967,ZCDM,
7510659969,ZCDM,
7510659973,ZCDM,
7510659975,ZCDM,
7510659981,ZCDM,
7510659982,ZCDM,
7510659985,ZCDM,
7510659987,ZCDM,
7510659993,ZCDM,
7510659994,ZCDM,
7510659995,ZCDM,
7510659999,ZCDM,
7510660000,ZCDM,
7510660005,ZCDM,
7510660007,ZCDM,
7510660009,ZCDM,
7510660011,ZCDM,
7510660012,ZCDM,
7510660014,ZCDM,
7510660016,ZCDM,
7510660020,ZCDM,
7510660021,ZCDM,
7510660023,ZCDM,
7510660032,ZCDM,
7510660034,ZCDM,
7510660035,ZCDM,
7510660037,ZCDM,
7510660039,ZCDM,
7510660040,ZCDM,
7510660044,ZCDM,
7510660045,ZCDM,
7510660047,ZCDM,
7510660049,ZCDM,
7510660050,ZCDM,
7510660051,ZCDM,
7510660053,ZCDM,
7510660055,ZCDM,
7510660057,ZCDM,
7510660059,ZCDM,
7510660060,ZCDM,
7510660062,ZCDM,
7510660064,ZCDM,
7510660066,ZCDM,
7510660069,ZCDM,
7510660075,ZCDM,
7510660077,ZCDM,
7510660078,ZCDM,
7510660081,ZCDM,
7510660082,ZCDM,
7510660089,ZCDM,
7510660091,ZCDM,
7510660092,ZCDM,
7510660093,ZCDM,
7510660099,ZCDM,
7510660100,ZCDM,
7510660101,ZCDM,
7510660102,ZCDM,
7510660103,ZCDM,
7510660105,ZCDM,
7510660109,ZCDM,
7510660110,ZCDM,
7510660111,ZCDM,
7510660113,ZCDM,
7510660114,ZCDM,
7510660116,ZCDM,
7510660117,ZCDM,
7510660118,ZCDM,
7510660120,ZCDM,
7510660122,ZCDM,
7510660125,ZCDM,
7510660126,ZCDM,
7510660128,ZCDM,
7510660130,ZCDM,
7510660135,ZCDM,
7510660137,ZCDM,
7510660138,ZCDM,
7510660139,ZCDM,
7510660140,ZCDM,
7510660142,ZCDM,
7510660148,ZCDM,
7510660150,ZCDM,
7510660151,ZCDM,
7510660161,ZCDM,
7510660163,ZCDM,
7510660164,ZCDM,
7510660168,ZCDM,
7510660170,ZCDM,
7510660171,ZCDM,
7510660172,ZCDM,
7510660173,ZCDM,
7510660175,ZCDM,
7510660178,ZCDM,
7510660180,ZCDM,
7510660182,ZCDM,
7510660183,ZCDM,
7510660184,ZCDM,
7510660187,ZCDM,
7510660188,ZCDM,
7510660191,ZCDM,
7510660192,ZCDM,
7510660193,ZCDM,
7510660194,ZCDM,
7510660196,ZCDM,
7510660199,ZCDM,
7510660201,ZCDM,
7510660204,ZCDM,
7510660207,ZCDM,
7510660208,ZCDM,
7510660211,ZCDM,
7510660212,ZCDM,
7510660214,ZCDM,
7510660216,ZCDM,
7510660217,ZCDM,
7510660218,ZCDM,
7510660221,ZCDM,
7510660223,ZCDM,
7510660226,ZCDM,
7510660229,ZCDM,
7510660230,ZCDM,
7510660231,ZCDM,
7510660232,ZCDM,
7510660235,ZCDM,
7510660238,ZCDM,
7510660239,ZCDM,
7510660240,ZCDM,
7510660242,ZCDM,
7510660245,ZCDM,
7510660246,ZCDM,
7510660247,ZCDM,
7510660249,ZCDM,
7510660251,ZCDM,
7510660253,ZCDM,
7510660255,ZCDM,
7510660256,ZCDM,
7510660257,ZCDM,
7510660261,ZCDM,
7510660264,ZCDM,
7510660267,ZCDM,
7510660270,ZCDM,
7510660272,ZCDM,
7510660275,ZCDM,
7510660276,ZCDM,
7510660280,ZCDM,
7510660281,ZCDM,
7510660282,ZCDM,
7510660283,ZCDM,
7510660286,ZCDM,
7510660289,ZCDM,
7510660290,ZCDM,
7510660292,ZCDM,
7510660293,ZCDM,
7510660294,ZCDM,
7510660295,ZCDM,
7510660301,ZCDM,
7510660302,ZCDM,
7510660303,ZCDM,
7510660304,ZCDM,
7510660305,ZCDM,
7510660306,ZCDM,
7510660307,ZCDM,
7510660308,ZCDM,
7510660309,ZCDM,
7510660311,ZCDM,
7510660313,ZCDM,
7510660314,ZCDM,
7510660315,ZCDM,
7510660320,ZCDM,
7510660323,ZCDM,
7510660324,ZCDM,
7510660325,ZCDM,
7510660326,ZCDM,
7510660329,ZCDM,
7510660330,ZCDM,
7510660331,ZCDM,
7510660333,ZCDM,
7510660338,ZCDM,
7510660339,ZCDM,
7510660340,ZCDM,
7510660342,ZCDM,
7510660343,ZCDM,
7510660345,ZCDM,
7510660346,ZCDM,
7510660349,ZCDM,
7510660350,ZCDM,
7510660351,ZCDM,
7510660352,ZCDM,
7510660355,ZCDM,
7510660356,ZCDM,
7510660358,ZCDM,
7510660360,ZCDM,
7510660361,ZCDM,
7510660365,ZCDM,
7510660368,ZCDM,
7510660371,ZCDM,
7510660372,ZCDM,
7510660373,ZCDM,
7510660375,ZCDM,
7510660377,ZCDM,
7510660379,ZCDM,
7510660380,ZCDM,
7510660381,ZCDM,
7510660382,ZCDM,
7510660384,ZCDM,
7510660386,ZCDM,
7510660387,ZCDM,
7510660388,ZCDM,
7510660390,ZCDM,
7510660391,ZCDM,
7510660392,ZCDM,
7510660395,ZCDM,
7510660396,ZCDM,
7510660398,ZCDM,
7510660400,ZCDM,
7510660402,ZCDM,
7510660405,ZCDM,
7510660406,ZCDM,
7510660407,ZCDM,
7510660409,ZCDM,
7510660410,ZCDM,
7510660411,ZCDM,
7510660413,ZCDM,
7510660415,ZCDM,
7510660417,ZCDM,
7510660419,ZCDM,
7510660420,ZCDM,
7510660425,ZCDM,
7510660427,ZCDM,
7510660430,ZCDM,
7510660435,ZCDM,
7510660437,ZCDM,
7510660438,ZCDM,
7510660441,ZCDM,
7510660443,ZCDM,
7510660444,ZCDM,
7510660445,ZCDM,
7510660450,ZCDM,
7510660451,ZCDM,
7510660452,ZCDM,
7510660459,ZCDM,
7510660460,ZCDM,
7510660461,ZCDM,
7510660462,ZCDM,
7510660463,ZCDM,
7510660465,ZCDM,
7510660467,ZCDM,
7510660470,ZCDM,
7510660471,ZCDM,
7510660475,ZCDM,
7510660476,ZCDM,
7510660477,ZCDM,
7510660478,ZCDM,
7510660480,ZCDM,
7510660481,ZCDM,
7510660482,ZCDM,
7510660487,ZCDM,
7510660488,ZCDM,
7510660489,ZCDM,
7510660491,ZCDM,
7510660494,ZCDM,
7510660500,ZCDM,
7510660501,ZCDM,
7510660503,ZCDM,
7510660505,ZCDM,
7510660506,ZCDM,
7510660508,ZCDM,
7510660510,ZCDM,
7510660514,ZCDM,
7510660515,ZCDM,
7510660518,ZCDM,
7510660520,ZCDM,
7510660521,ZCDM,
7510660523,ZCDM,
7510660526,ZCDM,
7510660527,ZCDM,
7510660528,ZCDM,
7510660529,ZCDM,
7510660531,ZCDM,
7510660532,ZCDM,
7510660540,ZCDM,
7510660543,ZCDM,
7510660547,ZCDM,
7510660548,ZCDM,
7510660549,ZCDM,
7510660550,ZCDM,
7510660552,ZCDM,
7510660553,ZCDM,
7510660554,ZCDM,
7510660555,ZCDM,
7510660557,ZCDM,
7510660558,ZCDM,
7510660559,ZCDM,
7510660560,ZCDM,
7510660570,ZCDM,
7510660574,ZCDM,
7510660579,ZCDM,
7510660581,ZCDM,
7510660582,ZCDM,
7510660583,ZCDM,
7510660584,ZCDM,
7510660587,ZCDM,
7510660589,ZCDM,
7510660590,ZCDM,
7510660591,ZCDM,
7510660593,ZCDM,
7510660595,ZCDM,
7510660600,ZCDM,
7510660601,ZCDM,
7510660602,ZCDM,
7510660603,ZCDM,
7510660605,ZCDM,
7510660606,ZCDM,
7510660612,ZCDM,
7510660614,ZCDM,
7510660615,ZCDM,
7510660616,ZCDM,
7510660619,ZCDM,
7510660621,ZCDM,
7510660626,ZCDM,
7510660627,ZCDM,
7510660635,ZCDM,
7510660637,ZCDM,
7510660642,ZCDM,
7510660644,ZCDM,
7510660646,ZCDM,
7510660648,ZCDM,
7510660649,ZCDM,
7510660650,ZCDM,
7510660656,ZCDM,
7510660658,ZCDM,
7510660659,ZCDM,
7510660661,ZCDM,
7510660664,ZCDM,
7510660665,ZCDM,
7510660666,ZCDM,
7510660668,ZCDM,
7510660669,ZCDM,
7510660670,ZCDM,
7510660671,ZCDM,
7510660675,ZCDM,
7510660676,ZCDM,
7510660677,ZCDM,
7510660678,ZCDM,
7510660679,ZCDM,
7510660684,ZCDM,
7510660685,ZCDM,
7510660689,ZCDM,
7510660690,ZCDM,
7510660692,ZCDM,
7510660697,ZCDM,
7510660698,ZCDM,
7510660702,ZCDM,
7510660704,ZCDM,
7510660707,ZCDM,
7510660711,ZCDM,
7510660712,ZCDM,
7510660715,ZCDM,
7510660716,ZCDM,
7510660717,ZCDM,
7510660719,ZCDM,
7510660724,ZCDM,
7510660726,ZCDM,
7510660728,ZCDM,
7510660730,ZCDM,
7510660734,ZCDM,
7510660737,ZCDM,
7510660739,ZCDM,
7510660740,ZCDM,
7510660743,ZCDM,
7510660745,ZCDM,
7510660746,ZCDM,
7510660748,ZCDM,
7510660749,ZCDM,
7510660750,ZCDM,
7510660752,ZCDM,
7510660753,ZCDM,
7510660754,ZCDM,
7510660755,ZCDM,
7510660756,ZCDM,
7510660758,ZCDM,
7510660760,ZCDM,
7510660761,ZCDM,
7510660764,ZCDM,
7510660765,ZCDM,
7510660766,ZCDM,
7510660767,ZCDM,
7510660768,ZCDM,
7510660769,ZCDM,
7510660770,ZCDM,
7510660771,ZCDM,
7510660776,ZCDM,
7510660778,ZCDM,
7510660779,ZCDM,
7510660783,ZCDM,
7510660785,ZCDM,
7510660786,ZCDM,
7510660788,ZCDM,
7510660789,ZCDM,
7510660791,ZCDM,
7510660793,ZCDM,
7510660794,ZCDM,
7510660796,ZCDM,
7510660797,ZCDM,
7510660799,ZCDM,
7510660800,ZCDM,
7510660806,ZCDM,
7510660808,ZCDM,
7510660810,ZCDM,
7510660812,ZCDM,
7510660815,ZCDM,
7510660816,ZCDM,
7510660817,ZCDM,
7510660822,ZCDM,
7510660826,ZCDM,
7510660827,ZCDM,
7510660829,ZCDM,
7510660830,ZCDM,
7510660831,ZCDM,
7510660832,ZCDM,
7510660833,ZCDM,
7510660837,ZCDM,
7510660838,ZCDM,
7510660839,ZCDM,
7510660842,ZCDM,
7510660843,ZCDM,
7510660844,ZCDM,
7510660846,ZCDM,
7510660848,ZCDM,
7510660849,ZCDM,
7510660850,ZCDM,
7510660851,ZCDM,
7510660854,ZCDM,
7510660855,ZCDM,
7510660856,ZCDM,
7510660859,ZCDM,
7510660860,ZCDM,
7510660862,ZCDM,
7510660864,ZCDM,
7510660868,ZCDM,
7510660873,ZCDM,
7510660876,ZCDM,
7510660880,ZCDM,
7510660886,ZCDM,
7510660887,ZCDM,
7510660889,ZCDM,
7510660890,ZCDM,
7510660891,ZCDM,
7510660897,ZCDM,
7510660899,ZCDM,
7510660905,ZCDM,
7510660907,ZCDM,
7510660908,ZCDM,
7510660910,ZCDM,
7510660916,ZCDM,
7510660917,ZCDM,
7510660918,ZCDM,
7510660921,ZCDM,
7510660925,ZCDM,
7510660926,ZCDM,
7510660927,ZCDM,
7510660934,ZCDM,
7510660935,ZCDM,
7510660936,ZCDM,
7510660937,ZCDM,
7510660938,ZCDM,
7510660939,ZCDM,
7510660940,ZCDM,
7510660943,ZCDM,
7510660945,ZCDM,
7510660946,ZCDM,
7510660950,ZCDM,
7510660951,ZCDM,
7510660952,ZCDM,
7510660953,ZCDM,
7510660960,ZCDM,
7510660969,ZCDM,
7510660971,ZCDM,
7510660974,ZCDM,
7510660975,ZCDM,
7510660976,ZCDM,
7510660977,ZCDM,
7510660980,ZCDM,
7510660983,ZCDM,
7510660984,ZCDM,
7510660993,ZCDM,
7510660995,ZCDM,
7510660997,ZCDM,
7510660999,ZCDM,
7510661000,ZCDM,
7510661003,ZCDM,
7510661009,ZCDM,
7510661010,ZCDM,
7510661011,ZCDM,
7510661014,ZCDM,
7510661017,ZCDM,
7510661020,ZCDM,
7510661021,ZCDM,
7510661023,ZCDM,
7510661026,ZCDM,
7510661027,ZCDM,
7510661028,ZCDM,
7510661031,ZCDM,
7510661032,ZCDM,
7510661035,ZCDM,
7510661037,ZCDM,
7510661039,ZCDM,
7510661041,ZCDM,
7510661046,ZCDM,
7510661047,ZCDM,
7510661048,ZCDM,
7510661056,ZCDM,
7510661057,ZCDM,
7510661059,ZCDM,
7510661061,ZCDM,
7510661062,ZCDM,
7510661068,ZCDM,
7510661069,ZCDM,
7510661075,ZCDM,
7510661077,ZCDM,
7510661079,ZCDM,
7510661083,ZCDM,
7510661086,ZCDM,
7510661087,ZCDM,
7510661090,ZCDM,
7510661091,ZCDM,
7510661095,ZCDM,
7510661096,ZCDM,
7510661100,ZCDM,
7510661104,ZCDM,
7510661105,ZCDM,
7510661106,ZCDM,
7510661107,ZCDM,
7510661108,ZCDM,
7510661109,ZCDM,
7510661110,ZCDM,
7510661112,ZCDM,
7510661117,ZCDM,
7510661122,ZCDM,
7510661124,ZCDM,
7510661133,ZCDM,
7510661139,ZCDM,
7510661140,ZCDM,
7510661143,ZCDM,
7510661145,ZCDM,
7510661147,ZCDM,
7510661149,ZCDM,
7510661155,ZCDM,
7510661156,ZCDM,
7510661158,ZCDM,
7510661160,ZCDM,
7510661165,ZCDM,
7510661166,ZCDM,
7510661167,ZCDM,
7510661170,ZCDM,
7510661172,ZCDM,
7510661173,ZCDM,
7510661175,ZCDM,
7510661176,ZCDM,
7510661178,ZCDM,
7510661179,ZCDM,
7510661181,ZCDM,
7510661183,ZCDM,
7510661188,ZCDM,
7510661190,ZCDM,
7510661191,ZCDM,
7510661192,ZCDM,
7510661195,ZCDM,
7510661197,ZCDM,
7510661198,ZCDM,
7510661202,ZCDM,
7510661203,ZCDM,
7510661204,ZCDM,
7510661205,ZCDM,
7510661212,ZCDM,
7510661215,ZCDM,
7510661216,ZCDM,
7510661217,ZCDM,
7510661220,ZCDM,
7510661223,ZCDM,
7510661224,ZCDM,
7510661226,ZCDM,
7510661230,ZCDM,
7510661231,ZCDM,
7510661232,ZCDM,
7510661233,ZCDM,
7510661234,ZCDM,
7510661235,ZCDM,
7510661236,ZCDM,
7510661237,ZCDM,
7510661241,ZCDM,
7510661242,ZCDM,
7510661243,ZCDM,
7510661244,ZCDM,
7510661245,ZCDM,
7510661250,ZCDM,
7510661256,ZCDM,
7510661257,ZCDM,
7510661262,ZCDM,
7510661264,ZCDM,
7510661266,ZCDM,
7510661272,ZCDM,
7510661273,ZCDM,
7510661274,ZCDM,
7510661275,ZCDM,
7510661277,ZCDM,
7510661278,ZCDM,
7510661291,ZCDM,
7510661292,ZCDM,
7510661294,ZCDM,
7510661295,ZCDM,
7510661296,ZCDM,
7510661301,ZCDM,
7510661307,ZCDM,
7510661308,ZCDM,
7510661320,ZCDM,
7510661321,ZCDM,
7510661330,ZCDM,
7510661331,ZCDM,
7510661335,ZCDM,
7510661336,ZCDM,
7510661341,ZCDM,
7510661343,ZCDM,
7510661345,ZCDM,
7510661355,ZCDM,
7510661356,ZCDM,
7510661360,ZCDM,
7510661365,ZCDM,
7510661369,ZCDM,
7510661371,ZCDM,
7510661372,ZCDM,
7510661380,ZCDM,
7510661390,ZCDM,
7510661392,ZCDM,
7510661394,ZCDM,
7510661396,ZCDM,
7510661397,ZCDM,
7510661402,ZCDM,
7510661405,ZCDM,
7510661407,ZCDM,
7510661411,ZCDM,
7510661431,ZCDM,
7510661435,ZCDM,
7510661440,ZCDM,
7510661441,ZCDM,
7510661448,ZCDM,
7510661450,ZCDM,
7510661451,ZCDM,
7510661452,ZCDM,
7510661453,ZCDM,
7510661454,ZCDM,
7510661455,ZCDM,
7510661460,ZCDM,
7510661460,ZCDM,
