Sales Doc,Order_Type,Line_Items
7510659111,ZCDM,33
7510659116,ZCDM,6
7510659155,ZCDM,249
7510659160,ZCDM,41
7510659165,ZCDM,16
7510659170,ZCDM,18
7510659171,ZCDM,9
7510659175,ZCDM,5
7510659176,ZCDM,75
7510659177,ZCDM,5
7510659178,ZCDM,14
7510659180,ZCDM,6
7510659185,ZCDM,14
7510659190,ZCDM,17
7510659195,ZCDM,5
7510659200,ZCDM,14
7510659205,ZCDM,16
7510659210,ZCDM,13
7510659215,ZCDM,16
7510659216,ZCDM,
7510659217,ZCDM,
7510659220,ZCDM,
7510659221,ZCDM,
7510659225,ZCDM,
7510659226,ZCDM,
7510659227,ZCDM,
7510659228,ZCDM,
7510659229,ZCDM,
7510659230,ZCDM,
7510659235,ZCDM,
7510659236,ZCDM,
7510659408,ZCDM,
7510659458,ZCDM,
7510659462,ZCDM,
7510659482,ZCDM,
7510659583,ZCDM,
7510659593,ZCDM,
7510659634,ZCDM,
7510659763,ZCDM,
7510659852,ZCDM,
7510659858,ZCDM,
7510659924,ZCDM,
7510659941,ZCDM,
7510659942,ZCDM,
7510659951,ZCDM,
7510659998,ZCDM,
7510660008,ZCDM,
7510660018,ZCDM,
7510660022,ZCDM,
7510660025,ZCDM,
7510660029,ZCDM,
7510660030,ZCDM,
7510660083,ZCDM,
7510660088,ZCDM,
7510660090,ZCDM,
7510660094,ZCDM,
7510660121,ZCDM,
7510660127,ZCDM,
7510660132,ZCDM,
7510660152,ZCDM,
7510660153,ZCDM,
7510660233,ZCDM,
7510660319,ZCDM,
7510660393,ZCDM,
7510660394,ZCDM,
7510660404,ZCDM,
7510660422,ZCDM,
7510660447,ZCDM,
7510660453,ZCDM,
7510660454,ZCDM,
7510660592,ZCDM,
7510660594,ZCDM,
7510660623,ZCDM,
7510660632,ZCDM,
7510660638,ZCDM,
7510660647,ZCDM,
7510660654,ZCDM,
7510660701,ZCDM,
7510660744,ZCDM,
7510660762,ZCDM,
7510660782,ZCDM,
7510660803,ZCDM,
7510660841,ZCDM,
7510660847,ZCDM,
7510660858,ZCDM,
7510660885,ZCDM,
7510660894,ZCDM,
7510660902,ZCDM,
7510660912,ZCDM,
7510660913,ZCDM,
7510660919,ZCDM,
7510660929,ZCDM,
7510660958,ZCDM,
7510660965,ZCDM,
7510660967,ZCDM,
7510660968,ZCDM,
7510661019,ZCDM,
7510661045,ZCDM,
7510661049,ZCDM,
7510661052,ZCDM,
