<?xml version="1.0" encoding="utf-8" ?>
<updates><delta-update><start-script><![CDATA[sap.its.arrSystemParams = {user:'PFTEST010','d-num':'0100',fiori:1,sysid:'ZC1',theme:'sap_horizon',client:'100',dynpro:'SAPMF05L','t-code':'FB03',taMode:'internal',sendFESR:1,buildtime:'Sep 29 2023 21:10:46',sap_theme:'sap_belize',data_aging:90,itsIconType:'svg',persflavnam:'Original Screen',rasterwidth:1.25,icm_instance:'icc1oqzc1ap06_ZC1_03',rasterheight:4.00,isBeaconReqSup:1,oRasterMetrics:{width:1.25,height:4.00},sap_ur_version:'03.000.20230825134123.0000',extrastepnumber:1,personas_flavor:'',sap_kernel_patch:'215',table_row_height:25,sap_kernel_release:'7890',sap_system_release:7570,data_aging_readonly:0,table_row_height_standard:33,updown_show_file_encoding:1,file_execute_extension_denied:'',sap_ur_version_display_string:'Cumulative Patch 2309',file_execute_extension_allowed:''};]]></start-script><start-script><![CDATA[sap.its.arrPersonas = {std:'<PERSONAS sp=\"0015\" version=\"3.0\" xml:space=\"preserve\"><GLOBAL_FLAGS><PERSONAS_ENABLED>X</PERSONAS_ENABLED><XML_CHANGED>X</XML_CHANGED><SESSION_TOKEN>FA2A6F2809201EEEB0B0E9F08C0206D0</SESSION_TOKEN></GLOBAL_FLAGS><CONTEXT><USER>PFTEST010</USER><TCODE seqno=\"0\">FB03</TCODE><PROGRAM>SAPMF05L</PROGRAM><SCREEN>0100</SCREEN></CONTEXT><THEME description=\"Theme based on IBM branding\" id=\"9AB09B91720B1ED995908417B4648265\" name=\"IBM like Theme\" version=\"00000\"><TYPE_CHANGES subtype=\"\" type=\"GuiMainWindow\"><CHANGE property=\"customStyle\">&lt;HASH&gt;&lt;Item name=\"backgroundImage\"&gt;none&lt;/Item&gt;&lt;Item name=\"backgroundColor\"&gt;#F7F7F7&lt;/Item&gt;&lt;/HASH&gt;</CHANGE></TYPE_CHANGES><TYPE_CHANGES subtype=\"\" type=\"GuiUserArea\"><CHANGE property=\"customStyle\">&lt;HASH&gt;&lt;Item name=\"backgroundColor\"&gt;#F7F7F7&lt;/Item&gt;&lt;/HASH&gt;</CHANGE></TYPE_CHANGES><TYPE_CHANGES subtype=\"\" type=\"GuiCheckBox\"><CHANGE property=\"customStyle\">&lt;HASH&gt;&lt;Item name=\"fontColor\"&gt;#232323&lt;/Item&gt;&lt;Item name=\"fontFamily\"&gt;IBM Plex Sans&lt;/Item&gt;&lt;/HASH&gt;</CHANGE></TYPE_CHANGES><TYPE_CHANGES subtype=\"\" type=\"GuiComboBox\"><CHANGE property=\"customStyle\">&lt;HASH&gt;&lt;Item name=\"fontColor\"&gt;#232323&lt;/Item&gt;&lt;Item name=\"fontFamily\"&gt;IBM Plex Sans&lt;/Item&gt;&lt;/HASH&gt;</CHANGE></TYPE_CHANGES><TYPE_CHANGES subtype=\"\" type=\"GuiBox\"><CHANGE property=\"customStyle\">&lt;HASH&gt;&lt;Item name=\"fontColor\"&gt;#232323&lt;/Item&gt;&lt;Item name=\"fontFamily\"&gt;IBM Plex Sans&lt;/Item&gt;&lt;Item name=\"fontWeight\"&gt;bold&lt;/Item&gt;&lt;Item name=\"borderStyle\"&gt;none&lt;/Item&gt;&lt;Item name=\"borderWidth\"&gt;1px&lt;/Item&gt;&lt;Item name=\"borderRadius\"&gt;0px&lt;/Item&gt;&lt;Item name=\"borderColor\"&gt;rgba(0,0,0,0)&lt;/Item&gt;&lt;Item name=\"headerBackgroundColor\"&gt;rgba(0,0,0,0)&lt;/Item&gt;&lt;/HASH&gt;</CHANGE></TYPE_CHANGES><TYPE_CHANGES subtype=\"\" type=\"GuiTextField\"><CHANGE property=\"customStyle\">&lt;HASH&gt;&lt;Item name=\"fontColor\"&gt;#232323&lt;/Item&gt;&lt;Item name=\"fontFamily\"&gt;IBM Plex Sans&lt;/Item&gt;&lt;/HASH&gt;</CHANGE></TYPE_CHANGES><TYPE_CHANGES subtype=\"\" type=\"GuiLabel\"><CHANGE property=\"customStyle\">&lt;HASH&gt;&lt;Item name=\"fontColor\"&gt;#232323&lt;/Item&gt;&lt;Item name=\"fontFamily\"&gt;IBM Plex Sans&lt;/Item&gt;&lt;/HASH&gt;</CHANGE></TYPE_CHANGES><TYPE_CHANGES subtype=\"\" type=\"GuiRadioButton\"><CHANGE property=\"customStyle\">&lt;HASH&gt;&lt;Item name=\"fontColor\"&gt;#232323&lt;/Item&gt;&lt;Item name=\"fontFamily\"&gt;IBM Plex Sans&lt;/Item&gt;&lt;/HASH&gt;</CHANGE></TYPE_CHANGES><TYPE_CHANGES subtype=\"\" type=\"GuiStickyNote\"><CHANGE property=\"customStyle\">&lt;HASH&gt;&lt;Item name=\"fontColor\"&gt;#232323&lt;/Item&gt;&lt;Item name=\"fontFamily\"&gt;IBM Plex Sans&lt;/Item&gt;&lt;/HASH&gt;</CHANGE></TYPE_CHANGES><TYPE_CHANGES subtype=\"\" type=\"GuiTextEdit\"><CHANGE property=\"customStyle\">&lt;HASH&gt;&lt;Item name=\"fontColor\"&gt;#232323&lt;/Item&gt;&lt;Item name=\"fontFamily\"&gt;IBM Plex Sans&lt;/Item&gt;&lt;/HASH&gt;</CHANGE></TYPE_CHANGES><TYPE_CHANGES subtype=\"\" type=\"GuiTitleBar\"><CHANGE property=\"customStyle\">&lt;HASH&gt;&lt;Item name=\"fontColor\"&gt;rgba(255,255,255,1)&lt;/Item&gt;&lt;Item name=\"backgroundColor\"&gt;#486CA7&lt;/Item&gt;&lt;/HASH&gt;</CHANGE></TYPE_CHANGES><TYPE_CHANGES subtype=\"toolbar\" type=\"GuiButton\"><CHANGE property=\"customStyle\">&lt;HASH&gt;&lt;Item name=\"fontColor\"&gt;#232323&lt;/Item&gt;&lt;Item name=\"fontFamily\"&gt;IBM Plex Sans&lt;/Item&gt;&lt;/HASH&gt;</CHANGE></TYPE_CHANGES><TYPE_CHANGES subtype=\"\" type=\"PersonasPButton\"><CHANGE property=\"customStyle\">&lt;HASH&gt;&lt;Item name=\"backgroundColor\"&gt;#003D73&lt;/Item&gt;&lt;Item name=\"outlineColor\"&gt;rgba(255,255,255,1)&lt;/Item&gt;&lt;/HASH&gt;</CHANGE></TYPE_CHANGES><TYPE_CHANGES subtype=\"\" type=\"GuiTab\"><CHANGE property=\"customStyle\">&lt;HASH&gt;&lt;Item name=\"fontColor\"&gt;#232323&lt;/Item&gt;&lt;Item name=\"fontFamily\"&gt;IBM Plex Sans&lt;/Item&gt;&lt;/HASH&gt;</CHANGE></TYPE_CHANGES><TYPE_CHANGES subtype=\"system\" type=\"GuiToolBar\"><CHANGE property=\"customStyle\">&lt;HASH&gt;&lt;Item name=\"backgroundColor\"&gt;#003D73&lt;/Item&gt;&lt;/HASH&gt;</CHANGE></TYPE_CHANGES><TYPE_CHANGES subtype=\"application\" type=\"GuiToolBar\"><CHANGE property=\"customStyle\">&lt;HASH&gt;&lt;Item name=\"backgroundColor\"&gt;rgba(255,255,255,1)&lt;/Item&gt;&lt;/HASH&gt;</CHANGE></TYPE_CHANGES><TYPE_CHANGES subtype=\"\" type=\"PersonasLine\"><CHANGE property=\"customStyle\">&lt;HASH&gt;&lt;Item name=\"backgroundColor\"&gt;#003D73&lt;/Item&gt;&lt;/HASH&gt;</CHANGE></TYPE_CHANGES><TYPE_CHANGES subtype=\"\" type=\"GuiStatusBar\"><CHANGE property=\"customStyle\">&lt;HASH&gt;&lt;Item name=\"fontFamily\"&gt;IBM Plex Sans&lt;/Item&gt;&lt;/HASH&gt;</CHANGE></TYPE_CHANGES><TYPE_CHANGES subtype=\"standard\" type=\"GuiButton\"><CHANGE property=\"customStyle\">&lt;HASH&gt;&lt;Item name=\"fontFamily\"&gt;IBM Plex Sans&lt;/Item&gt;&lt;/HASH&gt;</CHANGE></TYPE_CHANGES></THEME><CHANGES version=\"315\"><CHANGE id=\"wnd[0]/fioritoolbar\" property=\"customStyle\" type=\"HeaderToolbar\" category=\"08\">&lt;HASH&gt;&lt;Item name=\"backgroundColor\"&gt;rgba(255,255,255,1)&lt;/Item&gt;&lt;Item name=\"borderStyle\"&gt;solid&lt;/Item&gt;&lt;Item name=\"borderWidth\"&gt;1px&lt;/Item&gt;&lt;Item name=\"borderColor\"&gt;rgba(209,209,209,1)&lt;/Item&gt;&lt;/HASH&gt;</CHANGE><CHANGE id=\"wnd[0]/tbar[0]/btn[3]\" property=\"customStyle\" type=\"GuiButton\" category=\"08\">&lt;HASH&gt;&lt;Item name=\"fontColor\"&gt;rgba(255,255,255,1)&lt;/Item&gt;&lt;Item name=\"fontFamily\"&gt;IBM Plex Sans&lt;/Item&gt;&lt;/HASH&gt;</CHANGE><CHANGE id=\"wnd[0]/usr/subPersonas_155238354680870\" property=\"customStyle\" type=\"GuiSimpleContainer\" category=\"08\">&lt;HASH&gt;&lt;Item name=\"backgroundColor\"&gt;rgba(255,255,255,1)&lt;/Item&gt;&lt;/HASH&gt;</CHANGE><CHANGE id=\"wnd[0]/mbar/menu[1]\" property=\"customStyle\" type=\"GuiMenu\" category=\"08\">&lt;HASH&gt;&lt;Item name=\"fontColor\"&gt;rgba(35,35,35,1)&lt;/Item&gt;&lt;/HASH&gt;</CHANGE><CHANGE id=\"wnd[0]/usr/boxPersonas_156561582565317\" property=\"customStyle\" type=\"GuiBox\" category=\"08\">&lt;HASH&gt;&lt;Item name=\"headerFontFamily\"&gt;IBMPlexSans-Reg&lt;/Item&gt;&lt;/HASH&gt;</CHANGE><CHANGE id=\"wnd[0]/titl/imageLogo\" property=\"visible\" type=\"GuiPicture\" category=\"00\">false</CHANGE><CHANGE id=\"wnd[0]/usr/tblSAPMV60ATCTRL_ERF_RELI\" property=\"customStyle\" type=\"GuiTableControl\" category=\"08\">&lt;HASH&gt;&lt;Item name=\"fontFamily\"&gt;IBM Plex Sans&lt;/Item&gt;&lt;/HASH&gt;</CHANGE><CHANGE id=\"wnd[0]/usr/tblSAPMV60ATCTRL_ERF_RELI/colKOMFK-VBELN\" property=\"customStyle\" type=\"GuiTableColumn\" category=\"08\">&lt;HASH&gt;&lt;Item name=\"fontFamily\"&gt;IBM Plex Sans&lt;/Item&gt;&lt;/HASH&gt;</CHANGE><CHANGE id=\"wnd[0]/usr/tblSAPMV60ATCTRL_ERF_RELI/colRV60A-TXVBTYP\" property=\"customStyle\" type=\"GuiTableColumn\" category=\"08\">&lt;HASH&gt;&lt;Item name=\"fontFamily\"&gt;IBM Plex Sans&lt;/Item&gt;&lt;/HASH&gt;</CHANGE><CHANGE id=\"wnd[0]/usr/tblSAPMV60ATCTRL_ERF_RELI/colRV60A-TXFKSTA\" property=\"customStyle\" type=\"GuiTableColumn\" category=\"08\">&lt;HASH&gt;&lt;Item name=\"fontFamily\"&gt;IBM Plex Sans&lt;/Item&gt;&lt;/HASH&gt;</CHANGE><CHANGE id=\"wnd[0]/titl\" property=\"customStyle\" type=\"GuiTitleBar\" category=\"08\">&lt;HASH&gt;&lt;Item name=\"fontFamily\"&gt;IBM Plex Sans Medium&lt;/Item&gt;&lt;/HASH&gt;</CHANGE><CHANGE id=\"wnd[0]/usr/subSUBSCREEN_HEADER:SAPMV45A:4012/btnPersonas_1593179200493100\" property=\"customStyle\" type=\"GuiButton\" category=\"08\">&lt;HASH&gt;&lt;Item name=\"fontFamily\"&gt;IBM Plex Sans&lt;/Item&gt;&lt;/HASH&gt;</CHANGE><CHANGE id=\"wnd[0]/tbar[0]/btn[15]\" property=\"visible\" type=\"GuiButton\" category=\"00\">false</CHANGE><CHANGE id=\"wnd[0]/usr/btnBT_SUCH\" property=\"customStyle\" type=\"GuiButton\" category=\"08\">&lt;HASH&gt;&lt;Item name=\"backgroundColor\"&gt;rgba(0,61,115,1)&lt;/Item&gt;&lt;Item name=\"fontColor\"&gt;rgba(255,255,255,1)&lt;/Item&gt;&lt;Item name=\"fontFamily\"&gt;IBM Plex Sans&lt;/Item&gt;&lt;/HASH&gt;</CHANGE></CHANGES><FLAVORS active=\"\" activeName=\"Original Screen\" default=\"\"><FLAVOR avg_rating=\"0.0\" by-role=\"\" changedby=\"\" changedbyuid=\"\" changedon=\"\" createdon=\"\" createdtime=\"\" description=\"This is the standard SAP screen.\" id=\"\" index=\"0\" name=\"Original Screen\" number_of_votes=\"0\" ownedby=\"\" owner=\"SAP\" prop_edit_allowed=\"\" supported=\"X\" thumbnail=\"\" user_rating=\"0\"/></FLAVORS><MDUI mode=\"RUNTIME\"><FACET id=\"DEFAULT\"><GROUP id=\"FLAVORS\"/></FACET></MDUI></PERSONAS>',mode:'','d-num':'0100',dynpro:'SAPMF05L',source:'core','t-code':'FB03',service:'/sap/bc/personas3/',themeId:'9AB09B91720B1ED995908417B4648265',flavorId:'SAPMF05L0100',language:'en',edit_mode:false,themeData:[{type:'Page',variables:{backgroundColor:'#F7F7F7',backgroundImage:'none',scrollBarBackgroundColor:'auto',scrollBarThumbBorderColor:'auto',scrollBarThumbBackgroundColor:'auto'},sapguitype:'Window',customStyle:'pswnd0'},{type:'PageLayoutPanel',variables:{backgroundColor:'#F7F7F7'},sapguitype:'GuiUserArea',customStyle:'psusr'},{type:'CheckBox',variables:{fontColor:'#232323',fontFamily:'IBM Plex Sans'},sapguitype:'GuiCheckBox',customStyle:'pschk'},{type:'ComboBox',variables:{fontColor:'#232323',fontFamily:'IBM Plex Sans'},sapguitype:'GuiComboBox',customStyle:'pscmb'},{type:'Group',variables:{borderColor:'rgba(0,0,0,0)',borderStyle:'none',borderWidth:'1px',borderRadius:'0px',headerFontColor:'#232323',headerFontFamily:'IBM Plex Sans',headerFontWeight:'bold',headerBackgroundColor:'rgba(0,0,0,0)'},sapguitype:'GuiBox',customStyle:'psbox'},{type:'ComboBox',variables:{fontColor:'#232323',fontFamily:'IBM Plex Sans'},sapguitype:'GuiTextField',customStyle:'pstxt'},{type:'Label',variables:{fontColor:'#232323',fontFamily:'IBM Plex Sans'},sapguitype:'GuiLabel',customStyle:'pslbl'},{type:'RadioButton',variables:{fontColor:'#232323',fontFamily:'IBM Plex Sans'},sapguitype:'GuiRadioButton',customStyle:'psrad'},{type:'StickyNote',variables:{fontColor:'#232323',fontFamily:'IBM Plex Sans'},sapguitype:'GuiStickyNote',customStyle:'psstick'},{type:'TextEdit',variables:{fontColor:'#232323',fontFamily:'IBM Plex Sans'},sapguitype:'GuiTextEdit',customStyle:'psted'},{type:'PageHeader',variables:{headerFontColor:'rgba(255,255,255,1)',headerBackgroundColor:'#486CA7'},sapguitype:'GuiTitleBar',customStyle:'pstitl'},{type:'ToolbarButton',variables:{fontColor:'#232323',fontFamily:'IBM Plex Sans'},sapguitype:'GuiButton',customStyle:'pstbtn'},{type:'TabStripItem',variables:{fontColor:'#232323',fontFamily:'IBM Plex Sans'},sapguitype:'GuiTab',customStyle:'pstabp'},{type:'Toolbar',variables:{backgroundColor:'#003D73'},sapguitype:'GuiToolBar',customStyle:'pstbar0'},{type:'Toolbar',variables:{backgroundColor:'rgba(255,255,255,1)'},sapguitype:'GuiToolBar',customStyle:'pstbar1'},{type:'Toolbar',variables:{},sapguitype:'StatusBar',customStyle:'pssbar'},{type:'MessageBar',variables:{fontFamily:'IBM Plex Sans'},sapguitype:'StatusBarMessage',customStyle:'pssbarmsg'},{type:'Button',variables:{fontFamily:'IBM Plex Sans'},sapguitype:'GuiButton',customStyle:'psbtn'}],flavorData:[{type:'PopupMenu',variables:{fontColor:'rgba(35,35,35,1)'},sapguitype:'GuiMenu',customStyle:'pspmenu_nr_4'},{type:'MenuBarItem',variables:{fontColor:'rgba(35,35,35,1)'},sapguitype:'GuiMenu',customStyle:'psmenu_nr_3'},{type:'Button',variables:{fontColor:'rgba(255,255,255,1)',fontFamily:'IBM Plex Sans'},sapguitype:'GuiButton',customStyle:'psbtn_nr_1'},{type:'PageHeader',variables:{headerFontFamily:'IBM Plex Sans Medium'},sapguitype:'GuiTitleBar',customStyle:'pstitl_nr_7'},{type:'Group',variables:{headerFontFamily:'IBMPlexSans-Reg'},sapguitype:'GuiBox',customStyle:'psbox_nr_5'},{type:'Button',variables:{fontColor:'rgba(255,255,255,1)',fontFamily:'IBM Plex Sans',backgroundColor:'rgba(0,61,115,1)'},sapguitype:'GuiButton',customStyle:'psbtn_nr_9'},{type:'ScrollContainer',variables:{backgroundColor:'rgba(255,255,255,1)'},sapguitype:'GuiSimpleContainer',customStyle:'pssub_nr_2'},{type:'Button',variables:{fontFamily:'IBM Plex Sans'},sapguitype:'GuiButton',customStyle:'psbtn_nr_8'},{type:'SapTableCS',variables:{fontFamily:'IBM Plex Sans'},sapguitype:'GuiTableControl',customStyle:'pstblc_nr_6'},{type:'PageLayout',sapguitype:'UserPanel',customStyle:'pswnd0up'}],date_format:'2',isDevKernel:false,time_format:'0',decimal_point:'.',sap_ur_version:'03.000.20230825134123.0000',time_zone_user:'',date_format_desc:'MM/DD/YYYY',sap_kernel_patch:'215',time_format_desc:'hh:mm:ss',time_zone_system:'',sap_kernel_release:'7890',oRasterLayoutDimensions:{width:1.25,height:4.00}};]]></start-script><start-script><![CDATA[sap.its.oProxyReg = {};]]></start-script><start-script><![CDATA[sap.its.aParams = {wp:'79',isA9:0,moin:'DAF1FB06FD258785',flpurl:'https%253a%252f%252fierp-zc1.pce.ibm.com%253a44391%252fsap%252fbc%252fui2%252fflp%253fsaml2%253ddisabled%2526sap-client%253d100%2526sap-language%253dEN%2523AccountingDocument-displayDocument%253fsap-ui-tech-hint%253dGUI',vinfos:{mandt:'100',r3rel:'757',sysid:'ZC1',itsptc:'215',itsrel:'789',krnptc:'215',krnrel:'789_REL'},flp_ver:'1.108.25',navmode:'in',noS4DLP:0,ScreenId:'M0:46',cuastyle:3,cuatitle:'Display Document: Initial Screen',fiori_vh:'true',isMobile:0,issplash:false,personas:1,reqparam:'sap-client=100&sap-flp-params=%7b%22sap-flp-url%22%3a%22https%3a%2f%2fierp-zc1.pce.ibm.com%3a44391%2fsap%2fbc%2fui2%2fflp%3fsaml2%3ddisabled%26sap-client%3d100%26sap-language%3dEN%23AccountingDocument-displayDocument%3fsap-ui-tech-hint%3dGUI%22%2c%22system-alias%22%3a%22S4FIN%22%7d&sap-ie=edge&sap-iframe-hint=GUI&sap-keepclientsession=2&sap-language=EN&sap-shell=FLP1.108.25&sap-target-navmode=inplace&sap-theme=ibm_sap_horizon%40https%3a%2f%2fierp-zc1.pce.ibm.com%3a44391%2fsap%2fpublic%2fbc%2fthemes%2f%7eclient-100%2f%7ecache-IVhDUrGeV48Gv9JlTygMFaLnSWE&sap-touch=0&sap-ushell-timeout=0&~nosplash=1&~transaction=FB03',accessKey:1,deviceType:'COMBI',has_bckbtn:'3',keepclsess:'2',searchLike:0,cachebuster:'~cache-7890215-2215103',fiori_light:'false',isflpurlset:1,itsIconRoot:'/sap/public/icmandir/its/ls/theming/Base/baseLib/sap_horizon/svg/libs/SAPGUI-icons.svg',itsIconType:'svg',new_handler:true,noTypeahead:'false',pinCriteria:1,traceLevels:'111111',FocusFieldId:'M0:46:::2:25',cuacollapsed:1,isWGCEnabled:0,isinintgMode:0,itsImageRoot:'/sap/public/icmandir/its/~cache-7890215-2215103/lsgui/themes/sap_horizon/images',itsMimesRoot:'/sap/public/icmandir/its/~cache-7890215-2215103/lsgui',newValueHelp:1,ContextMenuId:'mnu0_2711',acc_mode_aria:'true',fiori_onelook:'1',inpFldAutoTab:'false',isItsMobileNG:0,is_batchinput:0,itsSoundsRoot:'/sap/public/icmandir/its/~cache-7890215-2215103/lsgui/sounds',noDomainRelax:1,websocket_url:'/sap/bc/apc/sap/webgui_services?window_id=FA2A6F2809201EEEB0B0E98DE2D866D0&session_id=FA2A6F2809201EEEB0B0E98DE2D866D0&pr_session_id=FA2A6F2809201EEEB0B0E98DE2D846D0',isWGCSupported:'true',istouchoptactv:1,noLocalHistory:'false',websockets_off:0,isinflp_context:true,setflpdirtystate:'0',isincloud_context:0,confirm_browser_exit:0,allowInitialFocusOnMobile:0};]]></start-script><start-script><![CDATA[sap.its.aPopups = [];]]></start-script><start-script><![CDATA[sap.its.aKeys = {'0':{F1:1,F3:3,F4:4,ENTER:0,ESCAPE:12,SHIFT_F3:15,SHIFT_F4:16,SHIFT_F6:18,SHIFT_F8:20}};]]></start-script><start-script><![CDATA[sap.its.aScripts = {};]]></start-script><start-script><![CDATA[sap.its.aInitialBatch = [];]]></start-script><initialize-ids><![CDATA[<span id="UCF_InitializeIDs" style="display:none">[]</span>]]></initialize-ids></delta-update><delta-update><control-update id="webguiPopups"><content><![CDATA[<div id="webguiPopups" ct="CO"></div>]]></content></control-update><control-update id="backpackCUA"><content><![CDATA[<div id="backpackCUA" ct="CO"><span class="urNoUserSelect lsMnu-root-initstyles lsMnu--root" id="mnu0_2710-r" style=";position:absolute;left:25"><xmp class="lsControl--invisible"><div id="mnu0_2710-container" class="urMnu lsPOMNContainer lsPopupMenu__metaData" class="lsMnu-display-inline-block"><div id="mnu0_2710-scrlup" class="urMnuScr urMnuScrUp lsElement--invisible"><img width="1px" src="/sap/public/icmandir/its/1x1.gif"/></div><div id="mnu0_2710-cnt" class="lsMnuCnt" style=";width:100%;overflow:hidden"><table border="0" cellpadding="0" cellspacing="0" id="mnu0_2710" ct="POMN" lsdata='{"x":0,"6":{"SID":"wnd[0]/mbar","Type":"GuiMenu","ModalNo":0}}' lsevents='{"Select":[{},{"JScript":"sap.g4h.doWguMenuSelect(oCfg);"}]}' class="lsMnuTable" role="menu" style=";width:100%"><col/><col/><col/><col/><col/><tbody><tr ct="POMNI" lsdata='{"x":0,"1":"Document","6":true,"7":"mnu0_2703","18":{"SID":"wnd[0]/mbar/menu[0]","Type":"GuiMenu"}}' id="wnd[0]/mbar/menu[0]" role="menuitem" aria-haspopup="true" aria-posinset="1" aria-setsize="8" aria-label="Document" td="ltr" class="lsMnuSubMenu urMnuRowOff lsMnuItemHeight"><td class="urMnuColumn urMnuColumnColor"><span class="lsMnuNbsp">&nbsp;</span></td><td class="urMnuIconColumnColor lsMenuItemIcon lsMnuNoIcon"><span class="lsMnuNbsp">&nbsp;</span></td><td class="urMnuTxt"><span style=";white-space:nowrap">Document</span></td><td class="urMnuTxt lsMnuHK" style=";white-space:nowrap"></td><td><span class="urMnuSubOn lsMirrorRtl">&nbsp;&nbsp;&nbsp;</span></td></tr><tr ct="POMNI" lsdata='{"x":0,"1":"Edit","6":true,"7":"mnu0_2704","18":{"SID":"wnd[0]/mbar/menu[1]","Type":"GuiMenu"}}' id="wnd[0]/mbar/menu[1]" role="menuitem" aria-haspopup="true" aria-posinset="2" aria-setsize="8" aria-label="Edit" td="ltr" class="lsMnuSubMenu urMnuRowOff lsMnuItemHeight"><td class="urMnuColumn urMnuColumnColor"><span class="lsMnuNbsp">&nbsp;</span></td><td class="urMnuIconColumnColor lsMenuItemIcon lsMnuNoIcon"><span class="lsMnuNbsp">&nbsp;</span></td><td class="urMnuTxt"><span style=";white-space:nowrap">Edit</span></td><td class="urMnuTxt lsMnuHK" style=";white-space:nowrap"></td><td><span class="urMnuSubOn lsMirrorRtl">&nbsp;&nbsp;&nbsp;</span></td></tr><tr ct="POMNI" lsdata='{"x":0,"1":"Goto","6":true,"7":"mnu0_2705","18":{"SID":"wnd[0]/mbar/menu[2]","Type":"GuiMenu"}}' id="wnd[0]/mbar/menu[2]" role="menuitem" aria-haspopup="true" aria-posinset="3" aria-setsize="8" aria-label="Goto" td="ltr" class="lsMnuSubMenu urMnuRowOff lsMnuItemHeight"><td class="urMnuColumn urMnuColumnColor"><span class="lsMnuNbsp">&nbsp;</span></td><td class="urMnuIconColumnColor lsMenuItemIcon lsMnuNoIcon"><span class="lsMnuNbsp">&nbsp;</span></td><td class="urMnuTxt"><span style=";white-space:nowrap">Goto</span></td><td class="urMnuTxt lsMnuHK" style=";white-space:nowrap"></td><td><span class="urMnuSubOn lsMirrorRtl">&nbsp;&nbsp;&nbsp;</span></td></tr><tr ct="POMNI" lsdata='{"x":0,"1":"System","6":true,"7":"mnu0_2708","18":{"SID":"wnd[0]/mbar/menu[3]","Type":"GuiMenu"}}' id="wnd[0]/mbar/menu[3]" role="menuitem" aria-haspopup="true" aria-posinset="4" aria-setsize="8" aria-label="System" td="ltr" class="lsMnuSubMenu urMnuRowOff lsMnuItemHeight"><td class="urMnuColumn urMnuColumnColor"><span class="lsMnuNbsp">&nbsp;</span></td><td class="urMnuIconColumnColor lsMenuItemIcon lsMnuNoIcon"><span class="lsMnuNbsp">&nbsp;</span></td><td class="urMnuTxt"><span style=";white-space:nowrap">System</span></td><td class="urMnuTxt lsMnuHK" style=";white-space:nowrap"></td><td><span class="urMnuSubOn lsMirrorRtl">&nbsp;&nbsp;&nbsp;</span></td></tr><tr ct="POMNI" lsdata='{"x":0,"1":"Help","6":true,"7":"mnu0_2709","18":{"SID":"wnd[0]/mbar/menu[4]","Type":"GuiMenu"}}' id="wnd[0]/mbar/menu[4]" role="menuitem" aria-haspopup="true" aria-posinset="5" aria-setsize="8" aria-label="Help" td="ltr" class="lsMnuSubMenu urMnuRowOff lsMnuItemHeight"><td class="urMnuColumn urMnuColumnColor"><span class="lsMnuNbsp">&nbsp;</span></td><td class="urMnuIconColumnColor lsMenuItemIcon lsMnuNoIcon"><span class="lsMnuNbsp">&nbsp;</span></td><td class="urMnuTxt"><span style=";white-space:nowrap">Help</span></td><td class="urMnuTxt lsMnuHK" style=";white-space:nowrap"></td><td><span class="urMnuSubOn lsMirrorRtl">&nbsp;&nbsp;&nbsp;</span></td></tr><tr role="presentation" class="urMnuRowOff lsMnuItemIsSeparator"><td class="urMnuColumn urMnuColumnColor " role="presentation">&nbsp;</td><td class="urMnuIconColumnColor lsMenuItemIcon" role="presentation">&nbsp;</td><td class="urMnuDvdr" colspan="3" role="presentation"><div role="presentation">&nbsp;</div></td></tr><tr ct="POMNI" lsdata='{"x":0,"1":"Expand menu","4":true,"18":{"SID":"wnd[0]/mbar/","Type":"GuiMenu"}}' id="tbmnuentryHdrToggle" role="menuitem" aria-posinset="6" aria-setsize="8" aria-label="Expand&#x20;menu" td="ltr" class="urMnuRowOff lsMnuItemHeight"><td class="urMnuColumn urMnuColumnColor"><span class="lsMnuNbsp">&nbsp;</span></td><td class="urMnuIconColumnColor lsMenuItemIcon lsMnuNoIcon"><span class="lsMnuNbsp">&nbsp;</span></td><td class="urMnuTxt"><span style=";white-space:nowrap">Expand menu</span></td><td class="urMnuTxt lsMnuHK" style=";white-space:nowrap"></td><td><span class="urMnuSub lsMirrorRtl">&nbsp;</span></td></tr><tr role="presentation" class="urMnuRowOff lsMnuItemIsSeparator"><td class="urMnuColumn urMnuColumnColor " role="presentation">&nbsp;</td><td class="urMnuIconColumnColor lsMenuItemIcon" role="presentation">&nbsp;</td><td class="urMnuDvdr" colspan="3" role="presentation"><div role="presentation">&nbsp;</div></td></tr><tr ct="POMNI" lsdata='{"x":0,"1":"SAP GUI for HTML File Browser","4":true,"18":{"SID":"wnd[0]/mbar/[1]","Type":"GuiMenu"}}' id="tbmnuentryItsFileBrowser" role="menuitem" aria-posinset="7" aria-setsize="8" aria-label="SAP&#x20;GUI&#x20;for&#x20;HTML&#x20;File&#x20;Browser" td="ltr" class="urMnuRowOff lsMnuItemHeight"><td class="urMnuColumn urMnuColumnColor"><span class="lsMnuNbsp">&nbsp;</span></td><td class="urMnuIconColumnColor lsMenuItemIcon lsMnuNoIcon"><span class="lsMnuNbsp">&nbsp;</span></td><td class="urMnuTxt"><span style=";white-space:nowrap">SAP GUI for HTML File Browser</span></td><td class="urMnuTxt lsMnuHK" style=";white-space:nowrap"></td><td><span class="urMnuSub lsMirrorRtl">&nbsp;</span></td></tr><tr ct="POMNI" lsdata='{"x":0,"1":"Settings...","18":{"SID":"wnd[0]/mbar/[2]","Type":"GuiMenu"}}' id="tbmnuentryItsOptions" role="menuitem" aria-posinset="8" aria-setsize="8" aria-label="Settings..." td="ltr" class="urMnuRowOff lsMnuItemHeight"><td class="urMnuColumn urMnuColumnColor"><span class="lsMnuNbsp">&nbsp;</span></td><td class="urMnuIconColumnColor lsMenuItemIcon lsMnuNoIcon"><span class="lsMnuNbsp">&nbsp;</span></td><td class="urMnuTxt"><span style=";white-space:nowrap">Settings...</span></td><td class="urMnuTxt lsMnuHK" style=";white-space:nowrap"></td><td><span class="urMnuSub lsMirrorRtl">&nbsp;</span></td></tr></tbody></table></div><div id="mnu0_2710-scrldwn" class="urMnuScr urMnuScrDwn lsElement--invisible"><img width="1px" src="/sap/public/icmandir/its/1x1.gif"/></div><div id="mnu0_2710-pointer" class="lsQVPointer"></div></div></xmp></span><span class="urNoUserSelect lsMnu-root-initstyles lsMnu--root" id="mnu0_2703-r" style=";position:absolute;left:25"><xmp class="lsControl--invisible"><div id="mnu0_2703-container" class="urMnu lsPOMNContainer lsPopupMenu__metaData" class="lsMnu-display-inline-block"><div id="mnu0_2703-scrlup" class="urMnuScr urMnuScrUp lsElement--invisible"><img width="1px" src="/sap/public/icmandir/its/1x1.gif"/></div><div id="mnu0_2703-cnt" class="lsMnuCnt" style=";width:100%;overflow:hidden"><table border="0" cellpadding="0" cellspacing="0" id="mnu0_2703" ct="POMN" lsdata='{"x":0,"6":{"SID":"wnd[0]/mbar/menu[0]","Type":"GuiMenu","ModalNo":0}}' lsevents='{"Select":[{},{"1":"action/4","2":true}]}' class="lsMnuTable" role="menu" style=";width:100%"><col/><col/><col/><col/><col/><tbody><tr ct="POMNI" lsdata='{"x":0,"1":"Other Document...","5":false,"18":{"SID":"wnd[0]/mbar/menu[0]/menu[0]","Type":"GuiMenu"}}' id="wnd[0]/mbar/menu[0]/menu[0]" role="menuitem" aria-disabled="true" aria-posinset="1" aria-setsize="7" aria-label="Other&#x20;Document..." td="ltr" class="urMnuRowDsbl lsMnuItemHeight"><td class="urMnuColumn urMnuColumnColor"><span class="lsMnuNbsp">&nbsp;</span></td><td class="urMnuIconColumnColor lsMenuItemIcon lsMnuNoIcon"><span class="lsMnuNbsp">&nbsp;</span></td><td class="urMnuTxt"><span style=";white-space:nowrap">Other Document...</span></td><td class="urMnuTxt lsMnuHK" style=";white-space:nowrap"></td><td><span class="urMnuSub lsMirrorRtl">&nbsp;</span></td></tr><tr ct="POMNI" lsdata='{"x":0,"1":"Display <-> Change","5":false,"18":{"SID":"wnd[0]/mbar/menu[0]/menu[1]","Type":"GuiMenu"}}' id="wnd[0]/mbar/menu[0]/menu[1]" role="menuitem" aria-disabled="true" aria-posinset="2" aria-setsize="7" aria-label="Display&#x20;&lt;-&gt;&#x20;Change" td="ltr" class="urMnuRowDsbl lsMnuItemHeight"><td class="urMnuColumn urMnuColumnColor"><span class="lsMnuNbsp">&nbsp;</span></td><td class="urMnuIconColumnColor lsMenuItemIcon lsMnuNoIcon"><span class="lsMnuNbsp">&nbsp;</span></td><td class="urMnuTxt"><span style=";white-space:nowrap">Display &lt;-&gt; Change</span></td><td class="urMnuTxt lsMnuHK" style=";white-space:nowrap"></td><td><span class="urMnuSub lsMirrorRtl">&nbsp;</span></td></tr><tr ct="POMNI" lsdata='{"x":0,"1":"List","15":"SHIFT_F8","18":{"SID":"wnd[0]/mbar/menu[0]/menu[2]","Type":"GuiMenu"}}' id="wnd[0]/mbar/menu[0]/menu[2]" role="menuitem" aria-posinset="3" aria-setsize="7" aria-label="List&#x20;&#x28;Shift&#x2b;F8&#x29;" td="ltr" class="urMnuRowOff lsMnuItemHeight"><td class="urMnuColumn urMnuColumnColor"><span class="lsMnuNbsp">&nbsp;</span></td><td class="urMnuIconColumnColor lsMenuItemIcon lsMnuNoIcon"><span class="lsMnuNbsp">&nbsp;</span></td><td class="urMnuTxt"><span style=";white-space:nowrap">List</span></td><td class="urMnuTxt lsMnuHK" style=";white-space:nowrap">&nbsp;(Shift+F8)</td><td><span class="urMnuSub lsMirrorRtl">&nbsp;</span></td></tr><tr ct="POMNI" lsdata='{"x":0,"1":"Save","5":false,"18":{"SID":"wnd[0]/mbar/menu[0]/menu[3]","Type":"GuiMenu"}}' id="wnd[0]/mbar/menu[0]/menu[3]" role="menuitem" aria-disabled="true" aria-posinset="4" aria-setsize="7" aria-label="Save" td="ltr" class="urMnuRowDsbl lsMnuItemHeight"><td class="urMnuColumn urMnuColumnColor"><span class="lsMnuNbsp">&nbsp;</span></td><td class="urMnuIconColumnColor lsMenuItemIcon lsMnuNoIcon"><span class="lsMnuNbsp">&nbsp;</span></td><td class="urMnuTxt"><span style=";white-space:nowrap">Save</span></td><td class="urMnuTxt lsMnuHK" style=";white-space:nowrap"></td><td><span class="urMnuSub lsMirrorRtl">&nbsp;</span></td></tr><tr ct="POMNI" lsdata='{"x":0,"1":"Delete","5":false,"18":{"SID":"wnd[0]/mbar/menu[0]/menu[4]","Type":"GuiMenu"}}' id="wnd[0]/mbar/menu[0]/menu[4]" role="menuitem" aria-disabled="true" aria-posinset="5" aria-setsize="7" aria-label="Delete" td="ltr" class="urMnuRowDsbl lsMnuItemHeight"><td class="urMnuColumn urMnuColumnColor"><span class="lsMnuNbsp">&nbsp;</span></td><td class="urMnuIconColumnColor lsMenuItemIcon lsMnuNoIcon"><span class="lsMnuNbsp">&nbsp;</span></td><td class="urMnuTxt"><span style=";white-space:nowrap">Delete</span></td><td class="urMnuTxt lsMnuHK" style=";white-space:nowrap"></td><td><span class="urMnuSub lsMirrorRtl">&nbsp;</span></td></tr><tr ct="POMNI" lsdata='{"x":0,"1":"Print Preview","5":false,"18":{"SID":"wnd[0]/mbar/menu[0]/menu[5]","Type":"GuiMenu"}}' id="wnd[0]/mbar/menu[0]/menu[5]" role="menuitem" aria-disabled="true" aria-posinset="6" aria-setsize="7" aria-label="Print&#x20;Preview" td="ltr" class="urMnuRowDsbl lsMnuItemHeight"><td class="urMnuColumn urMnuColumnColor"><span class="lsMnuNbsp">&nbsp;</span></td><td class="urMnuIconColumnColor lsMenuItemIcon lsMnuNoIcon"><span class="lsMnuNbsp">&nbsp;</span></td><td class="urMnuTxt"><span style=";white-space:nowrap">Print Preview</span></td><td class="urMnuTxt lsMnuHK" style=";white-space:nowrap"></td><td><span class="urMnuSub lsMirrorRtl">&nbsp;</span></td></tr><tr ct="POMNI" lsdata='{"x":0,"1":"Exit","15":"SHIFT_F3","18":{"SID":"wnd[0]/mbar/menu[0]/menu[6]","Type":"GuiMenu"}}' id="wnd[0]/mbar/menu[0]/menu[6]" role="menuitem" aria-posinset="7" aria-setsize="7" aria-label="Exit&#x20;&#x28;Shift&#x2b;F3&#x29;" td="ltr" class="urMnuRowOff lsMnuItemHeight"><td class="urMnuColumn urMnuColumnColor"><span class="lsMnuNbsp">&nbsp;</span></td><td class="urMnuIconColumnColor lsMenuItemIcon lsMnuNoIcon"><span class="lsMnuNbsp">&nbsp;</span></td><td class="urMnuTxt"><span style=";white-space:nowrap">Exit</span></td><td class="urMnuTxt lsMnuHK" style=";white-space:nowrap">&nbsp;(Shift+F3)</td><td><span class="urMnuSub lsMirrorRtl">&nbsp;</span></td></tr></tbody></table></div><div id="mnu0_2703-scrldwn" class="urMnuScr urMnuScrDwn lsElement--invisible"><img width="1px" src="/sap/public/icmandir/its/1x1.gif"/></div><div id="mnu0_2703-pointer" class="lsQVPointer"></div></div></xmp></span><span class="urNoUserSelect lsMnu-root-initstyles lsMnu--root" id="mnu0_2704-r" style=";position:absolute;left:25"><xmp class="lsControl--invisible"><div id="mnu0_2704-container" class="urMnu lsPOMNContainer lsPopupMenu__metaData  pspmenu_nr_4" class="lsMnu-display-inline-block"><div id="mnu0_2704-scrlup" class="urMnuScr urMnuScrUp lsElement--invisible  pspmenu_nr_4"><img width="1px" src="/sap/public/icmandir/its/1x1.gif"/></div><div id="mnu0_2704-cnt" class="lsMnuCnt" style=";width:100%;overflow:hidden"><table border="0" cellpadding="0" cellspacing="0" id="mnu0_2704" ct="POMN" lsdata='{"x":0,"5":" pspmenu_nr_4","6":{"SID":"wnd[0]/mbar/menu[1]","Type":"GuiMenu","ModalNo":0}}' lsevents='{"Select":[{},{"1":"action/4","2":true}]}' class="lsMnuTable" role="menu" style=";width:100%"><col/><col/><col/><col/><col/><tbody><tr ct="POMNI" lsdata='{"x":0,"1":"Cancel","15":"ESCAPE","18":{"SID":"wnd[0]/mbar/menu[1]/menu[0]","Type":"GuiMenu"}}' id="wnd[0]/mbar/menu[1]/menu[0]" role="menuitem" aria-posinset="1" aria-setsize="1" aria-label="Cancel&#x20;&#x28;Escape&#x29;" td="ltr" class="urMnuRowOff lsMnuItemHeight  pspmenu_nr_4"><td class="urMnuColumn urMnuColumnColor"><span class="lsMnuNbsp">&nbsp;</span></td><td class="urMnuIconColumnColor lsMenuItemIcon lsMnuNoIcon"><span class="lsMnuNbsp">&nbsp;</span></td><td class="urMnuTxt  pspmenu_nr_4"><span style=";white-space:nowrap">Cancel</span></td><td class="urMnuTxt lsMnuHK  pspmenu_nr_4" style=";white-space:nowrap">&nbsp;(Escape)</td><td><span class="urMnuSub lsMirrorRtl">&nbsp;</span></td></tr></tbody></table></div><div id="mnu0_2704-scrldwn" class="urMnuScr urMnuScrDwn lsElement--invisible  pspmenu_nr_4"><img width="1px" src="/sap/public/icmandir/its/1x1.gif"/></div><div id="mnu0_2704-pointer" class="lsQVPointer"></div></div></xmp></span><span class="urNoUserSelect lsMnu-root-initstyles lsMnu--root" id="mnu0_2705-r" style=";position:absolute;left:25"><xmp class="lsControl--invisible"><div id="mnu0_2705-container" class="urMnu lsPOMNContainer lsPopupMenu__metaData" class="lsMnu-display-inline-block"><div id="mnu0_2705-scrlup" class="urMnuScr urMnuScrUp lsElement--invisible"><img width="1px" src="/sap/public/icmandir/its/1x1.gif"/></div><div id="mnu0_2705-cnt" class="lsMnuCnt" style=";width:100%;overflow:hidden"><table border="0" cellpadding="0" cellspacing="0" id="mnu0_2705" ct="POMN" lsdata='{"x":0,"6":{"SID":"wnd[0]/mbar/menu[2]","Type":"GuiMenu","ModalNo":0}}' lsevents='{"Select":[{},{"1":"action/4","2":true}]}' class="lsMnuTable" role="menu" style=";width:100%"><col/><col/><col/><col/><col/><tbody><tr ct="POMNI" lsdata='{"x":0,"1":"Document Overview","5":false,"18":{"SID":"wnd[0]/mbar/menu[2]/menu[0]","Type":"GuiMenu"}}' id="wnd[0]/mbar/menu[2]/menu[0]" role="menuitem" aria-disabled="true" aria-posinset="1" aria-setsize="3" aria-label="Document&#x20;Overview" td="ltr" class="urMnuRowDsbl lsMnuItemHeight"><td class="urMnuColumn urMnuColumnColor"><span class="lsMnuNbsp">&nbsp;</span></td><td class="urMnuIconColumnColor lsMenuItemIcon lsMnuNoIcon"><span class="lsMnuNbsp">&nbsp;</span></td><td class="urMnuTxt"><span style=";white-space:nowrap">Document Overview</span></td><td class="urMnuTxt lsMnuHK" style=";white-space:nowrap"></td><td><span class="urMnuSub lsMirrorRtl">&nbsp;</span></td></tr><tr ct="POMNI" lsdata='{"x":0,"1":"First Item","15":"SHIFT_F6","18":{"SID":"wnd[0]/mbar/menu[2]/menu[1]","Type":"GuiMenu"}}' id="wnd[0]/mbar/menu[2]/menu[1]" role="menuitem" aria-posinset="2" aria-setsize="3" aria-label="First&#x20;Item&#x20;&#x28;Shift&#x2b;F6&#x29;" td="ltr" class="urMnuRowOff lsMnuItemHeight"><td class="urMnuColumn urMnuColumnColor"><span class="lsMnuNbsp">&nbsp;</span></td><td class="urMnuIconColumnColor lsMenuItemIcon lsMnuNoIcon"><span class="lsMnuNbsp">&nbsp;</span></td><td class="urMnuTxt"><span style=";white-space:nowrap">First Item</span></td><td class="urMnuTxt lsMnuHK" style=";white-space:nowrap">&nbsp;(Shift+F6)</td><td><span class="urMnuSub lsMirrorRtl">&nbsp;</span></td></tr><tr ct="POMNI" lsdata='{"x":0,"1":"Back","15":"F3","18":{"SID":"wnd[0]/mbar/menu[2]/menu[2]","Type":"GuiMenu"}}' id="wnd[0]/mbar/menu[2]/menu[2]" role="menuitem" aria-posinset="3" aria-setsize="3" aria-label="Back&#x20;&#x28;F3&#x29;" td="ltr" class="urMnuRowOff lsMnuItemHeight"><td class="urMnuColumn urMnuColumnColor"><span class="lsMnuNbsp">&nbsp;</span></td><td class="urMnuIconColumnColor lsMenuItemIcon lsMnuNoIcon"><span class="lsMnuNbsp">&nbsp;</span></td><td class="urMnuTxt"><span style=";white-space:nowrap">Back</span></td><td class="urMnuTxt lsMnuHK" style=";white-space:nowrap">&nbsp;(F3)</td><td><span class="urMnuSub lsMirrorRtl">&nbsp;</span></td></tr></tbody></table></div><div id="mnu0_2705-scrldwn" class="urMnuScr urMnuScrDwn lsElement--invisible"><img width="1px" src="/sap/public/icmandir/its/1x1.gif"/></div><div id="mnu0_2705-pointer" class="lsQVPointer"></div></div></xmp></span><span class="urNoUserSelect lsMnu-root-initstyles lsMnu--root" id="mnu0_2706-r" style=";position:absolute;left:25"><xmp class="lsControl--invisible"><div id="mnu0_2706-container" class="urMnu lsPOMNContainer lsPopupMenu__metaData" class="lsMnu-display-inline-block"><div id="mnu0_2706-scrlup" class="urMnuScr urMnuScrUp lsElement--invisible"><img width="1px" src="/sap/public/icmandir/its/1x1.gif"/></div><div id="mnu0_2706-cnt" class="lsMnuCnt" style=";width:100%;overflow:hidden"><table border="0" cellpadding="0" cellspacing="0" id="mnu0_2706" ct="POMN" lsdata='{"x":0,"6":{"SID":"wnd[0]/mbar/menu[3]/menu[0]","Type":"GuiMenu","ModalNo":0}}' lsevents='{"Select":[{},{"1":"action/4","2":true}]}' class="lsMnuTable" role="menu" style=";width:100%"><col/><col/><col/><col/><col/><tbody><tr ct="POMNI" lsdata='{"x":0,"1":"Hold Data","18":{"SID":"wnd[0]/mbar/menu[3]/menu[0]/menu[0]","Type":"GuiMenu"}}' id="wnd[0]/mbar/menu[3]/menu[0]/menu[0]" role="menuitem" aria-posinset="1" aria-setsize="3" aria-label="Hold&#x20;Data" td="ltr" class="urMnuRowOff lsMnuItemHeight"><td class="urMnuColumn urMnuColumnColor"><span class="lsMnuNbsp">&nbsp;</span></td><td class="urMnuIconColumnColor lsMenuItemIcon lsMnuNoIcon"><span class="lsMnuNbsp">&nbsp;</span></td><td class="urMnuTxt"><span style=";white-space:nowrap">Hold Data</span></td><td class="urMnuTxt lsMnuHK" style=";white-space:nowrap"></td><td><span class="urMnuSub lsMirrorRtl">&nbsp;</span></td></tr><tr ct="POMNI" lsdata='{"x":0,"1":"Set Data","18":{"SID":"wnd[0]/mbar/menu[3]/menu[0]/menu[1]","Type":"GuiMenu"}}' id="wnd[0]/mbar/menu[3]/menu[0]/menu[1]" role="menuitem" aria-posinset="2" aria-setsize="3" aria-label="Set&#x20;Data" td="ltr" class="urMnuRowOff lsMnuItemHeight"><td class="urMnuColumn urMnuColumnColor"><span class="lsMnuNbsp">&nbsp;</span></td><td class="urMnuIconColumnColor lsMenuItemIcon lsMnuNoIcon"><span class="lsMnuNbsp">&nbsp;</span></td><td class="urMnuTxt"><span style=";white-space:nowrap">Set Data</span></td><td class="urMnuTxt lsMnuHK" style=";white-space:nowrap"></td><td><span class="urMnuSub lsMirrorRtl">&nbsp;</span></td></tr><tr ct="POMNI" lsdata='{"x":0,"1":"Delete Data","18":{"SID":"wnd[0]/mbar/menu[3]/menu[0]/menu[2]","Type":"GuiMenu"}}' id="wnd[0]/mbar/menu[3]/menu[0]/menu[2]" role="menuitem" aria-posinset="3" aria-setsize="3" aria-label="Delete&#x20;Data" td="ltr" class="urMnuRowOff lsMnuItemHeight"><td class="urMnuColumn urMnuColumnColor"><span class="lsMnuNbsp">&nbsp;</span></td><td class="urMnuIconColumnColor lsMenuItemIcon lsMnuNoIcon"><span class="lsMnuNbsp">&nbsp;</span></td><td class="urMnuTxt"><span style=";white-space:nowrap">Delete Data</span></td><td class="urMnuTxt lsMnuHK" style=";white-space:nowrap"></td><td><span class="urMnuSub lsMirrorRtl">&nbsp;</span></td></tr></tbody></table></div><div id="mnu0_2706-scrldwn" class="urMnuScr urMnuScrDwn lsElement--invisible"><img width="1px" src="/sap/public/icmandir/its/1x1.gif"/></div><div id="mnu0_2706-pointer" class="lsQVPointer"></div></div></xmp></span><span class="urNoUserSelect lsMnu-root-initstyles lsMnu--root" id="mnu0_2707-r" style=";position:absolute;left:25"><xmp class="lsControl--invisible"><div id="mnu0_2707-container" class="urMnu lsPOMNContainer lsPopupMenu__metaData" class="lsMnu-display-inline-block"><div id="mnu0_2707-scrlup" class="urMnuScr urMnuScrUp lsElement--invisible"><img width="1px" src="/sap/public/icmandir/its/1x1.gif"/></div><div id="mnu0_2707-cnt" class="lsMnuCnt" style=";width:100%;overflow:hidden"><table border="0" cellpadding="0" cellspacing="0" id="mnu0_2707" ct="POMN" lsdata='{"x":0,"6":{"SID":"wnd[0]/mbar/menu[3]/menu[1]","Type":"GuiMenu","ModalNo":0}}' lsevents='{"Select":[{},{"1":"action/4","2":true}]}' class="lsMnuTable" role="menu" style=";width:100%"><col/><col/><col/><col/><col/><tbody><tr ct="POMNI" lsdata='{"x":0,"1":"Object History","18":{"SID":"wnd[0]/mbar/menu[3]/menu[1]/menu[0]","Type":"GuiMenu"}}' id="wnd[0]/mbar/menu[3]/menu[1]/menu[0]" role="menuitem" aria-posinset="1" aria-setsize="2" aria-label="Object&#x20;History" td="ltr" class="urMnuRowOff lsMnuItemHeight"><td class="urMnuColumn urMnuColumnColor"><span class="lsMnuNbsp">&nbsp;</span></td><td class="urMnuIconColumnColor lsMenuItemIcon lsMnuNoIcon"><span class="lsMnuNbsp">&nbsp;</span></td><td class="urMnuTxt"><span style=";white-space:nowrap">Object History</span></td><td class="urMnuTxt lsMnuHK" style=";white-space:nowrap"></td><td><span class="urMnuSub lsMirrorRtl">&nbsp;</span></td></tr><tr ct="POMNI" lsdata='{"x":0,"1":"Edit Objects","18":{"SID":"wnd[0]/mbar/menu[3]/menu[1]/menu[1]","Type":"GuiMenu"}}' id="wnd[0]/mbar/menu[3]/menu[1]/menu[1]" role="menuitem" aria-posinset="2" aria-setsize="2" aria-label="Edit&#x20;Objects" td="ltr" class="urMnuRowOff lsMnuItemHeight"><td class="urMnuColumn urMnuColumnColor"><span class="lsMnuNbsp">&nbsp;</span></td><td class="urMnuIconColumnColor lsMenuItemIcon lsMnuNoIcon"><span class="lsMnuNbsp">&nbsp;</span></td><td class="urMnuTxt"><span style=";white-space:nowrap">Edit Objects</span></td><td class="urMnuTxt lsMnuHK" style=";white-space:nowrap"></td><td><span class="urMnuSub lsMirrorRtl">&nbsp;</span></td></tr></tbody></table></div><div id="mnu0_2707-scrldwn" class="urMnuScr urMnuScrDwn lsElement--invisible"><img width="1px" src="/sap/public/icmandir/its/1x1.gif"/></div><div id="mnu0_2707-pointer" class="lsQVPointer"></div></div></xmp></span><span class="urNoUserSelect lsMnu-root-initstyles lsMnu--root" id="mnu0_2708-r" style=";position:absolute;left:25"><xmp class="lsControl--invisible"><div id="mnu0_2708-container" class="urMnu lsPOMNContainer lsPopupMenu__metaData" class="lsMnu-display-inline-block"><div id="mnu0_2708-scrlup" class="urMnuScr urMnuScrUp lsElement--invisible"><img width="1px" src="/sap/public/icmandir/its/1x1.gif"/></div><div id="mnu0_2708-cnt" class="lsMnuCnt" style=";width:100%;overflow:hidden"><table border="0" cellpadding="0" cellspacing="0" id="mnu0_2708" ct="POMN" lsdata='{"x":0,"6":{"SID":"wnd[0]/mbar/menu[3]","Type":"GuiMenu","ModalNo":0}}' lsevents='{"Select":[{},{"1":"action/4","2":true}]}' class="lsMnuTable" role="menu" style=";width:100%"><col/><col/><col/><col/><col/><tbody><tr ct="POMNI" lsdata='{"x":0,"1":"User Profile","6":true,"7":"mnu0_2706","18":{"SID":"wnd[0]/mbar/menu[3]/menu[0]","Type":"GuiMenu"}}' id="wnd[0]/mbar/menu[3]/menu[0]" role="menuitem" aria-haspopup="true" aria-posinset="1" aria-setsize="4" aria-label="User&#x20;Profile" td="ltr" class="lsMnuSubMenu urMnuRowOff lsMnuItemHeight"><td class="urMnuColumn urMnuColumnColor"><span class="lsMnuNbsp">&nbsp;</span></td><td class="urMnuIconColumnColor lsMenuItemIcon lsMnuNoIcon"><span class="lsMnuNbsp">&nbsp;</span></td><td class="urMnuTxt"><span style=";white-space:nowrap">User Profile</span></td><td class="urMnuTxt lsMnuHK" style=";white-space:nowrap"></td><td><span class="urMnuSubOn lsMirrorRtl">&nbsp;&nbsp;&nbsp;</span></td></tr><tr ct="POMNI" lsdata='{"x":0,"1":"My Objects","6":true,"7":"mnu0_2707","18":{"SID":"wnd[0]/mbar/menu[3]/menu[1]","Type":"GuiMenu"}}' id="wnd[0]/mbar/menu[3]/menu[1]" role="menuitem" aria-haspopup="true" aria-posinset="2" aria-setsize="4" aria-label="My&#x20;Objects" td="ltr" class="lsMnuSubMenu urMnuRowOff lsMnuItemHeight"><td class="urMnuColumn urMnuColumnColor"><span class="lsMnuNbsp">&nbsp;</span></td><td class="urMnuIconColumnColor lsMenuItemIcon lsMnuNoIcon"><span class="lsMnuNbsp">&nbsp;</span></td><td class="urMnuTxt"><span style=";white-space:nowrap">My Objects</span></td><td class="urMnuTxt lsMnuHK" style=";white-space:nowrap"></td><td><span class="urMnuSubOn lsMirrorRtl">&nbsp;&nbsp;&nbsp;</span></td></tr><tr ct="POMNI" lsdata='{"x":0,"1":"Display Authorization Check","18":{"SID":"wnd[0]/mbar/menu[3]/menu[2]","Type":"GuiMenu"}}' id="wnd[0]/mbar/menu[3]/menu[2]" role="menuitem" aria-posinset="3" aria-setsize="4" aria-label="Display&#x20;Authorization&#x20;Check" td="ltr" class="urMnuRowOff lsMnuItemHeight"><td class="urMnuColumn urMnuColumnColor"><span class="lsMnuNbsp">&nbsp;</span></td><td class="urMnuIconColumnColor lsMenuItemIcon lsMnuNoIcon"><span class="lsMnuNbsp">&nbsp;</span></td><td class="urMnuTxt"><span style=";white-space:nowrap">Display Authorization Check</span></td><td class="urMnuTxt lsMnuHK" style=";white-space:nowrap"></td><td><span class="urMnuSub lsMirrorRtl">&nbsp;</span></td></tr><tr ct="POMNI" lsdata='{"x":0,"1":"Status...","18":{"SID":"wnd[0]/mbar/menu[3]/menu[3]","Type":"GuiMenu"}}' id="wnd[0]/mbar/menu[3]/menu[3]" role="menuitem" aria-posinset="4" aria-setsize="4" aria-label="Status..." td="ltr" class="urMnuRowOff lsMnuItemHeight"><td class="urMnuColumn urMnuColumnColor"><span class="lsMnuNbsp">&nbsp;</span></td><td class="urMnuIconColumnColor lsMenuItemIcon lsMnuNoIcon"><span class="lsMnuNbsp">&nbsp;</span></td><td class="urMnuTxt"><span style=";white-space:nowrap">Status...</span></td><td class="urMnuTxt lsMnuHK" style=";white-space:nowrap"></td><td><span class="urMnuSub lsMirrorRtl">&nbsp;</span></td></tr></tbody></table></div><div id="mnu0_2708-scrldwn" class="urMnuScr urMnuScrDwn lsElement--invisible"><img width="1px" src="/sap/public/icmandir/its/1x1.gif"/></div><div id="mnu0_2708-pointer" class="lsQVPointer"></div></div></xmp></span><span class="urNoUserSelect lsMnu-root-initstyles lsMnu--root" id="mnu0_2709-r" style=";position:absolute;left:25"><xmp class="lsControl--invisible"><div id="mnu0_2709-container" class="urMnu lsPOMNContainer lsPopupMenu__metaData" class="lsMnu-display-inline-block"><div id="mnu0_2709-scrlup" class="urMnuScr urMnuScrUp lsElement--invisible"><img width="1px" src="/sap/public/icmandir/its/1x1.gif"/></div><div id="mnu0_2709-cnt" class="lsMnuCnt" style=";width:100%;overflow:hidden"><table border="0" cellpadding="0" cellspacing="0" id="mnu0_2709" ct="POMN" lsdata='{"x":0,"6":{"SID":"wnd[0]/mbar/menu[4]","Type":"GuiMenu","ModalNo":0}}' lsevents='{"Select":[{},{"1":"action/4","2":true}]}' class="lsMnuTable" role="menu" style=";width:100%"><col/><col/><col/><col/><col/><tbody><tr ct="POMNI" lsdata='{"x":0,"1":"Product Assistance","18":{"SID":"wnd[0]/mbar/menu[4]/menu[0]","Type":"GuiMenu"}}' id="wnd[0]/mbar/menu[4]/menu[0]" role="menuitem" aria-posinset="1" aria-setsize="7" aria-label="Product&#x20;Assistance" td="ltr" class="urMnuRowOff lsMnuItemHeight"><td class="urMnuColumn urMnuColumnColor"><span class="lsMnuNbsp">&nbsp;</span></td><td class="urMnuIconColumnColor lsMenuItemIcon lsMnuNoIcon"><span class="lsMnuNbsp">&nbsp;</span></td><td class="urMnuTxt"><span style=";white-space:nowrap">Product Assistance</span></td><td class="urMnuTxt lsMnuHK" style=";white-space:nowrap"></td><td><span class="urMnuSub lsMirrorRtl">&nbsp;</span></td></tr><tr ct="POMNI" lsdata='{"x":0,"1":"SAP Help Portal","18":{"SID":"wnd[0]/mbar/menu[4]/menu[1]","Type":"GuiMenu"}}' id="wnd[0]/mbar/menu[4]/menu[1]" role="menuitem" aria-posinset="2" aria-setsize="7" aria-label="SAP&#x20;Help&#x20;Portal" td="ltr" class="urMnuRowOff lsMnuItemHeight"><td class="urMnuColumn urMnuColumnColor"><span class="lsMnuNbsp">&nbsp;</span></td><td class="urMnuIconColumnColor lsMenuItemIcon lsMnuNoIcon"><span class="lsMnuNbsp">&nbsp;</span></td><td class="urMnuTxt"><span style=";white-space:nowrap">SAP Help Portal</span></td><td class="urMnuTxt lsMnuHK" style=";white-space:nowrap"></td><td><span class="urMnuSub lsMirrorRtl">&nbsp;</span></td></tr><tr role="presentation" class="urMnuRowOff lsMnuItemIsSeparator"><td class="urMnuColumn urMnuColumnColor " role="presentation">&nbsp;</td><td class="urMnuIconColumnColor lsMenuItemIcon" role="presentation">&nbsp;</td><td class="urMnuDvdr" colspan="3" role="presentation"><div role="presentation">&nbsp;</div></td></tr><tr ct="POMNI" lsdata='{"x":0,"1":"SAP Support Portal","4":true,"18":{"SID":"wnd[0]/mbar/menu[4]/menu[3]","Type":"GuiMenu"}}' id="wnd[0]/mbar/menu[4]/menu[3]" role="menuitem" aria-posinset="3" aria-setsize="7" aria-label="SAP&#x20;Support&#x20;Portal" td="ltr" class="urMnuRowOff lsMnuItemHeight"><td class="urMnuColumn urMnuColumnColor"><span class="lsMnuNbsp">&nbsp;</span></td><td class="urMnuIconColumnColor lsMenuItemIcon lsMnuNoIcon"><span class="lsMnuNbsp">&nbsp;</span></td><td class="urMnuTxt"><span style=";white-space:nowrap">SAP Support Portal</span></td><td class="urMnuTxt lsMnuHK" style=";white-space:nowrap"></td><td><span class="urMnuSub lsMirrorRtl">&nbsp;</span></td></tr><tr ct="POMNI" lsdata='{"x":0,"1":"Create Support Message","18":{"SID":"wnd[0]/mbar/menu[4]/menu[4]","Type":"GuiMenu"}}' id="wnd[0]/mbar/menu[4]/menu[4]" role="menuitem" aria-posinset="4" aria-setsize="7" aria-label="Create&#x20;Support&#x20;Message" td="ltr" class="urMnuRowOff lsMnuItemHeight"><td class="urMnuColumn urMnuColumnColor"><span class="lsMnuNbsp">&nbsp;</span></td><td class="urMnuIconColumnColor lsMenuItemIcon lsMnuNoIcon"><span class="lsMnuNbsp">&nbsp;</span></td><td class="urMnuTxt"><span style=";white-space:nowrap">Create Support Message</span></td><td class="urMnuTxt lsMnuHK" style=";white-space:nowrap"></td><td><span class="urMnuSub lsMirrorRtl">&nbsp;</span></td></tr><tr role="presentation" class="urMnuRowOff lsMnuItemIsSeparator"><td class="urMnuColumn urMnuColumnColor " role="presentation">&nbsp;</td><td class="urMnuIconColumnColor lsMenuItemIcon" role="presentation">&nbsp;</td><td class="urMnuDvdr" colspan="3" role="presentation"><div role="presentation">&nbsp;</div></td></tr><tr ct="POMNI" lsdata='{"x":0,"1":"Settings...","4":true,"18":{"SID":"wnd[0]/mbar/menu[4]/menu[6]","Type":"GuiMenu"}}' id="wnd[0]/mbar/menu[4]/menu[6]" role="menuitem" aria-posinset="5" aria-setsize="7" aria-label="Settings..." td="ltr" class="urMnuRowOff lsMnuItemHeight"><td class="urMnuColumn urMnuColumnColor"><span class="lsMnuNbsp">&nbsp;</span></td><td class="urMnuIconColumnColor lsMenuItemIcon lsMnuNoIcon"><span class="lsMnuNbsp">&nbsp;</span></td><td class="urMnuTxt"><span style=";white-space:nowrap">Settings...</span></td><td class="urMnuTxt lsMnuHK" style=";white-space:nowrap"></td><td><span class="urMnuSub lsMirrorRtl">&nbsp;</span></td></tr><tr ct="POMNI" lsdata='{"x":0,"1":"Reveal Data","18":{"SID":"wnd[0]/mbar/menu[4]/menu[7]","Type":"GuiMenu"}}' id="wnd[0]/mbar/menu[4]/menu[7]" role="menuitem" aria-posinset="6" aria-setsize="7" aria-label="Reveal&#x20;Data" td="ltr" class="urMnuRowOff lsMnuItemHeight"><td class="urMnuColumn urMnuColumnColor"><span class="lsMnuNbsp">&nbsp;</span></td><td class="urMnuIconColumnColor lsMenuItemIcon lsMnuNoIcon"><span class="lsMnuNbsp">&nbsp;</span></td><td class="urMnuTxt"><span style=";white-space:nowrap">Reveal Data</span></td><td class="urMnuTxt lsMnuHK" style=";white-space:nowrap"></td><td><span class="urMnuSub lsMirrorRtl">&nbsp;</span></td></tr><tr ct="POMNI" lsdata='{"x":0,"1":"Hide Data","18":{"SID":"wnd[0]/mbar/menu[4]/menu[8]","Type":"GuiMenu"}}' id="wnd[0]/mbar/menu[4]/menu[8]" role="menuitem" aria-posinset="7" aria-setsize="7" aria-label="Hide&#x20;Data" td="ltr" class="urMnuRowOff lsMnuItemHeight"><td class="urMnuColumn urMnuColumnColor"><span class="lsMnuNbsp">&nbsp;</span></td><td class="urMnuIconColumnColor lsMenuItemIcon lsMnuNoIcon"><span class="lsMnuNbsp">&nbsp;</span></td><td class="urMnuTxt"><span style=";white-space:nowrap">Hide Data</span></td><td class="urMnuTxt lsMnuHK" style=";white-space:nowrap"></td><td><span class="urMnuSub lsMirrorRtl">&nbsp;</span></td></tr></tbody></table></div><div id="mnu0_2709-scrldwn" class="urMnuScr urMnuScrDwn lsElement--invisible"><img width="1px" src="/sap/public/icmandir/its/1x1.gif"/></div><div id="mnu0_2709-pointer" class="lsQVPointer"></div></div></xmp></span></div>]]></content></control-update><control-update id="backpackUA"><content><![CDATA[<div id="backpackUA" ct="CO"><div id="dragndrop0" ct="CO"></div><span class="urNoUserSelect lsMnu-root-initstyles lsMnu--contextmenu" id="mnu0_2711-r" style=";position:absolute;left:25"><xmp class="lsControl--invisible"><div id="mnu0_2711-container" class="urMnu lsPOMNContainer lsPopupMenu__metaData" class="lsMnu-display-inline-block"><div id="mnu0_2711-header-tooltip" class="urMnuTooltipHeader urMnuRow lsElement--invisible"></div><div id="mnu0_2711-header-text" class="urMnuTextHeader urMnuRow lsElement--invisible" style=";display:none"></div><div id="mnu0_2711-header-datatip" class="urMnuDatatipHeader urMnuRow lsElement--invisible" style=";display:none"></div><div id="mnu0_2711-scrlup" class="urMnuScr urMnuScrUp lsElement--invisible"><img width="1px" src="/sap/public/icmandir/its/1x1.gif"/></div><div id="mnu0_2711-cnt" class="lsMnuCnt" style=";width:100%;overflow:hidden"><table border="0" cellpadding="0" cellspacing="0" id="mnu0_2711" ct="POMN" lsdata='{"x":0,"6":{"SID":"wnd[0]/usr/mnu","Type":"GuiMenu","ModalNo":0},"7":true}' lsevents='{"Select":[{},{"1":"action/4","2":true}]}' class="lsMnuTable" role="menu" style=";width:100%"><col/><col/><col/><col/><col/><tbody><tr ct="POMNI" lsdata='{"x":0,"1":"Continue","15":"ENTER","18":{"SID":"wnd[0]/usr/mnu/menu[0]","Type":"GuiMenu"}}' id="wnd[0]/usr/mnu/menu[0]" role="menuitem" aria-posinset="1" aria-setsize="9" aria-label="Continue&#x20;&#x28;Enter&#x29;" td="ltr" class="urMnuRowOff lsMnuItemHeight"><td class="urMnuColumn urMnuColumnColor"><span class="lsMnuNbsp">&nbsp;</span></td><td class="urMnuIconColumnColor lsMenuItemIcon lsMnuNoIcon"><span class="lsMnuNbsp">&nbsp;</span></td><td class="urMnuTxt"><span style=";white-space:nowrap">Continue</span></td><td class="urMnuTxt lsMnuHK" style=";white-space:nowrap">&nbsp;(Enter)</td><td><span class="urMnuSub lsMirrorRtl">&nbsp;</span></td></tr><tr ct="POMNI" lsdata='{"x":0,"1":"Help","15":"F1","18":{"SID":"wnd[0]/usr/mnu/menu[1]","Type":"GuiMenu"}}' id="wnd[0]/usr/mnu/menu[1]" role="menuitem" aria-posinset="2" aria-setsize="9" aria-label="Help&#x20;&#x28;F1&#x29;" td="ltr" class="urMnuRowOff lsMnuItemHeight"><td class="urMnuColumn urMnuColumnColor"><span class="lsMnuNbsp">&nbsp;</span></td><td class="urMnuIconColumnColor lsMenuItemIcon lsMnuNoIcon"><span class="lsMnuNbsp">&nbsp;</span></td><td class="urMnuTxt"><span style=";white-space:nowrap">Help</span></td><td class="urMnuTxt lsMnuHK" style=";white-space:nowrap">&nbsp;(F1)</td><td><span class="urMnuSub lsMirrorRtl">&nbsp;</span></td></tr><tr ct="POMNI" lsdata='{"x":0,"1":"Back","15":"F3","18":{"SID":"wnd[0]/usr/mnu/menu[2]","Type":"GuiMenu"}}' id="wnd[0]/usr/mnu/menu[2]" role="menuitem" aria-posinset="3" aria-setsize="9" aria-label="Back&#x20;&#x28;F3&#x29;" td="ltr" class="urMnuRowOff lsMnuItemHeight"><td class="urMnuColumn urMnuColumnColor"><span class="lsMnuNbsp">&nbsp;</span></td><td class="urMnuIconColumnColor lsMenuItemIcon lsMnuNoIcon"><span class="lsMnuNbsp">&nbsp;</span></td><td class="urMnuTxt"><span style=";white-space:nowrap">Back</span></td><td class="urMnuTxt lsMnuHK" style=";white-space:nowrap">&nbsp;(F3)</td><td><span class="urMnuSub lsMirrorRtl">&nbsp;</span></td></tr><tr ct="POMNI" lsdata='{"x":0,"1":"Possible Entries","15":"F4","18":{"SID":"wnd[0]/usr/mnu/menu[3]","Type":"GuiMenu"}}' id="wnd[0]/usr/mnu/menu[3]" role="menuitem" aria-posinset="4" aria-setsize="9" aria-label="Possible&#x20;Entries&#x20;&#x28;F4&#x29;" td="ltr" class="urMnuRowOff lsMnuItemHeight"><td class="urMnuColumn urMnuColumnColor"><span class="lsMnuNbsp">&nbsp;</span></td><td class="urMnuIconColumnColor lsMenuItemIcon lsMnuNoIcon"><span class="lsMnuNbsp">&nbsp;</span></td><td class="urMnuTxt"><span style=";white-space:nowrap">Possible Entries</span></td><td class="urMnuTxt lsMnuHK" style=";white-space:nowrap">&nbsp;(F4)</td><td><span class="urMnuSub lsMirrorRtl">&nbsp;</span></td></tr><tr ct="POMNI" lsdata='{"x":0,"1":"Cancel","15":"ESCAPE","18":{"SID":"wnd[0]/usr/mnu/menu[4]","Type":"GuiMenu"}}' id="wnd[0]/usr/mnu/menu[4]" role="menuitem" aria-posinset="5" aria-setsize="9" aria-label="Cancel&#x20;&#x28;Escape&#x29;" td="ltr" class="urMnuRowOff lsMnuItemHeight"><td class="urMnuColumn urMnuColumnColor"><span class="lsMnuNbsp">&nbsp;</span></td><td class="urMnuIconColumnColor lsMenuItemIcon lsMnuNoIcon"><span class="lsMnuNbsp">&nbsp;</span></td><td class="urMnuTxt"><span style=";white-space:nowrap">Cancel</span></td><td class="urMnuTxt lsMnuHK" style=";white-space:nowrap">&nbsp;(Escape)</td><td><span class="urMnuSub lsMirrorRtl">&nbsp;</span></td></tr><tr ct="POMNI" lsdata='{"x":0,"1":"Exit","15":"SHIFT_F3","18":{"SID":"wnd[0]/usr/mnu/menu[5]","Type":"GuiMenu"}}' id="wnd[0]/usr/mnu/menu[5]" role="menuitem" aria-posinset="6" aria-setsize="9" aria-label="Exit&#x20;&#x28;Shift&#x2b;F3&#x29;" td="ltr" class="urMnuRowOff lsMnuItemHeight"><td class="urMnuColumn urMnuColumnColor"><span class="lsMnuNbsp">&nbsp;</span></td><td class="urMnuIconColumnColor lsMenuItemIcon lsMnuNoIcon"><span class="lsMnuNbsp">&nbsp;</span></td><td class="urMnuTxt"><span style=";white-space:nowrap">Exit</span></td><td class="urMnuTxt lsMnuHK" style=";white-space:nowrap">&nbsp;(Shift+F3)</td><td><span class="urMnuSub lsMirrorRtl">&nbsp;</span></td></tr><tr ct="POMNI" lsdata='{"x":0,"1":"Editing Options","15":"SHIFT_F4","18":{"SID":"wnd[0]/usr/mnu/menu[6]","Type":"GuiMenu"}}' id="wnd[0]/usr/mnu/menu[6]" role="menuitem" aria-posinset="7" aria-setsize="9" aria-label="Editing&#x20;Options&#x20;&#x28;Shift&#x2b;F4&#x29;" td="ltr" class="urMnuRowOff lsMnuItemHeight"><td class="urMnuColumn urMnuColumnColor"><span class="lsMnuNbsp">&nbsp;</span></td><td class="urMnuIconColumnColor lsMenuItemIcon lsMnuNoIcon"><span class="lsMnuNbsp">&nbsp;</span></td><td class="urMnuTxt"><span style=";white-space:nowrap">Editing Options</span></td><td class="urMnuTxt lsMnuHK" style=";white-space:nowrap">&nbsp;(Shift+F4)</td><td><span class="urMnuSub lsMirrorRtl">&nbsp;</span></td></tr><tr ct="POMNI" lsdata='{"x":0,"1":"First Item","15":"SHIFT_F6","18":{"SID":"wnd[0]/usr/mnu/menu[7]","Type":"GuiMenu"}}' id="wnd[0]/usr/mnu/menu[7]" role="menuitem" aria-posinset="8" aria-setsize="9" aria-label="First&#x20;Item&#x20;&#x28;Shift&#x2b;F6&#x29;" td="ltr" class="urMnuRowOff lsMnuItemHeight"><td class="urMnuColumn urMnuColumnColor"><span class="lsMnuNbsp">&nbsp;</span></td><td class="urMnuIconColumnColor lsMenuItemIcon lsMnuNoIcon"><span class="lsMnuNbsp">&nbsp;</span></td><td class="urMnuTxt"><span style=";white-space:nowrap">First Item</span></td><td class="urMnuTxt lsMnuHK" style=";white-space:nowrap">&nbsp;(Shift+F6)</td><td><span class="urMnuSub lsMirrorRtl">&nbsp;</span></td></tr><tr ct="POMNI" lsdata='{"x":0,"1":"List","15":"SHIFT_F8","18":{"SID":"wnd[0]/usr/mnu/menu[8]","Type":"GuiMenu"}}' id="wnd[0]/usr/mnu/menu[8]" role="menuitem" aria-posinset="9" aria-setsize="9" aria-label="List&#x20;&#x28;Shift&#x2b;F8&#x29;" td="ltr" class="urMnuRowOff lsMnuItemHeight"><td class="urMnuColumn urMnuColumnColor"><span class="lsMnuNbsp">&nbsp;</span></td><td class="urMnuIconColumnColor lsMenuItemIcon lsMnuNoIcon"><span class="lsMnuNbsp">&nbsp;</span></td><td class="urMnuTxt"><span style=";white-space:nowrap">List</span></td><td class="urMnuTxt lsMnuHK" style=";white-space:nowrap">&nbsp;(Shift+F8)</td><td><span class="urMnuSub lsMirrorRtl">&nbsp;</span></td></tr></tbody></table></div><div id="mnu0_2711-scrldwn" class="urMnuScr urMnuScrDwn lsElement--invisible"><img width="1px" src="/sap/public/icmandir/its/1x1.gif"/></div><div id="mnu0_2711-pointer" class="lsQVPointer"></div></div></xmp></span></div>]]></content></control-update><control-update id="webguiKeys"><content><![CDATA[<span class="lsControl--invisible" id="webguiKeys" ct="HKC"><span ct="HK" lsdata='{"0":"ENTER","1":"0"}'></span><span ct="HK" lsdata='{"0":"SHIFT_F8","1":"0"}'></span><span ct="HK" lsdata='{"0":"SHIFT_F3","1":"0"}'></span><span ct="HK" lsdata='{"0":"ESCAPE","1":"0"}'></span><span ct="HK" lsdata='{"0":"SHIFT_F6","1":"0"}'></span><span ct="HK" lsdata='{"0":"F3","1":"0"}'></span><span ct="HK" lsdata='{"0":"SHIFT_F4","1":"0"}'></span><span ct="HK" lsdata='{"0":"F1","1":"0"}'></span><span ct="HK" lsdata='{"0":"F4","1":"0"}'></span></span>]]></content></control-update><control-update id="timer0_bp"><content><![CDATA[<div id="timer0_bp" ct="CO"></div>]]></content></control-update><control-update id="timer1_bp"><content><![CDATA[<div id="timer1_bp" ct="CO"></div>]]></content></control-update><control-update id="timer2_bp"><content><![CDATA[<div id="timer2_bp" ct="CO"></div>]]></content></control-update><control-update id="timer3_bp"><content><![CDATA[<div id="timer3_bp" ct="CO"></div>]]></content></control-update><initialize-ids><![CDATA[<span id="UCF_InitializeIDs" style="display:none">[]</span>]]></initialize-ids></delta-update><delta-update><control-update id="steploop0"><content><![CDATA[<div id="steploop0" ct="PLP" class="lsPagelayout__panel lsPagelayout__panel--end"></div>]]></content></control-update><control-update id="cuaarea"><content><![CDATA[<div id="cuaarea" ct="CO" lsdata='{"x":0,"5":{"SID":"wnd[0]/titl","Type":"FioriTitleBar"}}' class=" lsContainer--verticalsizing-fill"><div id="cuaheader" ct="PHM" lsdata='{"x":0,"3":false,"4":"pspghd_transp_theme pstitl pstitl_nr_7"}' class="lsPageHeader--root urPgH pspghd_transp_theme pstitl pstitl_nr_7"><div id="Cua2Fiori2Toolbar" idx="0" sub-ct="PAHI" class="lsPageHeader--item lsPageHeader--lastItem urPgHITrans"><div border="0" cellpadding="0" cellspacing="0" id="u20B38-r" role="presentation" class="lsToolbar--root-container"><div id="u20B38" ct="T" lsdata='{"0":"u20B38","1":"TRANSPARENT","7":true,"10":{"SID":"wnd[0]/tbar[0]","Type":"GuiToolBar"},"11":"pstbar pstbar1","13":"LARGE"}' role="presentation" data-overflowButton-id="u20B3A" class="lsToolbar lsToolbar--standards-overflow  lsToolbar--standards lsToolbar--size-large lsToobar--design-transparent lsToolbar--design-default pstbar pstbar1"><div role="toolbar" aria-roledescription="Toolbar&#x20;with&#x20;overflow" id="u20B38-itms" class="lsToolbar--standards-leftItems"><span id="cua2sapmenu_btn-r" data-priority="0" data-rightitem="false" class="lsToolbar--item lsToolbar--item-button  lsToolbar--item-button-transparent lsToolbar--item-left" canHide="false"><div draggable="false" id="cua2sapmenu_btn" ct="B" lsdata='{"0":"Menu","2":"TRANSPARENT","4":"Menu","14":true,"15":"mnu0_2710","18":"M","22":true,"26":"TOGGLE","27":"psbtn","28":{"SID":"wnd[0]/tbar[0]/[0]","Type":"GuiButton","SubType":"toolbar"}}' lsevents='{"Press":[{},{"1":"action/3","2":true,"3":true}]}' role="button" aria-haspopup="true" title="Menu" data-sap-ls-accesskey="M" accesskey="M" tabindex="0" ti="0" class="lsButton lsButton--base urInlineMetricTop urNoUserSelect psbtn urBtnRadius lsButton--popupmenu  lsButton--useintoolbar  lsButton--active  lsButton--focusable  lsButton--up lsButton--design-transparent "><span id="cua2sapmenu_btn-cnt" class="urNoUserSelect lsButton--content lsControl--centeraligned lsButton--content-design" role="presentation"><span class="lsButton__text  lsControl--noWrapping" id="cua2sapmenu_btn-caption"><span class="urAccessKey" >M</span>enu</span><span id="cua2sapmenu_btn-MnuIco" role="presentation" aria-hidden="true" data-sap-ls-icon="&#xe1ef;" class="lsControl--icon lsButton--menu lsBtnMnuFontIcon lsBtnMnuDspl urBtnMnuIco lsMirrorRtl"></span></span></div></span><span data-rightitem="false" class="lsToolbar--item lsToolbar--item-field lsToolbar--item-left lsControl--invisible" id="ToolbarOkCode-tr" data-priority="0" data-showalways="true" data-control-id="ToolbarOkCode" canHide="true"><span id="ToolbarOkCode-r" class="lsField lsField--empty lsField--toolbar psokcd lsField--hashelp lsField--list lsField--interactiontarget" style=";display:none"><input id="ToolbarOkCode" ct="CBS" lsdata='{"x":0,"1":"FREETEXT","3":"ToolbarOkCode_TALB","6":"NONE","13":"o","14":"SERVER","21":{"SID":"wnd[0]/tbar[0]/okcd","Type":"GuiOKCodeField","display":"X"},"22":"psokcd"}' lsevents='{"Enter":[{},{"1":"vkey/0/ses[0]","2":true}],"Change":[{},{"1":"okcode/ses[0]"}],"Select":[{},{"1":"value","3":true}],"DeleteItem":[{},{"3":true}],"ListAccess":[{},{"3":true,"8":"typeahead"}],"FieldHelpPress":[{},{"1":"value","3":true}],"ActionItemActivate":[{},{"1":"vkey/0/ses[0]","2":true}]}' data-hint="&#x7b;&#x22;WebAssistant&#x22;&#x3a;&#x7b;&#x22;id&#x22;&#x3a;&#x7b;&#x22;id&#x22;&#x3a;&#x22;wnd&#x5b;0&#x5d;&#x2f;tbar&#x5b;0&#x5d;&#x2f;okcd&#x22;,&#x22;dynp&#x22;&#x3a;&#x22;SAPMF05L&#x3a;100&#x3a;FB03&#x22;&#x7d;&#x7d;&#x7d;" type="text" data-sap-ls-accesskey="o" accesskey="o" autocomplete="off" maxlength="200" tabindex="0" ti="0" title="Enter&#x20;transaction&#x20;code" class="lsField__input" role="combobox" aria-haspopup="true" aria-controls="ToolbarOkCode_TALB" aria-expanded="false"/><span id="ToolbarOkCode-btn" class="lsField__help" tabindex="-1" ti="-1" aria-hidden="true"></span></span></span><span id="M0:56::btn[3]-r" data-priority="0" data-rightitem="false" class="lsToolbar--item lsToolbar--item-button  lsToolbar--item-left lsToolbar--item-hide" canHide="false"><div draggable="false" id="M0:56::btn[3]" ct="B" lsdata='{"0":"Back","4":"Back (F3)","18":"B","19":"F3","22":true,"26":"TOGGLE","27":"psbtn psbtn_nr_1","28":{"SID":"wnd[0]/tbar[0]/btn[3]","Type":"GuiButton","SubType":"toolbar"}}' lsevents='{"Press":[{},{"1":"action/3","2":true,"3":true}]}' data-hint="&#x7b;&#x22;WebAssistant&#x22;&#x3a;&#x7b;&#x22;id&#x22;&#x3a;&#x7b;&#x22;id&#x22;&#x3a;&#x22;wnd&#x5b;0&#x5d;&#x2f;tbar&#x5b;0&#x5d;&#x2f;btn&#x5b;3&#x5d;&#x22;,&#x22;dynp&#x22;&#x3a;&#x22;SAPMF05L&#x3a;100&#x3a;FB03&#x22;&#x7d;&#x7d;&#x7d;" role="button" title="Back&#x20;&#x28;F3&#x29;" data-sap-ls-accesskey="B" accesskey="B" tabindex="0" ti="0" class="lsButton lsButton--base urInlineMetricTop urNoUserSelect psbtn psbtn_nr_1 urBtnRadius  lsButton--useintoolbar  lsButton--active  lsButton--focusable  lsButton--up lsButton--behaviour-toggle lsButton--design-standard "><span id="M0:56::btn[3]-cnt" class="urNoUserSelect lsButton--content lsControl--centeraligned" role="presentation"><span class="lsButton__text  lsControl--noWrapping" id="M0:56::btn[3]-caption"><span class="urAccessKey" >B</span>ack</span></span></div></span><span id="M0:48::btn[20]-r" data-priority="0" data-rightitem="false" class="lsToolbar--item lsToolbar--item-button  lsToolbar--item-left" canHide="false"><div draggable="false" id="M0:48::btn[20]" ct="B" lsdata='{"0":"Document List","4":"Create Document List/Find Documents (Shift+F8)","18":"D","19":"SHIFT_F8","22":true,"26":"TOGGLE","27":"psbtn","28":{"SID":"wnd[0]/tbar[1]/btn[20]","Type":"GuiButton","SubType":"toolbar"}}' lsevents='{"Press":[{},{"1":"action/3","2":true,"3":true}]}' data-hint="&#x7b;&#x22;WebAssistant&#x22;&#x3a;&#x7b;&#x22;id&#x22;&#x3a;&#x7b;&#x22;id&#x22;&#x3a;&#x22;wnd&#x5b;0&#x5d;&#x2f;tbar&#x5b;1&#x5d;&#x2f;btn&#x5b;20&#x5d;&#x22;,&#x22;dynp&#x22;&#x3a;&#x22;SAPMF05L&#x3a;100&#x3a;FB03&#x22;&#x7d;&#x7d;&#x7d;" role="button" title="Create&#x20;Document&#x20;List&#x2f;Find&#x20;Documents&#x20;&#x28;Shift&#x2b;F8&#x29;" data-sap-ls-accesskey="D" accesskey="D" tabindex="0" ti="0" class="lsButton lsButton--base urInlineMetricTop urNoUserSelect psbtn urBtnRadius  lsButton--useintoolbar  lsButton--active  lsButton--focusable  lsButton--up lsButton--behaviour-toggle lsButton--design-standard "><span id="M0:48::btn[20]-cnt" class="urNoUserSelect lsButton--content lsControl--centeraligned" role="presentation"><span class="lsButton__text  lsControl--noWrapping" id="M0:48::btn[20]-caption"><span class="urAccessKey" >D</span>ocument List</span></span></div></span><span id="M0:48::btn[18]-r" data-priority="0" data-rightitem="false" class="lsToolbar--item lsToolbar--item-button  lsToolbar--item-left" canHide="false"><div draggable="false" id="M0:48::btn[18]" ct="B" lsdata='{"0":"First Item","4":"Display First Line Item (Shift+F6)","18":"F","19":"SHIFT_F6","22":true,"26":"TOGGLE","27":"psbtn","28":{"SID":"wnd[0]/tbar[1]/btn[18]","Type":"GuiButton","SubType":"toolbar"}}' lsevents='{"Press":[{},{"1":"action/3","2":true,"3":true}]}' data-hint="&#x7b;&#x22;WebAssistant&#x22;&#x3a;&#x7b;&#x22;id&#x22;&#x3a;&#x7b;&#x22;id&#x22;&#x3a;&#x22;wnd&#x5b;0&#x5d;&#x2f;tbar&#x5b;1&#x5d;&#x2f;btn&#x5b;18&#x5d;&#x22;,&#x22;dynp&#x22;&#x3a;&#x22;SAPMF05L&#x3a;100&#x3a;FB03&#x22;&#x7d;&#x7d;&#x7d;" role="button" title="Display&#x20;First&#x20;Line&#x20;Item&#x20;&#x28;Shift&#x2b;F6&#x29;" data-sap-ls-accesskey="F" accesskey="F" tabindex="0" ti="0" class="lsButton lsButton--base urInlineMetricTop urNoUserSelect psbtn urBtnRadius  lsButton--useintoolbar  lsButton--active  lsButton--focusable  lsButton--up lsButton--behaviour-toggle lsButton--design-standard "><span id="M0:48::btn[18]-cnt" class="urNoUserSelect lsButton--content lsControl--centeraligned" role="presentation"><span class="lsButton__text  lsControl--noWrapping" id="M0:48::btn[18]-caption"><span class="urAccessKey" >F</span>irst Item</span></span></div></span><span id="M0:48::btn[16]-r" data-priority="0" data-rightitem="false" class="lsToolbar--item lsToolbar--item-button  lsToolbar--item-left" canHide="false"><div draggable="false" id="M0:48::btn[16]" ct="B" lsdata='{"0":"Editing Options","4":"Call Up Editing Options for Accounting (Shift+F4)","18":"E","19":"SHIFT_F4","22":true,"26":"TOGGLE","27":"psbtn","28":{"SID":"wnd[0]/tbar[1]/btn[16]","Type":"GuiButton","SubType":"toolbar"}}' lsevents='{"Press":[{},{"1":"action/3","2":true,"3":true}]}' data-hint="&#x7b;&#x22;WebAssistant&#x22;&#x3a;&#x7b;&#x22;id&#x22;&#x3a;&#x7b;&#x22;id&#x22;&#x3a;&#x22;wnd&#x5b;0&#x5d;&#x2f;tbar&#x5b;1&#x5d;&#x2f;btn&#x5b;16&#x5d;&#x22;,&#x22;dynp&#x22;&#x3a;&#x22;SAPMF05L&#x3a;100&#x3a;FB03&#x22;&#x7d;&#x7d;&#x7d;" role="button" title="Call&#x20;Up&#x20;Editing&#x20;Options&#x20;for&#x20;Accounting&#x20;&#x28;Shift&#x2b;F4&#x29;" data-sap-ls-accesskey="E" accesskey="E" tabindex="0" ti="0" class="lsButton lsButton--base urInlineMetricTop urNoUserSelect psbtn urBtnRadius  lsButton--useintoolbar  lsButton--active  lsButton--focusable  lsButton--up lsButton--behaviour-toggle lsButton--design-standard "><span id="M0:48::btn[16]-cnt" class="urNoUserSelect lsButton--content lsControl--centeraligned" role="presentation"><span class="lsButton__text  lsControl--noWrapping" id="M0:48::btn[16]-caption"><span class="urAccessKey" >E</span>diting Options</span></span></div></span><span id="u20B6B" data-rightitem="false" ct="TBARSEP" lsdata='{"x":0,"1":{"SID":"wnd[0]/tbar[0]/tbars[0]","Type":"GuiToolBarSeparator"}}' data-separator="true" role="separator" class="lsToolbarSeparator--line lsToolbarSeparator--separator lsToolbarSeparator--large lsToolbar--item-left lsToolbar--item lsToolbar--item-separator" canHide="false"></span><span id="u20B3A-r" data-priority="0" data-rightitem="false" class="lsToolbar--item lsToolbar--item-button  lsToolbar--item-left lsToolbar--overflowButton lsToolbar--item-ellipsis" canHide="false"><div draggable="false" id="u20B3A" ct="B" lsdata='{"x":0,"4":"More","10":true,"12":"sap-icon://overflow"}' role="button" title="More" tabindex="0" ti="0" class="lsButton lsButton--base urInlineMetricTop urNoUserSelect urBtnRadius  lsButton--onlyImage  lsButton--useintoolbar  lsButton--toolbar-image  lsButton--active  lsButton--focusable  urBtnImgBgColor  lsButton--up lsButton--design-standard "><span id="u20B3A-cnt" class="urNoUserSelect lsButton--content lsControl--centeraligned" role="presentation"><span border="0" id="u20B3A-img" data-src="sap-icon&#x3a;&#x2f;&#x2f;overflow" data-sap-ls-icon="&#xe1f2;" aria-hidden="true" class="urImgBtn lsButton__image lsIcon lsFontIcon lsIcon-sapicon"></span><span class="lsButton--onlyImage-pusher" aria-hidden="true">&nbsp;</span></span></div></span></div><div class="lsToolbar--hierarchicalView" id="u20B38-hierarchicalView"></div></div></div></div></div><div id="u20B35" ct="ViewContainer" lsdata='{"0":"NONE"}' class="lsControl--invisible"><div id="u20B36" ct="CO"></div></div></div>]]></content></control-update><control-update id="msgarea"><content><![CDATA[<div border="0" cellpadding="0" cellspacing="0" id="msgarea-r" role="presentation" class="lsToolbar--root-container lsToolbar--root-floating"><div id="msgarea" ct="T" lsdata='{"0":"msgarea","1":"FOOTER","7":true,"9":false,"10":{"SID":"wnd[0]/sbar","Type":"FioriStatusBar"},"11":"pssbar lsFooterBar--floating","14":false}' role="presentation" class="lsToolbar lsToolbar--standards-overflow  lsToolbar--standards lsToolbar--noBorder sapContrast sapContrastPlus lsTwhlFooter lsToolbar--design-default pssbar lsFooterBar--floating"><div role="toolbar" aria-roledescription="Toolbar&#x20;with&#x20;overflow" id="msgarea-itms" class="lsToolbar--standards-leftItems lsToolbar--noFixedRightItems"><div tabindex="0" ti="0" class="lsControl--invisible pssbarmsg lsMessageBar lsMessageBar--nowrapping lsMessageBar--width-default lsMessageBar--ruleBottom lsMessageBar--transparent" id="wnd[0]/sbar_msg" ct="MB" lsdata='{"x":0,"1":"TEXT","3":"NONE","9":"pssbarmsg","11":{"SID":"wnd[0]/sbar_msg","Type":"MESSAGEBAR","visibility":2,"messageType":"","applicationText":""},"12":false,"13":true}' aria-labelledby="wnd&#x5b;0&#x5d;&#x2f;sbar_msg-arialabel" role="note" aria-roledescription="Information&#x20;Bar" aria-live="assertive"><span class="lsControl--invisible " id="wnd[0]/sbar_msg-arialabel">Message Bar</span><span id="wnd[0]/sbar_msg-icon" class="lsMessageBar__icon lsMessageBar__image lsMessageBar__icon--Text lsMessageBar__image--Text"></span><span role="presentation" aria-hidden="true" id="wnd[0]/sbar_msg-txt" class="lsMessageBar__text lsMessageBar__text--overflow lsMessageBar__text--typeText" class="lsMessageBar__text "></span></div><span id="msgarea-rightItems-pusher" class="lsToolbar-rightItems-pusher" data-separator="true"></span><span id="M0:50::btn[0]-r" data-priority="0" data-rightitem="true" class="lsToolbar--item lsToolbar--item-button  lsToolbar--item-right" canHide="false"><div draggable="false" id="M0:50::btn[0]" ct="B" lsdata='{"0":"Continue","2":"EMPHASIZED","4":"Continue (Enter)","18":"C","19":"ENTER","22":true,"26":"TOGGLE","27":"psbtn","28":{"SID":"wnd[0]/tbar[0]/btn[0]","Type":"GuiButton","SubType":"toolbar"}}' lsevents='{"Press":[{},{"0":"GuiOkCodeButton","1":"vkey/0/ses[0]","2":true}]}' data-hint="&#x7b;&#x22;WebAssistant&#x22;&#x3a;&#x7b;&#x22;id&#x22;&#x3a;&#x7b;&#x22;id&#x22;&#x3a;&#x22;wnd&#x5b;0&#x5d;&#x2f;tbar&#x5b;0&#x5d;&#x2f;btn&#x5b;0&#x5d;&#x22;,&#x22;dynp&#x22;&#x3a;&#x22;SAPMF05L&#x3a;100&#x3a;FB03&#x22;&#x7d;&#x7d;&#x7d;" role="button" title="Continue&#x20;&#x28;Enter&#x29;" data-sap-ls-accesskey="C" accesskey="C" tabindex="0" ti="0" class="lsButton lsButton--base urInlineMetricTop urNoUserSelect psbtn urBtnRadius  lsButton--useintoolbar  lsButton--active  lsButton--focusable  lsButton--up lsButton--design-emphasized"><span id="M0:50::btn[0]-cnt" class="urNoUserSelect lsButton--content lsControl--centeraligned lsButton--content-design" role="presentation"><span class="lsButton__text  lsControl--noWrapping" id="M0:50::btn[0]-caption"><span class="urAccessKey" >C</span>ontinue</span></span><span class="lsControl--pseudoHidden" id="M0:50::btn[0]-ariadescribedby">&nbsp;Emphasized</span></div></span></div><div id="msgarea-ovflPusher" class="urNoUserSelect lsToolbar--overflowButton-container lsToolbar--standards-overflowButton--hidden lsToolbar--overflowButton-lastItem"><span role="presentation" aria-hidden="true" class="urNoUserSelect lsToolbar--standards-overflowButton-pusher">x</span><div id="msgarea-hiddenOpener" tabindex="0" ti="0" title="More" class="lsToolbar--standards-overflowButton lsToolbar--standards-overflowButton-active" role="button" aria-haspopup="true" aria-label="More"></div></div><div class="lsToolbar--hierarchicalView" id="msgarea-hierarchicalView"></div></div></div>]]></content></control-update><control-update id="userpanel"><content><![CDATA[<div id="userpanel" ct="PLP" class="lsPagelayout__panel lsPagelayout__panel--center psusr "><div id="M0:46" ct="RL" lsdata='{"0":4.00,"2":1.25,"4":{"SID":"wnd[0]/usr","Type":"GuiUserArea"},"6":"AUTO"}' lsevents='{"Scroll":[{},{"posX":0,"posY":0}]}' bNoPosRefContainer="X" lsscrl="true" role="presentation" class="lsRasterLayout  lsRL--relative lsRL--scrollingmode-auto lsRasterLayout--lrpad lsResponsivePadding" style=";height:100%;width:100%"><div ct="RLI" lsdata='{"0":8,"2":392,"3":40}' id="u20B93" bNoPosRefContainer="X" class="lsRLItemCnt   lsRasterLayout--item-vAlign-middle lsRasterLayout--item-hAlign-start  lsRasterLayout--item lsRL--absolute" style=";text-align:left;margin-top:32px;height:160px;width:490px;margin-left:0px"><table border="0" cellpadding="0" cellspacing="0" id="M0:46:::1:0" ct="G" lsdata='{"0":"100%","1":"Keys for Entry View","3":"HIDE","11":2,"12":"psbox","13":{"SID":"wnd[0]/usr/boxFRAME_01","Type":"GuiBox"}}' data-hint="&#x7b;&#x22;WebAssistant&#x22;&#x3a;&#x7b;&#x22;id&#x22;&#x3a;&#x7b;&#x22;id&#x22;&#x3a;&#x22;wnd&#x5b;0&#x5d;&#x2f;usr&#x2f;boxFRAME_01&#x22;,&#x22;dynp&#x22;&#x3a;&#x22;SAPMF05L&#x3a;100&#x3a;FB03&#x22;,&#x22;name&#x22;&#x3a;&#x22;FRAME_01&#x22;&#x7d;&#x7d;&#x7d;" class="lsPanel lsPanel--padless urGrpWhlWeb1 urGrpWhlBrd psbox lsGroup__layout--fixed lsControl--fullheight lsControl--fullwidth" role="group" aria-label="Keys&#x20;for&#x20;Entry&#x20;View"><tbody><tr><td id="M0:46:::1:0-title" role="heading" aria-level="2" class="lsPanel__title lsGroup__title lsGroup_title_ellipsis psboxHeader urGrpTtlWeb1"><span id="M0:46:::1:0-groupheader" class="lsGroup__header--nowrapping">Keys for Entry View</span></td></tr><tr><td valign="top" id="M0:46:::1:0-cnt" class="lsGroupContent urGrpBdyWeb1 lsGroup__ContentContainer--border lsControl--fullheight psboxContent"><table id="M0:46:::1:0-scrl-r" cellpadding="0" cellspacing="0" border="0" class="lsScrollArea--astable lsControl--fullheight lsControl--fullwidth" role="presentation"><tbody><tr><td valign="top" class="lsScrollArea__outer"><div id="M0:46:::1:0-scrl" class="urScrl urBorderBox lsScrollArea__inner lsControl--noscroll lsControl--fullheight lsControl--fullwidth"><div id="M0:46:::1:0-scrl-cnt" class="lsScrollArea__content lsScrollArea__content--height  urBorderBox lsScrollArea__content--position lsScrollArea__content--top"><div id="M0:46:::1:0_rl" ct="RL" lsdata='{"0":4.00,"2":1.25}' bNoPosRefContainer="X" role="presentation" class="lsRasterLayout  lsRL--absolute" style=";height:96px;width:360px"><div ct="RLI" lsdata='{"x":0,"1":8,"2":192,"3":8,"7":true}' id="u20B8B" bNoPosRefContainer="X" class="lsRLItemCnt   lsRasterLayout--item-vAlign-middle lsRasterLayout--item-hAlign-start  lsRasterLayout--item lsRL--absolute" style=";text-align:left;margin-top:0px;height:32px;width:240px;margin-left:10px"><span id="M0:46:::2:1-r" class="lsLabel--root"><label ct="L" lsdata='{"x":0,"1":"M0:46:::2:25","3":"Document Number","7":"100%","9":false,"12":"D","13":"ENDOFLINE","14":true,"15":true,"19":{"SID":"wnd[0]/usr/lblRF05L-BELNR","Type":"GuiLabel","focusable":"X"},"20":"pslbl"}' id="M0:46:::2:1" bHasTabStop="false" for="M0:46:::2:25" class="lsLabel lsLabel--valign lsControl--endaligned  lsLabel--standalone lsControl--fullwidth lsLabel--wrapping lsLabel--designbar-colon pslbl"><span id="M0:46:::2:1-text" class="lsLabel__text lsLabel__text--overflow"><span class="urAccessKey" >D</span>ocument Number</span></label></span></div><div ct="RLI" lsdata='{"x":0,"1":200,"2":88,"3":8}' id="u20B8C" bNoPosRefContainer="X" class="lsRLItemCnt   lsRasterLayout--item-vAlign-middle lsRasterLayout--item-hAlign-start  lsRasterLayout--item lsRL--absolute" style=";text-align:left;margin-top:0px;height:32px;width:110px;margin-left:250px"><table id="M0:46:::2:25-r" class="lsField lsField--empty lsField--standalone pstxt lsField--explicitwidth lsField--monospace lsField--hasellipsis lsField--list lsField--interactiontarget lsField--beginofline" role="presentation" style=";width:100%;table-layout:fixed"><tr><td class="lsField__inputcontainer"><input id="M0:46:::2:25" ct="CBS" lsdata='{"x":0,"1":"FREETEXT","3":"M0:46:::2:25_TALB","7":true,"13":"D","14":"SERVER","17":false,"20":false,"21":{"SID":"wnd[0]/usr/txtRF05L-BELNR","Type":"GuiTextField","maxlen":10,"focusable":"X"},"22":"pstxt","29":"M0:46:::2:1"}' lsevents='{"Change":[{},{"1":"value","3":true,"7":true}],"Select":[{},{"1":"value","3":true,"7":true}],"Validate":[{},{}],"DeleteItem":[{},{"3":true}],"ListAccess":[{"ResponseData":"delta","TransportMethod":"full","EnqueueCardinality":"none"},{"3":true,"8":"history","limitlen":"X"}],"ClipboardTablePaste":[{},{"0":"GuiTextField","1":"action/25","2":true,"3":true}]}' data-hint="&#x7b;&#x22;WebAssistant&#x22;&#x3a;&#x7b;&#x22;id&#x22;&#x3a;&#x7b;&#x22;id&#x22;&#x3a;&#x22;wnd&#x5b;0&#x5d;&#x2f;usr&#x2f;txtRF05L-BELNR&#x22;,&#x22;dynp&#x22;&#x3a;&#x22;SAPMF05L&#x3a;100&#x3a;FB03&#x22;,&#x22;name&#x22;&#x3a;&#x22;RF05L-BELNR&#x22;&#x7d;&#x7d;&#x7d;" type="text" data-sap-ls-accesskey="D" accesskey="D" autocomplete="off" maxlength="10" tabindex="0" ti="0" title="Document&#x20;Number&#x20;of&#x20;an&#x20;Accounting&#x20;Document" class="lsField__input" role="textbox" aria-labelledby="M0&#x3a;46&#x3a;&#x3a;&#x3a;2&#x3a;1" name="InputField"/></td></tr></table></div><div ct="RLI" lsdata='{"0":8,"1":8,"2":192,"3":8,"7":true}' id="u20B8D" bNoPosRefContainer="X" class="lsRLItemCnt   lsRasterLayout--item-vAlign-middle lsRasterLayout--item-hAlign-start  lsRasterLayout--item lsRL--absolute" style=";text-align:left;margin-top:32px;height:32px;width:240px;margin-left:10px"><span id="M0:46:::3:1-r" class="lsLabel--root"><label ct="L" lsdata='{"x":0,"1":"M0:46:::3:25","3":"Company Code","7":"100%","9":false,"12":"C","13":"ENDOFLINE","14":true,"15":true,"19":{"SID":"wnd[0]/usr/lblRF05L-BUKRS","Type":"GuiLabel","focusable":"X"},"20":"pslbl"}' id="M0:46:::3:1" bHasTabStop="false" for="M0:46:::3:25" class="lsLabel lsLabel--valign lsControl--endaligned  lsLabel--standalone lsControl--fullwidth lsLabel--wrapping lsLabel--designbar-colon pslbl"><span id="M0:46:::3:1-text" class="lsLabel__text lsLabel__text--overflow"><span class="urAccessKey" >C</span>ompany Code</span></label></span></div><div ct="RLI" lsdata='{"0":8,"1":200,"2":40,"3":8}' id="u20B8E" bNoPosRefContainer="X" class="lsRLItemCnt   lsRasterLayout--item-vAlign-middle lsRasterLayout--item-hAlign-start  lsRasterLayout--item lsRL--absolute" style=";text-align:left;margin-top:32px;height:32px;width:50px;margin-left:250px"><table id="M0:46:::3:25-r" class="lsField lsField--empty lsField--standalone pstxt lsField--explicitwidth lsField--monospace lsField--hasellipsis lsField--showhelpalways lsField--appendhelp lsField--f4 lsField--interactiontarget lsField--beginofline" role="presentation" style=";width:100%;table-layout:fixed"><tr><td class="lsField__inputcontainer"><input id="M0:46:::3:25" ct="CBS" lsdata='{"x":0,"1":"FREETEXT","3":"M0:46:::3:25_TALB","7":true,"12":true,"13":"C","14":"SERVER","16":true,"20":false,"21":{"SID":"wnd[0]/usr/ctxtRF05L-BUKRS","Type":"GuiCTextField","maxlen":4,"focusable":"X"},"22":"pstxt","29":"M0:46:::3:1"}' lsevents='{"Change":[{},{"1":"value","3":true,"7":true}],"Select":[{},{"1":"value","3":true,"7":true}],"Validate":[{},{}],"DeleteItem":[{},{"3":true}],"ListAccess":[{"ResponseData":"delta","TransportMethod":"full","EnqueueCardinality":"none"},{"3":true,"8":"typeahead","maxlen":0,"parentid":"USRAREA"}],"FieldHelpPress":[{},{"1":"vkey/4","2":true,"5":true}],"ActionItemActivate":[{},{"1":"vkey/0/ses[0]","2":true}],"ClipboardTablePaste":[{},{"0":"GuiTextField","1":"action/25","2":true,"3":true}]}' data-hint="&#x7b;&#x22;WebAssistant&#x22;&#x3a;&#x7b;&#x22;id&#x22;&#x3a;&#x7b;&#x22;id&#x22;&#x3a;&#x22;wnd&#x5b;0&#x5d;&#x2f;usr&#x2f;ctxtRF05L-BUKRS&#x22;,&#x22;dynp&#x22;&#x3a;&#x22;SAPMF05L&#x3a;100&#x3a;FB03&#x22;,&#x22;name&#x22;&#x3a;&#x22;RF05L-BUKRS&#x22;&#x7d;&#x7d;&#x7d;" type="text" data-sap-ls-accesskey="C" accesskey="C" autocomplete="off" tabindex="0" ti="0" title="Company&#x20;Code" class="lsField__input" role="textbox" aria-haspopup="true" aria-describedby="&#x20;ARIA_CB_F4Lookup_TUT" aria-labelledby="M0&#x3a;46&#x3a;&#x3a;&#x3a;3&#x3a;1" name="InputField"/></td></tr></table></div><div ct="RLI" lsdata='{"0":16,"1":8,"2":192,"3":8,"7":true}' id="u20B8F" bNoPosRefContainer="X" class="lsRLItemCnt   lsRasterLayout--item-vAlign-middle lsRasterLayout--item-hAlign-start  lsRasterLayout--item lsRL--absolute" style=";text-align:left;margin-top:64px;height:32px;width:240px;margin-left:10px"><span id="M0:46:::4:1-r" class="lsLabel--root"><label ct="L" lsdata='{"x":0,"1":"M0:46:::4:25","3":"Fiscal Year","7":"100%","9":false,"12":"F","13":"ENDOFLINE","14":true,"15":true,"19":{"SID":"wnd[0]/usr/lblRF05L-GJAHR","Type":"GuiLabel","focusable":"X"},"20":"pslbl"}' id="M0:46:::4:1" bHasTabStop="false" for="M0:46:::4:25" class="lsLabel lsLabel--valign lsControl--endaligned  lsLabel--standalone lsControl--fullwidth lsLabel--wrapping lsLabel--designbar-colon pslbl"><span id="M0:46:::4:1-text" class="lsLabel__text lsLabel__text--overflow"><span class="urAccessKey" >F</span>iscal Year</span></label></span></div><div ct="RLI" lsdata='{"0":16,"1":200,"2":40,"3":8}' id="u20B90" bNoPosRefContainer="X" class="lsRLItemCnt   lsRasterLayout--item-vAlign-middle lsRasterLayout--item-hAlign-start  lsRasterLayout--item lsRL--absolute" style=";text-align:left;margin-top:64px;height:32px;width:50px;margin-left:250px"><table id="M0:46:::4:25-r" class="lsField lsField--empty lsField--standalone pstxt lsField--explicitwidth lsField--monospace lsField--hasellipsis lsField--list lsField--interactiontarget lsField--beginofline" role="presentation" style=";width:100%;table-layout:fixed"><tr><td class="lsField__inputcontainer"><input id="M0:46:::4:25" ct="CBS" lsdata='{"x":0,"1":"FREETEXT","3":"M0:46:::4:25_TALB","7":true,"13":"F","14":"SERVER","17":false,"20":false,"21":{"SID":"wnd[0]/usr/txtRF05L-GJAHR","Type":"GuiTextField","maxlen":4,"focusable":"X"},"22":"pstxt","29":"M0:46:::4:1"}' lsevents='{"Change":[{},{"1":"value","3":true,"7":true}],"Select":[{},{"1":"value","3":true,"7":true}],"Validate":[{},{}],"DeleteItem":[{},{"3":true}],"ListAccess":[{"ResponseData":"delta","TransportMethod":"full","EnqueueCardinality":"none"},{"3":true,"8":"history","limitlen":"X"}],"ClipboardTablePaste":[{},{"0":"GuiTextField","1":"action/25","2":true,"3":true}]}' data-hint="&#x7b;&#x22;WebAssistant&#x22;&#x3a;&#x7b;&#x22;id&#x22;&#x3a;&#x7b;&#x22;id&#x22;&#x3a;&#x22;wnd&#x5b;0&#x5d;&#x2f;usr&#x2f;txtRF05L-GJAHR&#x22;,&#x22;dynp&#x22;&#x3a;&#x22;SAPMF05L&#x3a;100&#x3a;FB03&#x22;,&#x22;name&#x22;&#x3a;&#x22;RF05L-GJAHR&#x22;&#x7d;&#x7d;&#x7d;" type="text" data-sap-ls-accesskey="F" accesskey="F" autocomplete="off" maxlength="4" tabindex="0" ti="0" title="Fiscal&#x20;Year" class="lsField__input" role="textbox" aria-labelledby="M0&#x3a;46&#x3a;&#x3a;&#x3a;4&#x3a;1" name="InputField"/></td></tr></table></div></div></div></div></td></tr></tbody></table></td></tr></tbody></table></div><div ct="RLI" id="u20B94" bNoPosRefContainer="X" class="lsRLItemCnt   lsRasterLayout--item-vAlign-middle lsRasterLayout--item-hAlign-start  lsRasterLayout--item lsRL--absolute" style=";text-align:left;margin-top:0px;width:0px;margin-left:0px"><span class="urNoUserSelect lsMnu-root-initstyles lsMnu--contextmenu" id="mnu0_2711-r" style=";position:absolute;left:25"><xmp class="lsControl--invisible"><div id="mnu0_2711-container" class="urMnu lsPOMNContainer lsPopupMenu__metaData" class="lsMnu-display-inline-block"><div id="mnu0_2711-header-tooltip" class="urMnuTooltipHeader urMnuRow lsElement--invisible"></div><div id="mnu0_2711-header-text" class="urMnuTextHeader urMnuRow lsElement--invisible" style=";display:none"></div><div id="mnu0_2711-header-datatip" class="urMnuDatatipHeader urMnuRow lsElement--invisible" style=";display:none"></div><div id="mnu0_2711-scrlup" class="urMnuScr urMnuScrUp lsElement--invisible"><img width="1px" src="/sap/public/icmandir/its/1x1.gif"/></div><div id="mnu0_2711-cnt" class="lsMnuCnt" style=";width:100%;overflow:hidden"><table border="0" cellpadding="0" cellspacing="0" id="mnu0_2711" ct="POMN" lsdata='{"x":0,"6":{"SID":"wnd[0]/usr/mnu","Type":"GuiMenu","ModalNo":0},"7":true}' lsevents='{"Select":[{},{"1":"action/4","2":true}]}' class="lsMnuTable" role="menu" style=";width:100%"><col/><col/><col/><col/><col/><tbody><tr ct="POMNI" lsdata='{"x":0,"1":"Continue","15":"ENTER","18":{"SID":"wnd[0]/usr/mnu/menu[0]","Type":"GuiMenu"}}' id="wnd[0]/usr/mnu/menu[0]" role="menuitem" aria-posinset="1" aria-setsize="9" aria-label="Continue&#x20;&#x28;Enter&#x29;" td="ltr" class="urMnuRowOff lsMnuItemHeight"><td class="urMnuColumn urMnuColumnColor"><span class="lsMnuNbsp">&nbsp;</span></td><td class="urMnuIconColumnColor lsMenuItemIcon lsMnuNoIcon"><span class="lsMnuNbsp">&nbsp;</span></td><td class="urMnuTxt"><span style=";white-space:nowrap">Continue</span></td><td class="urMnuTxt lsMnuHK" style=";white-space:nowrap">&nbsp;(Enter)</td><td><span class="urMnuSub lsMirrorRtl">&nbsp;</span></td></tr><tr ct="POMNI" lsdata='{"x":0,"1":"Help","15":"F1","18":{"SID":"wnd[0]/usr/mnu/menu[1]","Type":"GuiMenu"}}' id="wnd[0]/usr/mnu/menu[1]" role="menuitem" aria-posinset="2" aria-setsize="9" aria-label="Help&#x20;&#x28;F1&#x29;" td="ltr" class="urMnuRowOff lsMnuItemHeight"><td class="urMnuColumn urMnuColumnColor"><span class="lsMnuNbsp">&nbsp;</span></td><td class="urMnuIconColumnColor lsMenuItemIcon lsMnuNoIcon"><span class="lsMnuNbsp">&nbsp;</span></td><td class="urMnuTxt"><span style=";white-space:nowrap">Help</span></td><td class="urMnuTxt lsMnuHK" style=";white-space:nowrap">&nbsp;(F1)</td><td><span class="urMnuSub lsMirrorRtl">&nbsp;</span></td></tr><tr ct="POMNI" lsdata='{"x":0,"1":"Back","15":"F3","18":{"SID":"wnd[0]/usr/mnu/menu[2]","Type":"GuiMenu"}}' id="wnd[0]/usr/mnu/menu[2]" role="menuitem" aria-posinset="3" aria-setsize="9" aria-label="Back&#x20;&#x28;F3&#x29;" td="ltr" class="urMnuRowOff lsMnuItemHeight"><td class="urMnuColumn urMnuColumnColor"><span class="lsMnuNbsp">&nbsp;</span></td><td class="urMnuIconColumnColor lsMenuItemIcon lsMnuNoIcon"><span class="lsMnuNbsp">&nbsp;</span></td><td class="urMnuTxt"><span style=";white-space:nowrap">Back</span></td><td class="urMnuTxt lsMnuHK" style=";white-space:nowrap">&nbsp;(F3)</td><td><span class="urMnuSub lsMirrorRtl">&nbsp;</span></td></tr><tr ct="POMNI" lsdata='{"x":0,"1":"Possible Entries","15":"F4","18":{"SID":"wnd[0]/usr/mnu/menu[3]","Type":"GuiMenu"}}' id="wnd[0]/usr/mnu/menu[3]" role="menuitem" aria-posinset="4" aria-setsize="9" aria-label="Possible&#x20;Entries&#x20;&#x28;F4&#x29;" td="ltr" class="urMnuRowOff lsMnuItemHeight"><td class="urMnuColumn urMnuColumnColor"><span class="lsMnuNbsp">&nbsp;</span></td><td class="urMnuIconColumnColor lsMenuItemIcon lsMnuNoIcon"><span class="lsMnuNbsp">&nbsp;</span></td><td class="urMnuTxt"><span style=";white-space:nowrap">Possible Entries</span></td><td class="urMnuTxt lsMnuHK" style=";white-space:nowrap">&nbsp;(F4)</td><td><span class="urMnuSub lsMirrorRtl">&nbsp;</span></td></tr><tr ct="POMNI" lsdata='{"x":0,"1":"Cancel","15":"ESCAPE","18":{"SID":"wnd[0]/usr/mnu/menu[4]","Type":"GuiMenu"}}' id="wnd[0]/usr/mnu/menu[4]" role="menuitem" aria-posinset="5" aria-setsize="9" aria-label="Cancel&#x20;&#x28;Escape&#x29;" td="ltr" class="urMnuRowOff lsMnuItemHeight"><td class="urMnuColumn urMnuColumnColor"><span class="lsMnuNbsp">&nbsp;</span></td><td class="urMnuIconColumnColor lsMenuItemIcon lsMnuNoIcon"><span class="lsMnuNbsp">&nbsp;</span></td><td class="urMnuTxt"><span style=";white-space:nowrap">Cancel</span></td><td class="urMnuTxt lsMnuHK" style=";white-space:nowrap">&nbsp;(Escape)</td><td><span class="urMnuSub lsMirrorRtl">&nbsp;</span></td></tr><tr ct="POMNI" lsdata='{"x":0,"1":"Exit","15":"SHIFT_F3","18":{"SID":"wnd[0]/usr/mnu/menu[5]","Type":"GuiMenu"}}' id="wnd[0]/usr/mnu/menu[5]" role="menuitem" aria-posinset="6" aria-setsize="9" aria-label="Exit&#x20;&#x28;Shift&#x2b;F3&#x29;" td="ltr" class="urMnuRowOff lsMnuItemHeight"><td class="urMnuColumn urMnuColumnColor"><span class="lsMnuNbsp">&nbsp;</span></td><td class="urMnuIconColumnColor lsMenuItemIcon lsMnuNoIcon"><span class="lsMnuNbsp">&nbsp;</span></td><td class="urMnuTxt"><span style=";white-space:nowrap">Exit</span></td><td class="urMnuTxt lsMnuHK" style=";white-space:nowrap">&nbsp;(Shift+F3)</td><td><span class="urMnuSub lsMirrorRtl">&nbsp;</span></td></tr><tr ct="POMNI" lsdata='{"x":0,"1":"Editing Options","15":"SHIFT_F4","18":{"SID":"wnd[0]/usr/mnu/menu[6]","Type":"GuiMenu"}}' id="wnd[0]/usr/mnu/menu[6]" role="menuitem" aria-posinset="7" aria-setsize="9" aria-label="Editing&#x20;Options&#x20;&#x28;Shift&#x2b;F4&#x29;" td="ltr" class="urMnuRowOff lsMnuItemHeight"><td class="urMnuColumn urMnuColumnColor"><span class="lsMnuNbsp">&nbsp;</span></td><td class="urMnuIconColumnColor lsMenuItemIcon lsMnuNoIcon"><span class="lsMnuNbsp">&nbsp;</span></td><td class="urMnuTxt"><span style=";white-space:nowrap">Editing Options</span></td><td class="urMnuTxt lsMnuHK" style=";white-space:nowrap">&nbsp;(Shift+F4)</td><td><span class="urMnuSub lsMirrorRtl">&nbsp;</span></td></tr><tr ct="POMNI" lsdata='{"x":0,"1":"First Item","15":"SHIFT_F6","18":{"SID":"wnd[0]/usr/mnu/menu[7]","Type":"GuiMenu"}}' id="wnd[0]/usr/mnu/menu[7]" role="menuitem" aria-posinset="8" aria-setsize="9" aria-label="First&#x20;Item&#x20;&#x28;Shift&#x2b;F6&#x29;" td="ltr" class="urMnuRowOff lsMnuItemHeight"><td class="urMnuColumn urMnuColumnColor"><span class="lsMnuNbsp">&nbsp;</span></td><td class="urMnuIconColumnColor lsMenuItemIcon lsMnuNoIcon"><span class="lsMnuNbsp">&nbsp;</span></td><td class="urMnuTxt"><span style=";white-space:nowrap">First Item</span></td><td class="urMnuTxt lsMnuHK" style=";white-space:nowrap">&nbsp;(Shift+F6)</td><td><span class="urMnuSub lsMirrorRtl">&nbsp;</span></td></tr><tr ct="POMNI" lsdata='{"x":0,"1":"List","15":"SHIFT_F8","18":{"SID":"wnd[0]/usr/mnu/menu[8]","Type":"GuiMenu"}}' id="wnd[0]/usr/mnu/menu[8]" role="menuitem" aria-posinset="9" aria-setsize="9" aria-label="List&#x20;&#x28;Shift&#x2b;F8&#x29;" td="ltr" class="urMnuRowOff lsMnuItemHeight"><td class="urMnuColumn urMnuColumnColor"><span class="lsMnuNbsp">&nbsp;</span></td><td class="urMnuIconColumnColor lsMenuItemIcon lsMnuNoIcon"><span class="lsMnuNbsp">&nbsp;</span></td><td class="urMnuTxt"><span style=";white-space:nowrap">List</span></td><td class="urMnuTxt lsMnuHK" style=";white-space:nowrap">&nbsp;(Shift+F8)</td><td><span class="urMnuSub lsMirrorRtl">&nbsp;</span></td></tr></tbody></table></div><div id="mnu0_2711-scrldwn" class="urMnuScr urMnuScrDwn lsElement--invisible"><img width="1px" src="/sap/public/icmandir/its/1x1.gif"/></div><div id="mnu0_2711-pointer" class="lsQVPointer"></div></div></xmp></span></div></div></div>]]></content></control-update><initialize-ids><![CDATA[<span id="UCF_InitializeIDs" style="display:none">["u20B38","wnd[0]/sbar_msg","msgarea"]</span>]]></initialize-ids></delta-update></updates>