<feed xmlns="http://www.w3.org/2005/Atom" xmlns:m="http://schemas.microsoft.com/ado/2007/08/dataservices/metadata" xmlns:d="http://schemas.microsoft.com/ado/2007/08/dataservices" xml:base="https://icc1oqyc4ap02.pce.ibm.com:44303/sap/opu/odata/sap/Z_UXGET_IP_ADDRESS_SRV/"><id>https://icc1oqyc4ap02.pce.ibm.com:44303/sap/opu/odata/sap/Z_UXGET_IP_ADDRESS_SRV/IP_address_HeaderSet</id><title type="text">IP_address_HeaderSet</title><updated>2024-02-15T17:15:57Z</updated><author><name/></author><link href="IP_address_HeaderSet" rel="self" title="IP_address_HeaderSet"/><entry><id>https://icc1oqyc4ap02.pce.ibm.com:44303/sap/opu/odata/sap/Z_UXGET_IP_ADDRESS_SRV/IP_address_HeaderSet(User='',Status='9')</id><title type="text">IP_address_HeaderSet(User='',Status='9')</title><updated>2024-02-15T17:15:57Z</updated><category term="Z_UXGET_IP_ADDRESS_SRV.IP_address_Header" scheme="http://schemas.microsoft.com/ado/2007/08/dataservices/scheme"/><link href="IP_address_HeaderSet(User='',Status='9')" rel="self" title="IP_address_Header"/><content type="application/xml"><m:properties xmlns:m="http://schemas.microsoft.com/ado/2007/08/dataservices/metadata" xmlns:d="http://schemas.microsoft.com/ado/2007/08/dataservices"><d:User></d:User><d:Status>9</d:Status></m:properties></content></entry></feed>