<updates><delta-update windowid="sapwd_main_window"><control-update id="sapwd_main_window_hiddenArea_"><content><![CDATA[<div id="sapwd_main_window_hiddenArea_" ct="CO" lsdata='{}' class=""><div id="WD70" ct="LIB_PJS" lsdata='{"8":true,"19":"1220","20":false,"22":"&#x5b;&#x7b;&#x5c;&#x22;Label&#x5c;&#x22;&#x3a;&#x5c;&#x22;&#x5c;&#x22;,&#x5c;&#x22;Length&#x5c;&#x22;&#x3a;3,&#x5c;&#x22;Type&#x5c;&#x22;&#x3a;&#x5c;&#x22;Key&#x5c;&#x22;,&#x5c;&#x22;Visibility&#x5c;&#x22;&#x3a;&#x5c;&#x22;NONE&#x5c;&#x22;&#x7d;,&#x7b;&#x5c;&#x22;Label&#x5c;&#x22;&#x3a;&#x5c;&#x22;Posting&#x20;Date&#x20;From&#x5c;&#x22;,&#x5c;&#x22;Length&#x5c;&#x22;&#x3a;30,&#x5c;&#x22;Type&#x5c;&#x22;&#x3a;&#x5c;&#x22;Value&#x5c;&#x22;,&#x5c;&#x22;Visibility&#x5c;&#x22;&#x3a;&#x5c;&#x22;VISIBLE&#x5c;&#x22;&#x7d;,&#x7b;&#x5c;&#x22;Label&#x5c;&#x22;&#x3a;&#x5c;&#x22;Description&#x5c;&#x22;,&#x5c;&#x22;Length&#x5c;&#x22;&#x3a;60,&#x5c;&#x22;Type&#x5c;&#x22;&#x3a;&#x5c;&#x22;&#x5c;&#x22;,&#x5c;&#x22;Visibility&#x5c;&#x22;&#x3a;&#x5c;&#x22;NONE&#x5c;&#x22;&#x7d;&#x5d;","23":"&#x5b;&#x5d;","24":"&#x5b;&#x5d;"}' class="lsListbox&#x20;lsListbox--popup&#x20;lsListbox--jsonpopup&#x20;lsListbox--suggest" tabindex="-1" ti="-1" role="listbox" aria-labelledby="&#x20;WD70-ariaempty"><span id="WD70-aria" title="" class="lsControl--invisible"></span><span class="lsControl--invisible" id="WD70-ariaempty">Empty</span><div id="WD70-scrl" class="lsListbox__items" tabindex="-1" ti="-1" data-sap-ls-style="height:10em;"></div></div></div>]]></content></control-update><script-call><![CDATA[application.exec("setSuggestFilterCondition",{"controlId":"WD6F","filterCondition":"VALUE1"});]]></script-call><script-call><![CDATA[application.exec("openComboBox",{"controlId":"WD6F"});]]></script-call><script-call><![CDATA[application.exec("applyCustomStyles",{"styleBlockId":"_WD_CF_BFA163E5F6E501ED4A8988110671400B5","customStyle":"\x5b\x5d"});]]></script-call><initialize-ids><![CDATA[<span id="UCF_InitializeIDs" data-sap-ls-style="display:none">[]</span>]]></initialize-ids></delta-update></updates>